reef_name,event_year,event_type,recent_max_dhw,recent_max_wind,baseline_year,nadir_year,nadir_event_interval,baseline_hc,nadir_hc,loss_abs,positive_loss,rel_loss,rel_loss_clipped,yrs_since_last_dist,baseline_algae,baseline_macroalgae,baseline_juveniles,baseline_herbivores,cumulative_dhw_3yr,cumulative_wind_3yr,heatwave_years_3yr,storm_years_3yr,concurrent_years_3yr,max_consecutive_heatwave_3yr,max_consecutive_storm_3yr,cumulative_dhw_5yr,cumulative_wind_5yr,heatwave_years_5yr,storm_years_5yr,concurrent_years_5yr,max_consecutive_heatwave_5yr,max_consecutive_storm_5yr,cumulative_dhw_7yr,cumulative_wind_7yr,heatwave_years_7yr,storm_years_7yr,concurrent_years_7yr,max_consecutive_heatwave_7yr,max_consecutive_storm_7yr,cumulative_dhw_8yr,cumulative_wind_8yr,heatwave_years_8yr,storm_years_8yr,concurrent_years_8yr,max_consecutive_heatwave_8yr,max_consecutive_storm_8yr,reef_key,sector,region_lat,retention,modelled_hard_coral_sum_baseline,acropora_cover_baseline,acropora_prop_baseline,porites_cover_baseline,porites_prop_baseline,pocilloporidae_cover_baseline,pocilloporidae_prop_baseline,montipora_cover_baseline,montipora_prop_baseline,merulinidae_cover_baseline,merulinidae_prop_baseline,macroalgae_sum_baseline,modelled_hard_coral_sum_nadir,acropora_cover_nadir,acropora_prop_nadir,porites_cover_nadir,porites_prop_nadir,pocilloporidae_cover_nadir,pocilloporidae_prop_nadir,montipora_cover_nadir,montipora_prop_nadir,merulinidae_cover_nadir,merulinidae_prop_nadir,macroalgae_sum_nadir,composition_baseline_available,composition_nadir_available,composition_both_available,acropora_prop_hcdenom_baseline,porites_prop_hcdenom_baseline,pocilloporidae_prop_hcdenom_baseline,montipora_prop_hcdenom_baseline,merulinidae_prop_hcdenom_baseline,cat_algae_chrysocystis_baseline,cat_algae_coralline_algae_baseline,cat_algae_green_macroalgae_baseline,cat_algae_lobophora_baseline,cat_algae_other_baseline,cat_algae_other_brown_macroalgae_baseline,cat_algae_red_macroalgae_baseline,cat_algae_sargassaceae_baseline,cat_algae_turf_algae_baseline,cat_algae_unidentified_macroalgae_baseline,cat_macroalgae_chrysocystis_baseline,cat_macroalgae_green_macroalgae_baseline,cat_macroalgae_lobophora_baseline,cat_macroalgae_other_baseline,cat_macroalgae_other_brown_macroalgae_baseline,cat_macroalgae_red_macroalgae_baseline,cat_macroalgae_sargassaceae_baseline,cat_macroalgae_unidentified_macroalgae_baseline,cat_hard_coral_acropora_baseline,cat_hard_coral_agariciidae_baseline,cat_hard_coral_dendrophylliidae_baseline,cat_hard_coral_euphylliidae_baseline,cat_hard_coral_fungiidae_baseline,cat_hard_coral_goniopora_alveopora_baseline,cat_hard_coral_isopora_baseline,cat_hard_coral_lobophylliidae_baseline,cat_hard_coral_merulinidae_baseline,cat_hard_coral_montipora_baseline,cat_hard_coral_other_baseline,cat_hard_coral_pachyseris_baseline,cat_hard_coral_pocilloporidae_baseline,cat_hard_coral_porites_baseline,cat_hard_coral_rare_groups_baseline,cat_hard_coral_unidentified_baseline,cat_soft_coral_briareum_baseline,cat_soft_coral_cladiellidae_baseline,cat_soft_coral_clavulariidae_baseline,cat_soft_coral_gorgonian_like_baseline,cat_soft_coral_heliopora_baseline,cat_soft_coral_lemnaliadae_baseline,cat_soft_coral_lobophytum_baseline,cat_soft_coral_nephtheidae_baseline,cat_soft_coral_other_baseline,cat_soft_coral_other_encrusting_baseline,cat_soft_coral_sarcophyton_baseline,cat_soft_coral_sclerophytum_baseline,cat_soft_coral_tubipora_baseline,cat_soft_coral_unidentified_baseline,cat_soft_coral_xeniidae_baseline,baseline_hc_z,recent_max_dhw_z,recent_max_wind_z,heatwave_years_5yr_z,storm_years_5yr_z,yrs_since_last_dist_z,event_year_z
Agincourt_Reef_No_1,1999,Storm_Only,0.49,19.857384,1998,1999,0,31.34126412075912,35.806982350624786,-4.465718229865665,0.0,-0.1424868573475236,-0.1424868573475236,10,39.331749246290585,1.2583490249773637,,46.39334875362778,1.44,0.0,0,0,0,0,0,6.109999999999999,0.0,0,0,0,0,0,6.109999999999999,0.0,0,0,0,0,0,6.74,0.0,0,0,0,0,0,agincourt reef no 1,Central,-16.05227777777778,1.1424868573475235,30.989311060126063,13.369812309919354,0.43143302811666207,0.8702918377582584,0.028083613606953096,7.839157892684589,0.25296328393602885,,,1.9005053770995552,0.061327771159938274,1.215740532191316,35.48528278468215,17.118947069740276,0.4824238593113304,1.1174270372261568,0.03148987268909448,7.272175890733065,0.2049349848741301,,,1.9628349616888987,0.055314057199402994,0.9817044364411368,True,True,True,0.42658816371940017,0.027768242991252357,0.25012258160615364,,0.06063907855716456,,25.78055996164934,0.0,,,0.0,0.8239799291308522,,12.263158242929864,0.411020569312585,,0.0,,,0.0,0.8111119582536663,,0.4046285739376496,13.369812309919354,,,,,,3.578766318317101,,1.9005053770995552,,1.5547517488018363,,7.839157892684589,0.8702918377582584,,1.876025575545369,0.4629466876436323,,,,,,0.2439732454934941,3.670118181965275,1.2959153918718131,,,2.3537563870221443,,0.9074228938534936,16.982192234142047,0.462191284373769,-1.2712150037451482,0.49023758075208873,-0.8572574253355764,-0.5777592859729849,0.9213638212092281,-1.6005178181398094
Agincourt_Reef_No_1,2014,Storm_Only,0.0,19.80906675466956,2013,2017,3,15.184786656002323,12.949162076156034,2.2356245798462897,2.2356245798462897,0.1472279216358025,0.1472279216358025,15,71.86710537688826,1.895201722290761,29.707325570229,71.80118402336977,3.88,0.0,0,0,0,0,0,6.57,0.0,0,0,0,0,0,6.57,0.0,0,0,0,0,0,6.57,0.0,0,0,0,0,0,agincourt reef no 1,Central,-16.05227777777778,0.8527720783641974,14.907176142442305,2.283327212327925,0.15316966744808572,0.930559942869002,0.06242362295697302,2.27869323354465,0.15285881187497138,,,2.953323611796505,0.1981142225446764,1.8475025518771016,12.75768132684805,4.405105377910229,0.3452904383682836,0.6055892674354837,0.04746859965541264,5.215930675225286,0.40884628966617625,,,0.7984679608898031,0.06258723199249835,4.232033802945011,True,True,True,0.1503693969533223,0.06128238505749209,0.150064224487732,,0.1944922690520054,,42.39819022815126,0.0985042775189159,,,0.0,1.536943611744532,,27.57159771409756,0.205255309951535,,0.1002166765327054,,,0.0,1.5450125417734206,,0.2022733335709756,2.283327212327925,,,,,,4.310255038932248,,2.953323611796505,,1.931323188310833,,2.27869323354465,0.930559942869002,,0.2196939146611412,0.7585172751532022,,,,,,0.1392590504626401,3.400363563286388,0.8527418530686734,,,0.4710582765762803,,1.1060314247402852,5.788769295722432,-0.7482041511512827,-1.4183007083924293,0.4870838730644767,-0.8572574253355764,-0.5777592859729849,1.9358688676329796,-0.07847001982426587
Agincourt_Reef_No_1,2016,Heatwave_Only,6.890000000000001,0.0,2015,2017,1,20.855648918378726,12.949162076156034,7.906486842222693,7.906486842222693,0.379105290521803,0.379105290521803,2,61.95337216024023,2.4780526026208607,42.234289533853584,79.77207687829517,3.38,22.128370039244206,0,1,0,0,1,5.609999999999999,22.128370039244206,0,1,0,0,1,8.3,22.128370039244206,0,1,0,0,1,8.3,22.128370039244206,0,1,0,0,1,agincourt reef no 1,Central,-16.05227777777778,0.620894709478197,20.628803038294915,6.219251682542315,0.30148388498339024,1.3582902890230828,0.06584435783799858,4.673664007187034,0.22656011589770542,,,1.7923911981878795,0.08688779445227718,2.400561600530414,12.75768132684805,4.405105377910229,0.3452904383682836,0.6055892674354837,0.04746859965541264,5.215930675225286,0.40884628966617625,,,0.7984679608898031,0.06258723199249835,4.232033802945011,True,True,True,0.29820465941300406,0.06512817195662082,0.22409583252374554,,0.08594272013317034,,35.7213680707051,0.0666260257435952,,,0.0322135408131098,2.188371452212695,,23.766240800568976,0.0999244355380527,,0.0658711351011736,,,0.031865585796143,2.202221933581602,,0.1006029460514952,6.219251682542315,,,,,,4.848268726860747,,1.7923911981878795,,1.7046536626419817,,4.673664007187034,1.3582902890230828,,0.0322834718518748,0.637754406716804,,,,,,0.066797096100693,3.1438804450258746,0.8636916425738054,,,2.7359263150705706,,0.5619385370973982,8.503584884513419,-0.3233599477756065,0.6499044038928088,-0.8058707579658089,-0.8572574253355764,1.3420104933676291,-0.7018442530687745,0.12446968661780661
Agincourt_Reef_No_1,2017,Heatwave_Only,8.16,0.0,2016,2017,0,26.569385499281623,12.949162076156034,13.620223423125587,13.620223423125587,0.5126284694651236,0.5126284694651236,1,53.2023168930295,2.9437970648892304,52.39204964207232,50.79299739384481,8.620000000000001,22.128370039244206,1,1,0,1,1,10.71,22.128370039244206,1,1,0,1,1,13.57,22.128370039244206,1,1,0,1,1,15.19,22.128370039244206,1,1,0,1,1,agincourt reef no 1,Central,-16.05227777777778,0.4873715305348763,26.376375205449857,8.261165550644064,0.3132032163743694,1.2788247096288148,0.048483716950029794,5.8598380502142655,0.2221623708553976,,,2.708017394552697,0.1026682921159375,2.864227704470929,12.75768132684805,4.405105377910229,0.3452904383682836,0.6055892674354837,0.04746859965541264,5.215930675225286,0.40884628966617625,,,0.7984679608898031,0.06258723199249835,4.232033802945011,True,True,True,0.3109279870574134,0.04813151247564199,0.22054849745669514,,0.1019224699278768,,32.87161981254738,0.1997999479167763,,,0.1355971031289876,2.48476050392584,,17.406322321593283,0.0336255592006398,,0.1988335739831563,,,0.1323829205066055,2.4984284911047,,0.0345827188764668,8.261165550644064,,,,,,6.091477162529023,,2.708017394552697,,2.0177193709203367,,5.8598380502142655,1.2788247096288148,,0.1593329669606559,0.5530508439624913,,,,,,0.885762070091551,5.260418504483627,0.7856197840113168,,,3.127021142276329,,0.5444145907906742,10.523132894504496,0.10469627254862278,1.0311265363459656,-0.8058707579658089,0.01834597602858237,1.3420104933676291,-0.9047452623535249,0.22593953983884282
Agincourt_Reef_No_1,2020,Heatwave_Only,7.74,0.0,2019,2021,1,17.971979836431903,23.91429529595699,-5.942315459525087,0.0,-0.3306433411125424,-0.3306433411125424,3,71.59613294212296,3.4551357693255818,17.20184910317507,70.52287496940299,9.0,0.0,1,0,0,1,0,17.62,0.0,2,0,0,2,0,19.27,22.128370039244206,2,1,0,2,1,19.71,22.128370039244206,2,1,0,2,1,agincourt reef no 1,Central,-16.05227777777778,1.3306433411125425,17.7537977265676,4.114802451964569,0.23177026771049605,0.8385387796449719,0.047231515902095914,9.48622294562716,0.5343207741649292,,,1.4124309946300415,0.07955655552594332,3.3946325933566173,23.606652348439198,6.175703981338483,0.2616086300668041,0.9477608515176962,0.04014804121857453,12.510434966140584,0.5299537935952929,,,1.7624131186192629,0.07465747758748979,3.2962124203660528,True,True,True,0.22895654732614637,0.0466581193211183,0.5278340523394736,,0.07859072887266609,,37.74878223695415,0.1613007697793429,,,0.1633424925056179,3.078663479633674,,30.41795107225519,0.0,,0.1639529994106402,,,0.1646500051057721,3.066029588840205,,0.0,4.114802451964569,,,,,,0.3624847898848681,,1.4124309946300415,,1.5061546035866615,,9.48622294562716,0.8385387796449719,,0.0331631612293306,1.0011669883630323,,,,,,0.6406387838407024,3.759789314246156,0.9485021811631372,,,2.471145622029152,,0.3344777469585684,1.4980150872600926,-0.5393958938515349,0.9050530752197248,-0.8058707579658089,0.8939493773927413,-0.5777592859729849,-0.4989432437840242,0.5303490995019515
Agincourt_Reef_No_1,2022,Heatwave_Only,4.33,0.0,2021,2025,3,23.91429529595699,31.8571367354726,-7.942841439515611,0.0,-0.332137800475285,-0.332137800475285,2,62.57996883933824,3.34399228211633,14.365151581168542,50.00552947077145,9.48,0.0,1,0,0,1,0,17.790000000000003,0.0,2,0,0,1,0,26.41,0.0,3,0,0,2,0,26.410000000000004,22.128370039244206,3,1,0,2,1,agincourt reef no 1,Central,-16.05227777777778,1.332137800475285,23.606652348439198,6.175703981338483,0.2616086300668041,0.9477608515176962,0.04014804121857453,12.510434966140584,0.5299537935952929,,,1.7624131186192629,0.07465747758748979,3.2962124203660528,31.669630183835444,9.955522525005472,0.3143555029602742,1.0757883786659002,0.03396908560097413,14.399423348605676,0.45467608131260445,,,2.77849541899532,0.08773375005854969,2.670669632584223,True,True,True,0.25824319324109724,0.039631560946641275,0.5231362585146144,,0.0736970542852342,,34.31009505006072,0.2856033756542079,,,0.1725627703159878,2.816509340138245,,24.93096394635984,0.0,,0.2886003193865762,,,0.1782350766990661,2.8293770242804106,,0.0,6.175703981338483,,,,,,0.3168892598885083,,1.7624131186192629,,1.858580073307177,,12.510434966140584,0.9477608515176962,,0.0348700976274864,0.4187339099857717,,,,,,1.7773847754898426,5.75406229548479,0.7786963369997117,,,1.2747130945977263,,0.2415727530373312,3.3293188887016454,-0.09421522100074126,-0.1185433591623741,-0.8058707579658089,0.8939493773927413,-0.5777592859729849,-0.7018442530687745,0.733288805944024
Agincourt_Reef_No_1,2024,Concurrent,6.97,18.51984,2023,2025,1,34.74179356956395,31.8571367354726,2.884656834091352,2.884656834091352,0.0830313158218318,0.0830313158218318,2,51.48103473034556,3.81647477680034,14.7979810990628,54.796654833839305,5.85,0.0,1,0,0,1,0,14.28,0.0,2,0,0,1,0,22.590000000000003,0.0,3,0,0,1,0,29.48,0.0,4,0,0,2,0,agincourt reef no 1,Central,-16.05227777777778,0.9169686841781681,34.453464112260214,13.242026516645309,0.3843452859630783,1.2260290323559986,0.03558507290765337,14.680746513269444,0.4261036412894494,,,2.3085259613100333,0.06700417565525865,3.77691196455421,31.669630183835444,9.955522525005472,0.3143555029602742,1.0757883786659002,0.03396908560097413,14.399423348605676,0.45467608131260445,,,2.77849541899532,0.08773375005854969,2.670669632584223,True,True,True,0.3811555235376845,0.035289744897628976,0.42256731748388265,,0.06644809389842356,,28.50337105583684,0.0943643771466618,,,0.4350901526547813,3.2403995561876746,,19.141106585781063,0.0,,0.1005409576390299,,,0.4421484289547273,3.2342225779604528,,0.0,13.242026516645309,,,,,,0.5456506902377158,,2.3085259613100333,,2.359569064178925,,14.680746513269444,1.2260290323559986,,0.0909163342627853,0.6214767598464063,,,,,,0.5665874561951327,5.489246932109468,0.7058347140836341,,,3.903530210365636,,0.0,4.089267935234596,0.7169488781735538,0.673918396488283,0.4029349465379297,0.8939493773927413,-0.5777592859729849,-0.7018442530687745,0.9362285123860965
Agincourt_Reef_No_1,2025,Heatwave_Only,5.16,0.0,2024,2025,0,37.11176219595191,31.8571367354726,5.254625460479311,5.254625460479311,0.1415892199549736,0.1415892199549736,1,48.01698701956127,3.452341505072924,17.874125180951886,71.54764343637723,11.77,18.51984,2,1,1,1,1,20.56,18.51984,3,1,1,1,1,21.4,18.51984,3,1,1,1,1,29.56,18.51984,4,1,1,1,1,agincourt reef no 1,Central,-16.05227777777778,0.8584107800450264,36.868726341010216,14.112985075389805,0.38279014427714303,0.9952106582823091,0.02699335607846333,15.593491281737755,0.4229462970190168,,,3.0668175234289867,0.08318208486680678,3.396209185524605,31.669630183835444,9.955522525005472,0.3143555029602742,1.0757883786659002,0.03396908560097413,14.399423348605676,0.45467608131260445,,,2.77849541899532,0.08773375005854969,2.670669632584223,True,True,True,0.3802833452335827,0.026816583190729354,0.4201765251513351,,0.08263734573518877,,25.714132195436456,0.4992183602625075,,,0.2623429442193627,2.594145185605248,,18.862653376901346,0.0,,0.4996217270034404,,,0.2748986290782518,2.621688829442913,,0.0,14.112985075389805,,,,,,0.8014248652342015,,3.0668175234289867,,1.989526223179588,,15.593491281737755,0.9952106582823091,,0.3092707137575739,0.7781083002706707,,,,,,0.234927843093306,4.778520567003948,1.1908608062663195,,,4.7801777223575055,,0.0,4.256536417420152,0.8944999077203735,0.13060181401567345,-0.8058707579658089,1.7695527787569,1.3420104933676291,-0.9047452623535249,1.0376983656071328
Arlington_Reef,2010,Storm_Only,1.45,18.51984,2008,2012,2,20.496040574204777,15.322870762820756,5.173169811384021,5.173169811384021,0.2523984958292235,0.2523984958292235,4,57.62911796563011,2.352034818795535,10.959633510095776,55.11726581154496,3.51,0.0,0,0,0,0,0,4.92,23.929370015874483,0,1,0,0,1,6.82,23.929370015874483,0,1,0,0,1,9.3,23.929370015874483,0,1,0,0,1,arlington reef,Central,-16.67,0.7476015041707764,20.275605231861434,5.999754251874136,0.2959099954484229,1.910207220151818,0.09421209371102204,4.754731343907166,0.23450502658413866,0.9040026573413456,0.044585729846464965,4.574043405410893,0.22559343373992913,2.2862063575630467,15.134667888360038,2.9352027437827743,0.19393902564853882,1.9005745474161992,0.1255775522420229,3.067162919178522,0.20265809212354466,1.3856767239505965,0.09155646718989521,3.822051237777903,0.25253618156480423,2.379174671124365,True,True,True,0.29272747729749843,0.09319884068515667,0.23198292014952476,0.04410620939534415,0.22316717167156372,,12.338038688517328,0.2117921931598304,,0.0,0.1379013898117085,0.8119223377555708,,42.86921715159945,1.3072599523774926,,0.2042658105832119,0.0,,0.1379650052415025,0.7292363406934916,,1.2147392010448408,5.999754251874136,,,,,,,0.6012287061939193,4.574043405410893,0.9040026573413456,1.5316376469821549,,4.754731343907166,1.910207220151818,,,,,,,,,0.6384759223239435,3.441470874606029,0.8017012811234816,,1.0151049131071814,5.51146707230768,,7.340058228462255,1.954182048579329,-0.3503007397467741,-0.9830470925994547,0.4029349465379297,-0.8572574253355764,1.3420104933676291,-0.2960422344992739,-0.4843494327084108
Arlington_Reef,2016,Heatwave_Only,4.58,0.0,2014,2018,2,18.156446734239083,10.813158237339104,7.343288496899978,7.343288496899978,0.4044452421988573,0.4044452421988573,6,54.5034270827933,2.5302185724744186,20.833878419771768,71.46583061166193,4.58,0.0,0,0,0,0,0,6.44,0.0,0,0,0,0,0,10.96,18.51984,0,1,0,0,1,11.4,18.51984,0,1,0,0,1,arlington reef,Central,-16.67,0.5955547578011426,18.01103850978862,4.494310456906743,0.249530889319024,1.7171940244600823,0.09534119998282295,4.231443672076275,0.2349361292951861,1.6247181286589716,0.09020679889035668,4.176444597867385,0.23188249781363665,2.4621084671805322,10.640310816286837,0.5767130634729574,0.05420077227351275,1.0325240243189155,0.09703889690312983,4.508218187370722,0.42369233993335176,0.2201654695983118,0.02069163893796321,3.195138147815857,0.300286166727869,4.79103906561591,True,True,True,0.24753248929656801,0.0945776477961313,0.23305461327390117,0.0894843662110995,0.23002543719039062,,15.486070418002337,0.1640339100673813,,0.0,0.3132829652827621,1.8766828336127344,,36.25109154580406,0.3796203051514061,,0.1637138944804844,0.0,,0.3098834752042747,1.6228755435925322,,0.3656355539032407,4.494310456906743,,,,,,,0.5727483515587192,4.176444597867385,1.6247181286589716,1.194179278260442,,4.231443672076275,1.7171940244600823,,,,,,,,,0.4172376881778123,4.374342953841967,0.5905890063464414,,1.5110549634690111,9.521420453487938,,4.459249848826433,4.627618093617516,-0.5255761802661739,-0.04349963230151641,-0.8058707579658089,-0.8572574253355764,-0.5777592859729849,0.10975978407022678,0.12446968661780661
Arlington_Reef,2017,Heatwave_Only,10.87,0.0,2016,2018,1,24.198395391062203,10.813158237339104,13.385237153723098,13.385237153723098,0.5531456502552645,0.5531456502552645,1,49.871628844751314,4.047671844180469,16.00941230996602,59.332468242172204,7.19,0.0,1,0,0,1,0,9.46,0.0,1,0,0,1,0,12.47,18.51984,1,1,0,1,1,15.54,18.51984,1,1,0,1,1,arlington reef,Central,-16.67,0.4468543497447355,24.024472275438956,7.666830344186024,0.3191258586780317,2.2849408651474024,0.09510888892587147,6.50409390883331,0.2707278575888915,0.6391244185655325,0.02660305755056819,4.762249146474459,0.19822492214919826,3.982692139625464,10.640310816286837,0.5767130634729574,0.05420077227351275,1.0325240243189155,0.09703889690312983,4.508218187370722,0.42369233993335176,0.2201654695983118,0.02069163893796321,3.195138147815857,0.300286166727869,4.79103906561591,True,True,True,0.31683217917076456,0.09442530499321275,0.2687820330118099,0.026411851209010174,0.19680020387770916,,9.686547331570122,0.6070179115525093,,0.0,0.245334460060465,3.32086842177602,,35.7119006198694,0.361351535538482,,0.5684892744641086,0.0,,0.2351353942236189,2.84990815673465,,0.3291593142030871,7.666830344186024,,,,,,,1.058427456562761,4.762249146474459,0.6391244185655325,1.1088061356694692,,6.50409390883331,2.2849408651474024,,,,,,,,,1.284913844868066,4.0099580028960125,0.7944357672144332,,1.3342681456388197,8.037421645625798,,5.01481847410229,3.625982460180617,-0.07293128339133989,1.8446005355176627,-0.8058707579658089,0.01834597602858237,-0.5777592859729849,-0.9047452623535249,0.22593953983884282
Arlington_Reef,2020,Heatwave_Only,7.5,0.0,2018,2020,0,10.813158237339104,12.368085640141906,-1.554927402802802,0.0,-0.1437995605607115,-0.1437995605607115,3,78.41120410686199,4.86294036412335,7.243775970292797,54.50209083851658,11.68,0.0,1,0,0,1,0,18.87,0.0,2,0,0,2,0,20.84,0.0,2,0,0,2,0,21.14,0.0,2,0,0,2,0,arlington reef,Central,-16.67,1.1437995605607116,10.640310816286837,0.5767130634729574,0.05420077227351275,1.0325240243189155,0.09703889690312983,4.508218187370722,0.42369233993335176,0.2201654695983118,0.02069163893796321,3.195138147815857,0.300286166727869,4.79103906561591,12.240580776181817,1.197154307330193,0.09780208384063449,1.101459193184475,0.08998422651053746,4.137773081028271,0.3380373167488675,0.3819529351823116,0.03120382457060616,4.402034909452406,0.3596263110340362,1.9776501016439638,True,True,True,0.053334377506980286,0.09548773833286643,0.4169196536681869,0.020360884837332224,0.2954861177174556,,12.335594330296448,1.040077642708619,,0.0,0.0272160240555779,4.400740433528494,,60.6639822054152,0.062493348414993,,0.9695936894651248,0.0,,0.0316484920619276,3.722502790678245,,0.0672940934106123,0.5767130634729574,,,,,,,0.5029336819589004,3.195138147815857,0.2201654695983118,0.6046182417511723,,4.508218187370722,1.0325240243189155,,,,,,,,,0.0,2.1802729661409685,0.7335595114290905,,1.19161455251374,1.8131514735640817,,6.308802923280971,0.2973016457434372,-1.0757136033387438,0.8330110974333014,-0.8058707579658089,0.8939493773927413,-0.5777592859729849,-0.4989432437840242,0.5303490995019515
Arlington_Reef,2022,Heatwave_Only,4.86,0.0,2020,2024,2,12.368085640141906,30.25943190152201,-17.891346261380104,0.0,-1.446573607423277,-1.0,2,69.68071165235746,2.0307377290998203,4.944192212117626,50.55185194006454,9.22,0.0,1,0,0,1,0,20.25,0.0,2,0,0,1,0,27.44,0.0,3,0,0,2,0,27.44,0.0,3,0,0,2,0,arlington reef,Central,-16.67,2.446573607423277,12.240580776181817,1.197154307330193,0.09780208384063449,1.101459193184475,0.08998422651053746,4.137773081028271,0.3380373167488675,0.3819529351823116,0.03120382457060616,4.402034909452406,0.3596263110340362,1.9776501016439638,,,,,,,,,,,,,True,False,False,0.09679382421518042,0.0890565626105931,0.33455242803289614,0.03088213861833586,0.3559188574151803,,10.400456785877749,0.3457876805169301,,0.0,0.2742459962873514,1.5484696628521375,,57.0578596442624,0.0,,0.3340495301123574,0.0,,0.2656429633526453,1.377957608178961,,0.0,1.197154307330193,,,,,,,0.5136525887344121,4.402034909452406,0.3819529351823116,0.5065537612697485,,4.137773081028271,1.101459193184475,,,,,,,,,3.672821240420636,2.639169394843589,1.011390987197311,,1.787480341456707,7.274530063408488,,0.0311207006791097,0.5909533764990238,-0.9592230480781163,0.04054934178264427,-0.8058707579658089,0.8939493773927413,-0.5777592859729849,-0.7018442530687745,0.733288805944024
Border_Island,1996,Storm_Only,1.02,17.872172042231476,1995,1997,1,24.87292226133772,25.31318815377164,-0.4402658924339206,0.0,-0.0177006098361939,-0.0177006098361939,11,25.06548418132729,0.0,,9.864540028690492,1.25,0.0,0,0,0,0,0,1.25,0.0,0,0,0,0,0,1.25,0.0,0,0,0,0,0,1.25,0.0,0,0,0,0,0,border island,South,-20.163497222222222,1.0177006098361938,24.6031727866946,2.5025193823038925,0.10171531143565579,2.6380908805242456,0.10722563725402626,,,0.5319190775470636,0.02161993829652432,2.571209630434166,0.10450723785611409,0.0,25.08804521946395,2.0719372371065954,0.0825866351476094,3.608186597806478,0.1438209540138725,,,0.6777068609765107,0.027013139327839233,3.1597542995371484,0.12594661209737176,0.0907740831940383,True,True,True,0.10061219811689716,0.10606276386851712,,0.021385467777297502,0.10337384579980916,,0.0,,0.0,0.0,0.0,0.0,,24.88352957125188,0.0,,0.0,0.0,,0.0,0.0,,0.0,2.5025193823038925,,,,,11.0213370193046,,1.442318029937187,2.571209630434166,0.5319190775470636,3.8957787666434456,,,2.6380908805242456,,,0.1227564686160942,0.0,,,,,,0.0,0.2419691446253135,,12.084238991355903,0.0,,24.419505889070635,,-0.022397728245953184,-1.11212230280013,0.36066110821238934,-0.8572574253355764,-0.5777592859729849,1.1242648304939784,-1.904927377802918
Border_Island,2003,Storm_Only,0.0,29.117304,2002,2005,2,29.011723799190943,25.9025307125706,3.109193086620344,3.109193086620344,0.1071702291163771,0.1071702291163771,18,35.47919157220413,0.1674977702881845,,12.261528439848885,1.24,0.0,0,0,0,0,0,1.53,0.0,0,0,0,0,0,2.55,0.0,0,0,0,0,0,2.55,0.0,0,0,0,0,0,border island,South,-20.163497222222222,0.8928297708836229,28.7225135949392,2.081201002139093,0.0724588742994204,4.345257673539653,0.1512840322688635,,,1.513451259933824,0.052692159233601626,3.880704306319281,0.13511019129617705,0.1523388367942072,25.67759575411891,1.65729777985002,0.06454256059328198,3.475568877720521,0.13535413949972358,,,0.9951500001505054,0.03875557547052958,3.1237542631362407,0.12165291069492606,0.0302398540342386,True,True,True,0.07173655093866335,0.14977592174860116,,0.05216688502928702,0.1337633135204294,,0.1680740514753732,,0.0,0.0,0.0,0.0,,34.74941260835364,0.2830581848305354,,0.0,0.0,,0.0,0.0,,0.1523388367942072,2.081201002139093,,,,,12.262477394481524,,1.0400880619541333,3.880704306319281,1.513451259933824,3.599333896571694,,,4.345257673539653,,,0.4524919261305547,0.3452142435128566,,,,,,0.3573477284057934,1.0368605088544036,,9.026090549116578,5.343742297970552,,5.89238585525708,,0.2876690236737861,-1.4183007083924293,1.0946404330039583,-0.8572574253355764,-0.5777592859729849,2.5445718954872305,-1.1946384052556644
Border_Island,2010,Storm_Only,1.46,29.117304,2009,2013,3,25.674580727897983,29.175529693036413,-3.5009489651384307,0.0,-0.1363585642251326,-0.1363585642251326,25,25.42704598967701,0.1015615038061861,3.996381654581673,6.876472293420159,0.0,0.0,0,0,0,0,0,0.0,0.0,0,0,0,0,0,3.16,0.0,0,0,0,0,0,4.4,0.0,0,0,0,0,0,border island,South,-20.163497222222222,1.1363585642251326,25.463002774185092,2.023378249136325,0.07946345790715881,3.191834581976774,0.1253518530506041,,,0.919864357197819,0.03612552554604424,3.3483520721813083,0.1314987121462334,0.0598752137733817,28.91447725385187,2.5973815157452087,0.08982979332262339,4.6392418034304255,0.1604470232230259,,,1.0423211616803267,0.03604841797862601,4.080317749284884,0.14111677390748334,0.35718761861728887,True,True,True,0.0788086189441732,0.12431885902263357,,0.03582782390671311,0.1304150633526409,,0.7442058153816649,,0.0,0.0,0.0833537765624438,0.0781678343917312,,24.30520909930927,0.0,,0.0,0.0,,0.028835135626568,0.0310400781468137,,0.0,2.023378249136325,,,,,12.087778204727668,,0.8852786351403259,3.3483520721813083,0.919864357197819,3.006516673824872,,,3.191834581976774,,,0.7352951772544273,4.818837401253149,,,,,,0.3338455543989982,0.4579711415087366,,11.629283676346418,13.079146285223494,,3.9661208164734383,,0.037660149524197245,-0.9800453435250204,1.0946404330039583,-0.8572574253355764,-0.5777592859729849,3.964878960480483,-0.4843494327084108
Border_Island,2011,Storm_Only,0.0,18.09499186687058,2009,2013,2,25.674580727897983,29.175529693036413,-3.5009489651384307,0.0,-0.1363585642251326,-0.1363585642251326,1,25.42704598967701,0.1015615038061861,3.996381654581673,6.876472293420159,1.46,29.117304,0,1,0,0,1,1.46,29.117304,0,1,0,0,1,4.62,29.117304,0,1,0,0,1,4.62,29.117304,0,1,0,0,1,border island,South,-20.163497222222222,1.1363585642251326,25.463002774185092,2.023378249136325,0.07946345790715881,3.191834581976774,0.1253518530506041,,,0.919864357197819,0.03612552554604424,3.3483520721813083,0.1314987121462334,0.0598752137733817,28.91447725385187,2.5973815157452087,0.08982979332262339,4.6392418034304255,0.1604470232230259,,,1.0423211616803267,0.03604841797862601,4.080317749284884,0.14111677390748334,0.35718761861728887,True,True,True,0.0788086189441732,0.12431885902263357,,0.03582782390671311,0.1304150633526409,,0.7442058153816649,,0.0,0.0,0.0833537765624438,0.0781678343917312,,24.30520909930927,0.0,,0.0,0.0,,0.028835135626568,0.0310400781468137,,0.0,2.023378249136325,,,,,12.087778204727668,,0.8852786351403259,3.3483520721813083,0.919864357197819,3.006516673824872,,,3.191834581976774,,,0.7352951772544273,4.818837401253149,,,,,,0.3338455543989982,0.4579711415087366,,11.629283676346418,13.079146285223494,,3.9661208164734383,,0.037660149524197245,-1.4183007083924293,0.3752047476336948,-0.8572574253355764,1.3420104933676291,-0.9047452623535249,-0.38287957948737456
Border_Island,2017,Concurrent,6.71,33.078492,2015,2019,2,30.843460573431138,18.946700216452733,11.896760356978405,11.896760356978405,0.3857141882200596,0.3857141882200596,6,33.43488742153013,0.0954430096768185,13.409610580122065,14.338853975131014,4.98,0.0,0,0,0,0,0,7.49,0.0,0,0,0,0,0,8.950000000000001,47.29120568728558,0,2,0,0,2,8.95,47.29120568728558,0,2,0,0,2,border island,South,-20.163497222222222,0.6142858117799405,30.56673752560028,2.761921609024163,0.09035709508451781,5.108038869866949,0.16711102601606925,,,1.07616764200152,0.03520714767482814,5.213186300297125,0.1705509557875116,0.0583458616176138,18.72175833503032,0.5872289444250541,0.03136612138221488,2.9453274924213604,0.15732109344186718,,,0.5377487334654215,0.028723195964945172,3.176014753728551,0.1696429735334156,0.1522461876228955,True,True,True,0.08954642435302185,0.16561173016581232,,0.03489127426020871,0.1690207973870421,,0.4385753594225888,,0.0,0.0,0.0,0.0869009451576553,,32.595468258898165,0.0834076891517634,,0.0,0.0,,0.0,0.0299836752209635,,0.0283621863966503,2.761921609024163,,,,,10.875987483594502,,2.069392339129332,5.213186300297125,1.07616764200152,3.462043281686692,,,5.108038869866949,,,0.8616916886142172,3.223038607283682,,,,,,0.5547578242237623,0.7186940319366859,,8.655849159834526,9.510085575555255,,2.181500374501365,,0.424897317122038,0.595872920552991,1.353190542022813,-0.8572574253355764,-0.5777592859729849,0.10975978407022678,0.22593953983884282
Border_Island,2020,Concurrent,7.66,38.377224,2019,2022,2,18.946700216452733,16.1221287770108,2.8245714394419323,2.8245714394419323,0.149079861251468,0.149079861251468,3,47.92779054437148,0.1918065376450517,3.236951763374205,13.084654128607191,6.71,29.117304,1,1,1,1,1,11.69,29.117304,1,1,1,1,1,12.29,29.117304,1,1,1,1,1,14.2,29.117304,1,1,1,1,1,border island,South,-20.163497222222222,0.850920138748532,18.72175833503032,0.5872289444250541,0.03136612138221488,2.9453274924213604,0.15732109344186718,,,0.5377487334654215,0.028723195964945172,3.176014753728551,0.1696429735334156,0.1522461876228955,15.952351600186105,0.9107558735020744,0.057092264283558625,2.343116038331021,0.14688217117178418,,,0.6072528878052603,0.038066668979272994,2.227853961180972,0.13965677393638823,0.0580247205415795,True,True,True,0.030993731769457276,0.1554533221496653,,0.02838218409126762,0.16762891255178025,,0.3349207262264305,,0.0,0.0,0.0897612701494057,0.271020630359022,,47.12654709937228,0.0,,0.0,0.0,,0.0307962078292621,0.1214499797936334,,0.0,0.5872289444250541,,,,,8.898567458572737,,0.8456775622341359,3.176014753728551,0.5377487334654215,1.7311933901830587,,,2.9453274924213604,,,0.2212582456524278,2.174124688754707,,,,,,0.2076609290138709,1.3817933646290164,,5.16630541574344,4.85440009620678,,2.509557845224715,,-0.4663727301412504,0.8810390826242503,1.6990432852558273,0.01834597602858237,1.3420104933676291,-0.4989432437840242,0.5303490995019515
Border_Island,2022,Heatwave_Only,4.51,0.0,2021,2022,0,18.971998285408137,16.1221287770108,2.8498695083973367,2.8498695083973367,0.1502145143344887,0.1502145143344887,2,51.36888082965116,0.1804108565386189,7.091691404354586,19.19126555055724,7.66,38.377224,1,1,1,1,1,14.37,67.494528,2,2,2,1,1,19.35,67.494528,2,2,2,1,1,19.35,67.494528,2,2,2,1,1,border island,South,-20.163497222222222,0.8497854856655113,18.78791929523753,0.5421710614755859,0.028857429764083488,3.322580111173709,0.17684662462947326,,,0.7342058128199398,0.039078612233875765,2.2838661834479206,0.12156035735297459,0.1185837838986744,15.952351600186105,0.9107558735020744,0.057092264283558625,2.343116038331021,0.14688217117178418,,,0.6072528878052603,0.038066668979272994,2.227853961180972,0.13965677393638823,0.0580247205415795,True,True,True,0.02857743571970402,0.17513074064154818,,0.03869944545507559,0.12038089763082585,,0.0858071247241914,,0.0,0.0,0.0848412293262802,0.1593720360760661,,50.801283889905946,0.0880184540610674,,0.0,0.0,,0.031027370307116,0.0588464555885199,,0.0287099580030385,0.5421710614755859,,,,,9.156703798335128,,0.9124429997966066,2.2838661834479206,0.7342058128199398,1.8359493281886408,,,3.322580111173709,,,0.4539534727765553,2.1895574337868484,,,,,,0.3433665344883111,1.5427184250287225,,6.0360630464317495,8.916531456200778,,0.1156047073202895,,-0.4644774737490069,-0.06451187582255664,-0.8058707579658089,0.8939493773927413,3.2617802727082434,-0.7018442530687745,0.733288805944024
Border_Island,2024,Heatwave_Only,6.890000000000001,0.0,2023,2025,1,17.679960162084726,17.624333176752504,0.0556269853322213,0.0556269853322213,0.0031463297893348,0.0031463297893348,2,52.350271184195854,0.2339090404185777,6.559077706124322,31.805289275379785,4.96,0.0,1,0,0,1,0,12.62,38.377224,2,1,1,1,1,19.33,67.494528,3,2,2,1,1,22.55,67.494528,3,2,2,1,1,border island,South,-20.163497222222222,0.9968536702106651,17.518708840480784,0.6042401579039224,0.03449113535740112,2.722588082900946,0.15541031634761887,,,0.7255836394778648,0.04141764362229972,2.540044205711097,0.14499037736398546,0.1768793203604785,17.45280370974231,1.2969267358865686,0.07431050950069487,2.287702845164015,0.13107938891715143,,,0.5742967054488051,0.03290569899254798,1.8175414371884693,0.10414037007554847,0.0856040432714161,True,True,True,0.0341765565286587,0.15399288561405408,,0.041039891087192804,0.14366798241764753,,0.5235372772534467,,0.082325438507904,0.0,0.0794265811237772,0.3468399737071665,,51.09433821333913,0.0,,0.0,0.030096479385793,,0.0303424088104922,0.1164404321641933,,0.0,0.6042401579039224,,,,,8.984085944604345,,0.7014553704727962,2.540044205711097,0.7255836394778648,1.2407114394098129,,,2.722588082900946,,,0.3542936827692947,1.95272214207945,,,,,,0.4776441128163944,1.1949163813292425,,6.946947660462636,11.427178147730082,,0.2161685981440735,,-0.5612731428796327,0.6499044038928088,-0.8058707579658089,0.8939493773927413,1.3420104933676291,-0.7018442530687745,0.9362285123860965
Boult_Reef,2017,Heatwave_Only,4.04,0.0,2016,2020,3,40.815697389816926,27.13760920513279,13.678088184684135,13.678088184684135,0.3351183260217102,0.3351183260217102,15,56.911579574458045,0.2421124159390727,33.71886194327563,62.24331026692296,1.43,0.0,0,0,0,0,0,1.73,0.0,0,0,0,0,0,2.9799999999999995,0.0,0,0,0,0,0,2.9799999999999995,0.0,0,0,0,0,0,boult reef,South,-23.7575,0.6648816739782898,40.716011482491005,33.43418097571064,0.8211556033696534,0.1849034245383903,0.004541295127051033,0.7263846584513134,0.017840270498098238,4.268822016896669,0.10484381601897276,1.5720682375028348,0.03861056572741333,0.2195297736390694,27.011967431237416,22.013510790283583,0.8149539957177101,0.1854096957063918,0.006863983387303314,0.6855359923711368,0.025378973009509972,2.1624997298405257,0.08005709822305461,0.9807165191598152,0.036306741508420684,0.17673415504917112,True,True,True,0.8191500602425601,0.004530203729522007,0.017796698449468084,0.10458775152428718,0.03851626550659033,,13.62643331746683,0.0,,,0.0,0.8481676877534511,,42.15990566068969,0.0,,0.0,,,0.0,0.2195297736390694,,0.0,33.43418097571064,,,,,,,,1.5720682375028348,4.268822016896669,0.4795638763398622,,0.7263846584513134,0.1849034245383903,,0.0500882930512945,,,,,,,0.0984735041034843,0.1506289077722583,0.0976281143614894,,0.0483006569497524,0.5052061001153061,,0.1474238711987169,0.0660219620089719,1.1719877612400762,-0.205594082320969,-0.8058707579658089,-0.8572574253355764,-0.5777592859729849,1.9358688676329796,0.22593953983884282
Boult_Reef,2024,Heatwave_Only,11.48,0.0,2021,2026,2,61.11667586391639,22.22131554683403,38.89536031708237,38.89536031708237,0.6364115810828381,0.6364115810828381,7,,,,,1.56,0.0,0,0,0,0,0,5.25,0.0,0,0,0,0,0,9.29,0.0,1,0,0,1,0,9.59,0.0,1,0,0,1,0,boult reef,South,-23.7575,0.3635884189171619,,,,,,,,,,,,,,,,,,,,,,,,,False,False,False,,,,,,,,,,,,,,,,,,,,,,,,,,,,,,,,,,,,,,,,,,,,,,,,,,,,,,,2.6928769362067935,2.027707229058156,-0.8058707579658089,-0.8572574253355764,-0.5777592859729849,0.3126607933549771,0.9362285123860965
Broomfield_Reef,1992,Storm_Only,2.13,18.51984,1990,1993,1,20.7957402053824,9.19155254273058,11.60418766265182,11.60418766265182,0.5580079164312891,0.5580079164312891,10,,,,,1.29,0.0,0,0,0,0,0,1.29,0.0,0,0,0,0,0,1.29,0.0,0,0,0,0,0,1.29,0.0,0,0,0,0,0,broomfield reef,South,-23.267013888888886,0.44199208356871095,,,,,,,,,,,,,9.033280736835065,1.3105260540386128,0.14507752966147422,0.1719555625924866,0.019035781971360896,0.2278881379338271,0.02522761603152288,1.8218409199492087,0.201680980922056,2.558950176870795,0.2832802667624563,0.2507153334530461,False,True,False,,,,,,,,,,,,,,,,,,,,,,,,,,,,,,,,,,,,,,,,,,,,,,,,,,,,,,,-0.3278481311012794,-0.7789281555379218,0.4029349465379297,-0.8572574253355764,-0.5777592859729849,0.9213638212092281,-2.310806790687063
Broomfield_Reef,1994,Storm_Only,0.0,18.08293810852,1993,1995,1,9.19155254273058,17.412699846744868,-8.221147304014288,0.0,-0.8944242298344074,-0.8944242298344074,2,78.17599416319509,0.3061159999664444,,,3.25,18.51984,0,1,0,0,1,3.42,18.51984,0,1,0,0,1,3.42,18.51984,0,1,0,0,1,3.42,18.51984,0,1,0,0,1,broomfield reef,South,-23.267013888888886,1.8944242298344074,9.033280736835065,1.3105260540386128,0.14507752966147422,0.1719555625924866,0.019035781971360896,0.2278881379338271,0.02522761603152288,1.8218409199492087,0.201680980922056,2.558950176870795,0.2832802667624563,0.2507153334530461,17.210699264060224,7.841501707879842,0.45561784489806556,1.1640309260925483,0.06763414479755069,0.6203255639751709,0.03604301919739827,1.5965669959830509,0.09276595747141074,2.8276722372155088,0.16429734747154165,0.8399988932129718,True,True,True,0.14257940080809114,0.018707999741402002,0.024793214951924457,0.1982081820758417,0.2784023879507297,,7.054558053789439,0.1650096643895176,,0.0,0.0,0.1597278029902499,,70.48213388495125,0.0,0.0,0.2033137383111694,0.0,0.0,0.0,0.0474015951418767,,0.0,1.3105260540386128,,,,,,0.6370875871656613,,2.558950176870795,1.8218409199492087,2.305032298284474,,0.2278881379338271,0.1719555625924866,,,0.221613000283874,,,,,,,0.0,0.1636881925304136,,0.1711086519707467,0.2230499656368954,,0.7932313833778176,0.0,-1.1971994987176802,-1.4183007083924293,0.37441798857665715,-0.8572574253355764,1.3420104933676291,-0.7018442530687745,-2.1078670842449907
Broomfield_Reef,2020,Heatwave_Only,6.9,0.0,2019,2023,3,61.1034467260997,52.73905826834674,8.364388457752959,8.364388457752959,0.1368889793606388,0.1368889793606388,26,31.18437691937321,0.5869453106329452,19.22838176332841,45.11663761762606,3.09,0.0,0,0,0,0,0,4.12,0.0,0,0,0,0,0,4.12,0.0,0,0,0,0,0,4.12,0.0,0,0,0,0,0,broomfield reef,South,-23.267013888888886,0.8631110206393611,60.96237849954619,51.7540168747388,0.8489500926399068,1.1302032795316104,0.01853935668766637,0.6080655517859609,0.009974439428909215,4.3292644974466095,0.07101534756356065,1.2654073189689123,0.02075718418660998,0.5138299869688145,52.618054352648365,43.683163633521374,0.830193441603808,0.4754931884143985,0.009036692714398439,0.3707288426194047,0.007045658513611407,3.9205219456119016,0.07450906335943937,1.3607536347532336,0.02586096448252166,0.9388756577246521,True,True,True,0.8469901396353247,0.018496555269587694,0.009951411652957248,0.07085139594256978,0.020709262517402426,,7.628545580891692,0.1186293051904831,,0.0,0.1240820631068285,0.9378616347079636,,21.75903343104506,0.124898839443443,0.0,0.031009456976749,0.0,0.0,0.0641053885812268,0.3850503472084358,,0.0336647942024029,51.7540168747388,,,,,,1.078393940318939,,1.2654073189689123,4.3292644974466095,0.7970270367553566,,0.6080655517859609,1.1302032795316104,,,0.300327141217813,,,,,,,0.36095087099462,0.6034468582375879,,0.4829131291675675,0.3813099068228241,,0.1075456378989709,1.075089132868659,2.6918858483868036,0.652906152967243,-0.8058707579658089,-0.8572574253355764,-0.5777592859729849,4.167779969765233,0.5303490995019515
Broomfield_Reef,2024,Heatwave_Only,11.6,0.0,2023,2026,2,52.73905826834674,16.127130702547838,36.6119275657989,36.6119275657989,0.6942089746750916,0.6942089746750916,4,38.81620590227149,0.9805686959851198,10.772511365062986,63.83970966431488,1.3,0.0,0,0,0,0,0,8.200000000000001,0.0,1,0,0,1,0,11.29,0.0,1,0,0,1,0,11.29,0.0,1,0,0,1,0,broomfield reef,South,-23.267013888888886,0.3057910253249084,52.618054352648365,43.683163633521374,0.830193441603808,0.4754931884143985,0.009036692714398439,0.3707288426194047,0.007045658513611407,3.9205219456119016,0.07450906335943937,1.3607536347532336,0.02586096448252166,0.9388756577246521,,,,,,,,,,,,,True,False,False,0.828288654895065,0.009015959025946109,0.0070294930321482645,0.07433811058330833,0.02580162936982019,,11.975877477071249,0.1244860968504467,,0.0,0.0,0.8905746333996708,,25.41426250138345,0.0,0.0,0.0314285951748325,0.0,0.0,0.0,0.9074470625498195,,0.0,43.683163633521374,,,,,,1.5440550564050894,,1.3607536347532336,3.9205219456119016,1.2633380513229595,,0.3707288426194047,0.4754931884143985,,,0.1356371163602703,,,,,,,0.3441908216660039,0.6288979974023856,,0.2764853997886578,0.4404669802350812,,0.0,0.8648939346043432,2.065250640786184,2.0637282179513674,-0.8058707579658089,0.01834597602858237,-0.5777592859729849,-0.2960422344992739,0.9362285123860965
Carter_Reef,2005,Storm_Only,0.0,23.906304664885926,2004,2006,1,56.83275925716708,16.49121291721926,40.34154633994783,40.34154633994783,0.7098290997521896,0.7098290997521896,10,35.93157801132516,2.273412732474647,,37.23515720368272,5.71,0.0,0,0,0,0,0,6.62,0.0,0,0,0,0,0,7.239999999999999,0.0,0,0,0,0,0,7.239999999999999,0.0,0,0,0,0,0,carter reef,North-Central,-14.532222222222224,0.29017090024781056,56.650455559769654,41.44527159452704,0.7315964396932303,1.058769528582457,0.018689514817147253,7.301491381148723,0.12888671960360862,1.554986018369191,0.027448782238451496,1.3360778708525467,0.023584591821029646,2.2011178372837854,,,,,,,,,,,,,True,False,False,0.7292496816314694,0.01862956404758647,0.12847328682581857,0.027360734173276908,0.023508939004823284,,20.1295139729108,1.0529919561027814,,0.0,0.0,0.0,,13.57162325498006,1.128542569741696,0.0,0.996063945871298,0.0,,0.0,0.0,,1.2050538914124875,41.44527159452704,,,,,,2.080907001171699,,1.3360778708525467,1.554986018369191,1.872952165117994,,7.301491381148723,1.058769528582457,,,,,,,,,0.2601673412078762,0.1563637149593602,0.0,,0.0933604621201129,1.319804116779455,,0.253131800987691,0.8270667716292236,2.371938593162016,-1.4183007083924293,0.7545140754084777,-0.8572574253355764,-0.5777592859729849,0.9213638212092281,-0.991698698813592
Carter_Reef,2014,Storm_Only,0.15,41.000868,2013,2017,3,30.03296568887368,8.104976487662167,21.927989201211517,21.927989201211517,0.730130664696067,0.730130664696067,10,60.57919658546042,2.9682499909580247,26.20629231632718,65.47002897028887,4.46,0.0,0,0,0,0,0,10.35,0.0,0,0,0,0,0,12.61,0.0,0,0,0,0,0,12.91,0.0,0,0,0,0,0,carter reef,North-Central,-14.532222222222224,0.26986933530393303,29.897447075458505,7.637440819065507,0.25545461456255053,2.3908716625099977,0.0799690908884511,8.905694229844592,0.2978747385142086,2.771363311690392,0.09269565072548559,3.645826299220698,0.12194440180858773,2.816734168711625,8.004341116780662,0.1496603890027823,0.018697402674284772,0.4729526009519677,0.05908701216649158,4.136401997630136,0.5167698299312102,0.7043360675386977,0.08799425927289578,1.4447287271418765,0.18049314816344872,7.635426767896414,True,True,True,0.25430191937038543,0.0796082440634807,0.29653062977872635,0.09227737747914452,0.12139414858291428,,45.30914221529935,0.3987418478116249,,0.0,0.4046588403689883,1.861953736511441,,12.481250456418936,0.0306583082559178,0.0,0.4824968680870394,0.0,,0.2913818233615258,1.9879484372863343,,0.0549070399767255,7.637440819065507,,,,,,3.0539413120225865,,3.645826299220698,2.771363311690392,1.4923094411047306,,8.905694229844592,2.3908716625099977,,,,,,,,,0.0604484754339996,0.341856281867129,0.0910319759854817,,0.0893283657689804,1.331857108158442,,0.6642093480452,0.7258594115920872,0.3641774410893624,-1.3732744722759145,1.8702907600605234,-0.8572574253355764,-0.5777592859729849,0.9213638212092281,-0.07847001982426587
Carter_Reef,2015,Storm_Only,1.55,29.117304,2013,2017,2,30.03296568887368,8.104976487662167,21.927989201211517,21.927989201211517,0.730130664696067,0.730130664696067,1,60.57919658546042,2.9682499909580247,26.20629231632718,65.47002897028887,1.9,41.000868,0,1,0,0,1,7.58,41.000868,0,1,0,0,1,11.58,41.000868,0,1,0,0,1,12.76,41.000868,0,1,0,0,1,carter reef,North-Central,-14.532222222222224,0.26986933530393303,29.897447075458505,7.637440819065507,0.25545461456255053,2.3908716625099977,0.0799690908884511,8.905694229844592,0.2978747385142086,2.771363311690392,0.09269565072548559,3.645826299220698,0.12194440180858773,2.816734168711625,8.004341116780662,0.1496603890027823,0.018697402674284772,0.4729526009519677,0.05908701216649158,4.136401997630136,0.5167698299312102,0.7043360675386977,0.08799425927289578,1.4447287271418765,0.18049314816344872,7.635426767896414,True,True,True,0.25430191937038543,0.0796082440634807,0.29653062977872635,0.09227737747914452,0.12139414858291428,,45.30914221529935,0.3987418478116249,,0.0,0.4046588403689883,1.861953736511441,,12.481250456418936,0.0306583082559178,0.0,0.4824968680870394,0.0,,0.2913818233615258,1.9879484372863343,,0.0549070399767255,7.637440819065507,,,,,,3.0539413120225865,,3.645826299220698,2.771363311690392,1.4923094411047306,,8.905694229844592,2.3908716625099977,,,,,,,,,0.0604484754339996,0.341856281867129,0.0910319759854817,,0.0893283657689804,1.331857108158442,,0.6642093480452,0.7258594115920872,0.3641774410893624,-0.9530296018551117,1.0946404330039583,-0.8572574253355764,1.3420104933676291,-0.9047452623535249,0.022999833396770367
Carter_Reef,2016,Heatwave_Only,11.32,0.0,2015,2017,1,24.383172435132,8.104976487662167,16.278195947469833,16.278195947469833,0.6675995911022523,0.6675995911022523,1,67.3495399438823,5.506561858880088,39.91539018587204,53.527974679443446,3.3,70.118172,0,2,0,0,2,6.16,70.118172,0,2,0,0,2,12.050000000000002,70.118172,0,2,0,0,2,13.13,70.118172,0,2,0,0,2,carter reef,North-Central,-14.532222222222224,0.3324004088977477,24.222257343287282,6.369248621798282,0.26295024990985794,1.5236631124109872,0.06290343178247342,7.004208208422721,0.2891641397891348,2.817426355404536,0.11631559831418146,2.9610273575582693,0.12224407145847037,5.316136162651113,8.004341116780662,0.1496603890027823,0.018697402674284772,0.4729526009519677,0.05908701216649158,4.136401997630136,0.5167698299312102,0.7043360675386977,0.08799425927289578,1.4447287271418765,0.18049314816344872,7.635426767896414,True,True,True,0.2612149275793694,0.062488304853048904,0.2872558206712614,0.11554798141627806,0.12143733000435715,,41.96659851383976,1.2651595543697194,,0.0305104432375815,0.5349036757527105,3.0426635099052133,,20.285383861606874,0.1330386126149926,0.0568721009602595,1.3287526037405084,0.0,,0.5981140172214081,3.1103907424055977,,0.22200669832334,6.369248621798282,,,,,,2.2462669229952823,,2.9610273575582693,2.817426355404536,1.3004167646972031,,7.004208208422721,1.5236631124109872,,,,,,,,,0.2751485651444657,0.1506173453975007,0.0584207196528578,,0.0,1.0877074332975858,,0.331559576763614,0.571129152188412,-0.05908833456664938,1.9796792438672068,-0.8058707579658089,-0.8572574253355764,3.2617802727082434,-0.9047452623535249,0.12446968661780661
Carter_Reef,2017,Heatwave_Only,9.04,0.0,2015,2017,0,24.383172435132,8.104976487662167,16.278195947469833,16.278195947469833,0.6675995911022523,0.6675995911022523,1,67.3495399438823,5.506561858880088,39.91539018587204,53.527974679443446,13.02,70.118172,1,2,0,1,2,14.77,70.118172,1,2,0,1,2,20.450000000000003,70.118172,1,2,0,1,2,23.37,70.118172,1,2,0,1,2,carter reef,North-Central,-14.532222222222224,0.3324004088977477,24.222257343287282,6.369248621798282,0.26295024990985794,1.5236631124109872,0.06290343178247342,7.004208208422721,0.2891641397891348,2.817426355404536,0.11631559831418146,2.9610273575582693,0.12224407145847037,5.316136162651113,8.004341116780662,0.1496603890027823,0.018697402674284772,0.4729526009519677,0.05908701216649158,4.136401997630136,0.5167698299312102,0.7043360675386977,0.08799425927289578,1.4447287271418765,0.18049314816344872,7.635426767896414,True,True,True,0.2612149275793694,0.062488304853048904,0.2872558206712614,0.11554798141627806,0.12143733000435715,,41.96659851383976,1.2651595543697194,,0.0305104432375815,0.5349036757527105,3.0426635099052133,,20.285383861606874,0.1330386126149926,0.0568721009602595,1.3287526037405084,0.0,,0.5981140172214081,3.1103907424055977,,0.22200669832334,6.369248621798282,,,,,,2.2462669229952823,,2.9610273575582693,2.817426355404536,1.3004167646972031,,7.004208208422721,1.5236631124109872,,,,,,,,,0.2751485651444657,0.1506173453975007,0.0584207196528578,,0.0,1.0877074332975858,,0.331559576763614,0.571129152188412,-0.05908833456664938,1.2952804548961845,-0.8058707579658089,0.01834597602858237,3.2617802727082434,-0.9047452623535249,0.22593953983884282
Carter_Reef,2020,Heatwave_Only,7.72,0.0,2019,2021,1,11.571824549617151,21.09589460917397,-9.52407005955682,0.0,-0.8230396182313289,-0.8230396182313289,3,82.22715932789882,7.893198379530049,20.37812032151019,77.4844173597025,9.49,0.0,1,0,0,1,0,22.36,29.117304,2,1,0,2,1,24.11,70.118172,2,2,0,2,2,24.26,70.118172,2,2,0,2,2,carter reef,North-Central,-14.532222222222224,1.8230396182313289,11.483213277212535,0.6887655913888814,0.0599802141405558,1.1667274707887767,0.10160287391892726,7.40222902117218,0.6446130401375787,0.2936797118648503,0.025574698020077086,1.2960547281975463,0.11286516212055882,7.772135418111237,20.968941888028983,1.7416790029768716,0.0830599375150724,3.325508246983648,0.15859208656027401,12.359970006011956,0.5894417597231347,0.6123132252687756,0.029200959616295222,1.8681254992218443,0.08909011762240343,8.61518493973279,True,True,True,0.05952091551644454,0.10082484968434623,0.6396769143390685,0.025378859712711994,0.11200089688885109,,52.056887604281656,0.3671279107168541,,0.0,1.5311767871863466,6.017064957109789,,22.22739927452808,0.0,0.0,0.5152318633327463,0.0,,1.1617993336039991,6.095104221174491,,0.0,0.6887655913888814,,,,,,0.0,,1.2960547281975463,0.2936797118648503,0.6357567538003006,,7.40222902117218,1.1667274707887767,,,,,,,,,0.2121671330659861,0.0,0.1190660147947521,,0.030097678677141,0.3112366830393833,,0.149446068432225,0.4612560749893445,-1.018876570422931,0.8990495770708561,-0.8058707579658089,0.8939493773927413,1.3420104933676291,-0.4989432437840242,0.5303490995019515
Carter_Reef,2021,Heatwave_Only,4.59,0.0,2019,2021,0,11.571824549617151,21.09589460917397,-9.52407005955682,0.0,-0.8230396182313289,-0.8230396182313289,1,82.22715932789882,7.893198379530049,20.37812032151019,77.4844173597025,8.17,0.0,1,0,0,1,0,28.53,0.0,3,0,0,2,0,30.23,70.118172,3,2,0,2,2,31.83,70.118172,3,2,0,2,2,carter reef,North-Central,-14.532222222222224,1.8230396182313289,11.483213277212535,0.6887655913888814,0.0599802141405558,1.1667274707887767,0.10160287391892726,7.40222902117218,0.6446130401375787,0.2936797118648503,0.025574698020077086,1.2960547281975463,0.11286516212055882,7.772135418111237,20.968941888028983,1.7416790029768716,0.0830599375150724,3.325508246983648,0.15859208656027401,12.359970006011956,0.5894417597231347,0.6123132252687756,0.029200959616295222,1.8681254992218443,0.08909011762240343,8.61518493973279,True,True,True,0.05952091551644454,0.10082484968434623,0.6396769143390685,0.025378859712711994,0.11200089688885109,,52.056887604281656,0.3671279107168541,,0.0,1.5311767871863466,6.017064957109789,,22.22739927452808,0.0,0.0,0.5152318633327463,0.0,,1.1617993336039991,6.095104221174491,,0.0,0.6887655913888814,,,,,,0.0,,1.2960547281975463,0.2936797118648503,0.6357567538003006,,7.40222902117218,1.1667274707887767,,,,,,,,,0.2121671330659861,0.0,0.1190660147947521,,0.030097678677141,0.3112366830393833,,0.149446068432225,0.4612560749893445,-1.018876570422931,-0.040497883227082164,-0.8058707579658089,1.7695527787569,-0.5777592859729849,-0.9047452623535249,0.6318189527229878
Carter_Reef,2022,Concurrent,4.64,18.839023748904825,2021,2022,0,21.09589460917397,28.411659396758232,-7.315764787584261,0.0,-0.3467861839053203,-0.3467861839053203,1,71.0794416283303,8.790119292937632,14.806250197551114,60.08656461399352,12.62,0.0,2,0,0,2,0,21.8,0.0,3,0,0,2,0,34.67,29.117304,4,1,0,2,1,34.81999999999999,70.118172,4,2,0,2,2,carter reef,North-Central,-14.532222222222224,1.3467861839053203,20.968941888028983,1.7416790029768716,0.0830599375150724,3.325508246983648,0.15859208656027401,12.359970006011956,0.5894417597231347,0.6123132252687756,0.029200959616295222,1.8681254992218443,0.08909011762240343,8.61518493973279,28.342663040277742,3.1922106017662446,0.1126291695748489,3.842080042872298,0.13555818793076432,16.606675780397545,0.5859250331134307,0.6504441041359179,0.022949293904089823,2.782209444574117,0.09816330387233976,8.154690033456374,True,True,True,0.08256009215269153,0.15763769721988866,0.5858945655064552,0.02902523152549781,0.08855398331433893,,46.6309573853554,0.2970713887523797,,0.0311805500534837,2.8861036851135005,5.47873846235905,,15.626211172560978,0.0,0.0,0.3868281796641343,0.0536729637939187,,2.56552941295006,5.609154383324677,,0.0,1.7416790029768716,,,,,,0.023852049037881,,1.8681254992218443,0.6123132252687756,1.037493858528005,,12.359970006011956,3.325508246983648,,,,,,,,,0.2724817644788719,0.092086407545982,0.1497076861539506,,0.1506033783841154,0.1793649813538742,,0.2130549258703039,0.8653467183742571,-0.3053614522386027,-0.025489137854910682,0.42376834123578044,1.7695527787569,-0.5777592859729849,-0.9047452623535249,0.733288805944024
Carter_Reef,2024,Heatwave_Only,8.21,0.0,2023,2024,0,30.48583016450453,36.737069573040905,-6.251239408536375,0.0,-0.2050539340672067,-0.2050539340672067,2,59.61518310338717,8.570715625739188,18.54833535391128,75.14603983756106,11.57,19.0259051016422,2,1,1,2,1,19.6,19.0259051016422,3,1,1,3,1,28.78,19.0259051016422,4,1,1,3,1,40.1,19.0259051016422,5,1,1,3,1,carter reef,North-Central,-14.532222222222224,1.2050539340672068,30.37191019137525,4.737423741812286,0.15598043428817915,4.380586436182697,0.14423150893639405,16.270996510097905,0.5357251620847476,0.8897948980949003,0.02929663931205672,2.942920162000411,0.09689611695335895,8.495353597397159,36.64456457798767,6.754412293483448,0.1843223509753698,5.328537060051618,0.1454113896949525,17.31444328405104,0.4724969032501971,1.259598488057737,0.03437340578510723,4.528636923656872,0.12358277348388025,4.699597708131546,True,True,True,0.15539756392555762,0.14369254215957455,0.5337232551089477,0.029187163127704894,0.09653403388131879,,36.848803964944565,0.243694157054802,,0.0,0.8096806403714657,7.060766112275892,,14.654167765537174,0.0,0.0,0.3122587327169027,0.0,,0.983668504858166,7.199426359822089,,0.0,4.737423741812286,,,,,,0.1387791301938822,,2.942920162000411,0.8897948980949003,1.011409312993166,,16.270996510097905,4.380586436182697,,,,,,,,,0.3665624653116932,0.0,0.0329122152652833,,0.3442661452338766,0.4267200600929943,,0.0301556757967497,1.455102649663676,0.39810470620087773,1.0461352817181375,-0.8058707579658089,1.7695527787569,1.3420104933676291,-0.7018442530687745,0.9362285123860965
Carter_Reef,2025,Heatwave_Only,8.02,0.0,2024,2025,0,36.737069573040905,40.484227499534,-3.747157926493095,0.0,-0.1019993693030678,-0.1019993693030678,1,54.18563520818493,4.831727358797042,23.46214239817253,91.81505543673552,15.19,19.0259051016422,2,1,1,1,1,27.5,19.0259051016422,4,1,1,3,1,27.95,19.0259051016422,4,1,1,3,1,36.99,19.0259051016422,5,1,1,3,1,carter reef,North-Central,-14.532222222222224,1.1019993693030679,36.64456457798767,6.754412293483448,0.1843223509753698,5.328537060051618,0.1454113896949525,17.31444328405104,0.4724969032501971,1.259598488057737,0.03437340578510723,4.528636923656872,0.12358277348388025,4.699597708131546,40.324703202327306,8.693163842919418,0.2155791153452978,5.144698473339313,0.12758180630681965,18.000058286783936,0.4463779484369541,1.3957871386068372,0.03461369899248956,4.691593280928682,0.11634538901349957,4.741209505170523,True,True,True,0.18385822200799867,0.14504523964431573,0.47130714249339734,0.034286852563277924,0.12327158851505572,,25.393200230649537,0.6917802383649005,,0.0305931549173373,0.1345646556477334,3.4372136890131326,,24.411002713205527,0.0,0.0,0.8916273574960764,0.0534562774710215,,0.2220786529692723,3.5324354201951755,,0.0,6.754412293483448,,,,,,0.0247133388950063,,4.528636923656872,1.259598488057737,1.4342231897919535,,17.31444328405104,5.328537060051618,,,,,,,,,0.4767325724197945,0.0631963962837791,0.0,,0.2381283752490345,0.5254307182753736,,0.0,1.1295715568340616,0.8664290462664644,0.9891020493038852,-0.8058707579658089,2.6451561801210586,1.3420104933676291,-0.9047452623535249,1.0376983656071328
Centipede_Reef,1988,Storm_Only,0.0,26.28656279094521,1987,1988,0,19.09881212347572,15.898024716811204,3.200787406664517,3.200787406664517,0.1675909153915493,0.1675909153915493,10,,,,,0.0,0.0,0,0,0,0,0,0.0,0.0,0,0,0,0,0,0.0,0.0,0,0,0,0,0,0.0,0.0,0,0,0,0,0,centipede reef,Central,-18.74194444444445,0.8324090846084506,,,,,,,,,,,,,,,,,,,,,,,,,False,False,False,,,,,,,,,,,,,,,,,,,,,,,,,,,,,,,,,,,,,,,,,,,,,,,,,,,,,,,-0.4549769566286603,-1.4183007083924293,0.9098755472663255,-0.8572574253355764,-0.5777592859729849,0.9213638212092281,-2.716686203571208
Centipede_Reef,1989,Storm_Only,0.33,35.846474190771644,1988,1991,2,15.898024716811204,15.913749280015423,-0.0157245632042197,0.0,-0.000989089115429,-0.000989089115429,1,,,,,0.0,26.795511803328765,0,1,0,0,1,0.0,26.795511803328765,0,1,0,0,1,0.0,26.795511803328765,0,1,0,0,1,0.0,26.795511803328765,0,1,0,0,1,centipede reef,Central,-18.74194444444445,1.000989089115429,,,,,,,,,,,,,,,,,,,,,,,,,False,False,False,,,,,,,,,,,,,,,,,,,,,,,,,,,,,,,,,,,,,,,,,,,,,,,,,,,,,,,-0.694770468275236,-1.319242988936097,1.53385909327215,-0.8572574253355764,1.3420104933676291,-0.9047452623535249,-2.6152163503501717
Centipede_Reef,2017,Heatwave_Only,4.68,0.0,2016,2020,3,14.74407149059141,18.75246626282131,-4.008394772229902,0.0,-0.271864849189572,-0.271864849189572,17,75.83336940052352,3.6348922802342143,14.787387375746428,55.42262281857158,5.640000000000001,0.0,0,0,0,0,0,7.609999999999999,0.0,0,0,0,0,0,10.03,0.0,0,0,0,0,0,10.5,0.0,0,0,0,0,0,centipede reef,Central,-18.74194444444445,1.271864849189572,14.417506227648925,4.123290274869524,0.28599191911304017,1.8125346340098965,0.12571762449000642,3.473150372467709,0.2408981357543744,1.186016442527244,0.08226224589747576,2.730588658401853,0.18939396420480217,3.565615865565227,18.400822506370027,6.362607083768489,0.3457784064579652,2.267786831010713,0.12324377512068535,3.506488980874888,0.1905615349347023,1.0695479215425376,0.058125006160582214,3.189690342855989,0.1733449872554217,7.327132123644207,True,True,True,0.2796575069173198,0.12293311485681033,0.23556250216800836,0.08044022597720535,0.1851990924043142,,12.90003568694133,2.116117501083873,,,0.0528431378828443,1.524654422687586,,59.0172676033393,0.0219193580716017,,2.022096889716144,,,0.0534212017952337,1.4695008466904702,,0.0205969273633786,4.123290274869524,,,,,,,,2.730588658401853,1.186016442527244,0.6335085843167818,,3.473150372467709,1.8125346340098965,0.4584172610559158,,0.2904064710214485,,,,,,0.0210228309306119,0.3235989078590331,0.6185122745282268,,,0.3561670930947015,,0.743978848218132,0.0509395216916329,-0.7812212259278648,-0.013482141557173442,-0.8058707579658089,-0.8572574253355764,-0.5777592859729849,2.3416708862024804,0.22593953983884282
Centipede_Reef,2020,Concurrent,5.46,38.377224,2018,2020,0,18.95519574480008,18.75246626282131,0.2027294819787677,0.2027294819787677,0.0106951932709205,0.0106951932709205,3,77.19551759010656,4.280333128099782,11.916126999200548,56.80061469869472,4.68,0.0,1,0,0,1,0,10.32,0.0,1,0,0,1,0,11.35,0.0,1,0,0,1,0,12.29,0.0,1,0,0,1,0,centipede reef,Central,-18.74194444444445,0.9893048067290795,18.570866007307604,7.3235010268797085,0.3943543087327173,2.5004756650925977,0.13464507600823056,3.513877691021064,0.18921453041761,1.4559946481422434,0.07840208677232995,1.966256520542659,0.10587855837034958,4.237725170445624,18.400822506370027,6.362607083768489,0.3457784064579652,2.267786831010713,0.12324377512068535,3.506488980874888,0.1905615349347023,1.0695479215425376,0.058125006160582214,3.189690342855989,0.1733449872554217,7.327132123644207,True,True,True,0.3863585016730171,0.13191505372760634,0.18537807460970246,0.07681243009804645,0.10373179718189172,,10.71132042179185,3.813986312647225,,,0.0,0.9483191207228804,,61.547261354124736,0.0226656691504394,,3.376960471085614,,,0.0,0.8409360464598379,,0.0198286529001721,7.3235010268797085,,,,,,,,1.966256520542659,1.4559946481422434,1.0003500779114178,,3.513877691021064,2.5004756650925977,0.8104103777179138,,0.0816844167205222,,,,,,0.3825542263840639,0.4444297540884571,0.3252646259350961,,,1.1160348015676047,,0.2303630486303002,0.5570190079289735,-0.4657362703215631,0.22065428624870262,1.6990432852558273,0.01834597602858237,-0.5777592859729849,-0.4989432437840242,0.5303490995019515
Centipede_Reef,2022,Heatwave_Only,5.04,0.0,2020,2025,3,18.75246626282131,16.993564399489443,1.758901863331868,1.758901863331868,0.0937957620443275,0.0937957620443275,2,75.29053719591272,7.389728944693698,12.786687614098469,45.33496086089584,5.46,38.377224,1,1,1,1,1,10.14,38.377224,2,1,1,1,1,15.78,38.377224,2,1,1,1,1,15.78,38.377224,2,1,1,1,1,centipede reef,Central,-18.74194444444445,0.9062042379556724,18.400822506370027,6.362607083768489,0.3457784064579652,2.267786831010713,0.12324377512068535,3.506488980874888,0.1905615349347023,1.0695479215425376,0.058125006160582214,3.189690342855989,0.1733449872554217,7.327132123644207,,,,,,,,,,,,,True,False,False,0.33929441571016233,0.12093272422021809,0.186988150344089,0.057035053765862584,0.17009444507999877,,11.553656287077036,7.249882025544243,,,0.1188572256558859,0.6274746727136241,,55.57016971018842,0.0,,6.62734662409719,,,0.1084032264601261,0.5913822730868908,,0.0,6.362607083768489,,,,,,,,3.189690342855989,1.0695479215425376,1.133323545574554,,3.506488980874888,2.267786831010713,0.8713778007428556,,0.2581093978080174,,,,,,0.3437775074318029,0.194089262852277,0.3451692444173277,,,0.5002989111294276,,0.4352174506214263,0.3224292745460426,-0.48092416261855225,0.09458082512246173,-0.8058707579658089,0.8939493773927413,1.3420104933676291,-0.7018442530687745,0.733288805944024
Chicken_Reef,1988,Storm_Only,0.45,22.481028,1986,1990,2,32.10809339738911,18.68221986559841,13.425873531790703,13.425873531790703,0.4181460844038293,0.4181460844038293,10,,,,,0.0,0.0,0,0,0,0,0,0.0,0.0,0,0,0,0,0,0.0,0.0,0,0,0,0,0,0.0,0.0,0,0,0,0,0,chicken reef,Central,-18.661952777777778,0.5818539155961706,,,,,,,,,,,,,,,,,,,,,,,,,False,False,False,,,,,,,,,,,,,,,,,,,,,,,,,,,,,,,,,,,,,,,,,,,,,,,,,,,,,,,0.5196398623998016,-1.2832220000428853,0.6614850555567849,-0.8572574253355764,-0.5777592859729849,0.9213638212092281,-2.716686203571208
Chicken_Reef,1989,Storm_Only,0.17,41.000868,1986,1990,1,32.10809339738911,18.68221986559841,13.425873531790703,13.425873531790703,0.4181460844038293,0.4181460844038293,1,,,,,0.45,23.16512773356923,0,1,0,0,1,0.45,23.16512773356923,0,1,0,0,1,0.45,23.16512773356923,0,1,0,0,1,0.45,23.16512773356923,0,1,0,0,1,chicken reef,Central,-18.661952777777778,0.5818539155961706,,,,,,,,,,,,,,,,,,,,,,,,,False,False,False,,,,,,,,,,,,,,,,,,,,,,,,,,,,,,,,,,,,,,,,,,,,,,,,,,,,,,,0.5196398623998016,-1.3672709741270461,1.8702907600605234,-0.8572574253355764,1.3420104933676291,-0.9047452623535249,-2.6152163503501717
Chicken_Reef,2000,Storm_Only,0.0,22.481028,1999,2003,3,43.089550704483166,28.341773810864595,14.747776893618571,14.747776893618571,0.3422587762578867,0.3422587762578867,11,41.13860354588936,0.7419752984927062,,41.50144406732008,0.61,0.0,0,0,0,0,0,2.56,0.0,0,0,0,0,0,4.71,0.0,0,0,0,0,0,4.71,0.0,0,0,0,0,0,chicken reef,Central,-18.661952777777778,0.6577412237421132,42.922855975534254,17.47842474396161,0.4072055399557802,4.0605507547962745,0.09460113178654192,7.6192305552821775,0.1775098693252166,0.5940313558107744,0.013839511428348765,6.063194118062172,0.1412579377643965,0.6987489014883145,28.25416223967763,8.041474446324322,0.2846120291272198,3.0361960136639103,0.10746013234822256,5.823019400294075,0.20609421546099657,1.3841441772658964,0.048989036217896686,5.57746276319866,0.19740322561630116,3.5485219621224493,True,True,True,0.40563023884449795,0.09423516115645648,0.17682316085253239,0.013785972378425602,0.14071147224636388,,18.80921572974458,0.034693648326708,,0.0,0.0,0.0,,21.46599331621673,0.6853833446482571,,0.0345551902220532,0.0,,0.0,0.0,,0.6641937112662613,17.47842474396161,,,,,,,,6.063194118062172,0.5940313558107744,3.2564283843548467,,7.6192305552821775,4.0605507547962745,,3.850996063266399,0.0,,,,,,1.3249691275746744,1.0377356310510673,0.7941214385652737,,,6.194605791259682,,1.4817077499950175,2.44734248164224,1.3423381163301147,-1.4183007083924293,0.6614850555567849,-0.8572574253355764,-0.5777592859729849,1.1242648304939784,-1.4990479649187731
Chicken_Reef,2016,Heatwave_Only,4.1,0.0,2015,2016,0,16.5574586847676,21.41436222765299,-4.856903542885391,0.0,-0.2933362924440577,-0.2933362924440577,2,75.95460937128506,1.999234114828164,25.739946829927167,63.08647049983152,3.2,17.710106156956243,0,1,0,0,1,6.45,17.710106156956243,0,1,0,0,1,8.620000000000001,17.710106156956243,0,1,0,0,1,8.620000000000001,17.710106156956243,0,1,0,0,1,chicken reef,Central,-18.661952777777778,1.2933362924440577,16.441665822339083,3.698577020223243,0.22495147755636982,2.33963585698128,0.14229919779797778,3.041950664687512,0.18501474835685155,0.7636113085880655,0.04644367041875748,4.186436932540747,0.2546236481009539,1.9469971604075937,21.319840502514843,6.824692997204021,0.32010994624462574,2.443844565277092,0.11462771332594263,4.409656066526358,0.2068334454005978,1.48413462462296,0.06961283901011805,3.569014929116637,0.1674034535434561,2.2401420932084393,True,True,True,0.22337830283253737,0.14130404318228376,0.1837208669882427,0.04611887144798173,0.25284296414353447,,26.935498621735714,1.1190193500500905,,0.0,0.0,0.5217413343632367,,46.8580173505412,0.4221401812784954,,1.0405325517836062,0.0,,0.0,0.4890841558431654,,0.4173804527808223,3.698577020223243,,,,,,,,4.186436932540747,0.7636113085880655,2.17612807169644,,3.041950664687512,2.33963585698128,,0.2353259676217934,0.142630289914333,,,,,,0.9756872220396242,0.9697382083211594,0.1695374922497776,,,2.286360869291153,,0.5616539437441033,0.169934679030583,-0.6453676286658158,-0.1875835878743633,-0.8058707579658089,-0.8572574253355764,1.3420104933676291,-0.7018442530687745,0.12446968661780661
Chicken_Reef,2017,Heatwave_Only,5.36,0.0,2016,2017,0,21.41436222765299,25.00060267131752,-3.586240443664529,0.0,-0.1674689353593502,-0.1674689353593502,1,71.67895392923073,2.3129027305058014,26.410457623075345,75.03227095350869,6.44,17.710106156956243,1,1,0,1,1,8.93,17.710106156956243,1,1,0,1,1,11.38,17.710106156956243,1,1,0,1,1,12.72,17.710106156956243,1,1,0,1,1,chicken reef,Central,-18.661952777777778,1.1674689353593501,21.319840502514843,6.824692997204021,0.32010994624462574,2.443844565277092,0.11462771332594263,4.409656066526358,0.2068334454005978,1.48413462462296,0.06961283901011805,3.569014929116637,0.1674034535434561,2.2401420932084393,24.911932454825322,8.406436839176278,0.33744619589107755,3.643921016888835,0.14627211371484852,5.582911752180381,0.22410592844630958,0.796476312411538,0.0319716791885113,4.235847569823472,0.17003287791923216,2.7205896921896446,True,True,True,0.3186969999223744,0.11412175339601216,0.2059204948365,0.0693055720663235,0.16666454462546934,,24.80227124059948,1.1367127369862853,,0.0,0.0952675087542965,1.062509720787287,,44.45696360683344,0.0623005207358185,,1.0661304998583558,0.0,,0.0948851263903518,1.013684058586123,,0.0654424083736085,6.824692997204021,,,,,,,,3.569014929116637,1.48413462462296,2.4277516141986166,,4.409656066526358,2.443844565277092,,0.1607457055691594,0.2227411338554293,,,,,,0.9690892193945788,0.4261446734072093,0.3243759620427791,,,0.7062875975917325,,1.164542079004394,0.0720253475306705,-0.28150280157601903,0.19063679550435964,-0.8058707579658089,0.01834597602858237,1.3420104933676291,-0.9047452623535249,0.22593953983884282
Chicken_Reef,2020,Concurrent,6.5200000000000005,38.377224,2018,2020,0,28.119333102519416,37.56637384451145,-9.447040741992035,0.0,-0.335962474911811,-0.335962474911811,3,63.31090887204469,2.943999739213345,20.355083941516305,45.72447957064371,5.36,0.0,1,0,0,1,0,11.8,0.0,2,0,0,2,0,12.66,17.710106156956243,2,1,0,2,1,14.29,17.710106156956243,2,1,0,2,1,chicken reef,Central,-18.661952777777778,1.335962474911811,28.00615085228982,10.947392317565097,0.39089242842773675,3.2645141079801787,0.116564183532321,6.492466320026749,0.23182287184945005,0.8079722243769772,0.028849813337019727,4.355969005861057,0.155536154498179,2.8847806688389017,37.45549323607982,18.52936896375632,0.4947036432537885,2.646280304922457,0.0706513271162418,7.779957902498789,0.20771206651751087,1.2195185279945442,0.03255913679491521,4.391301976794658,0.11724053262672406,2.2432011494875272,True,True,True,0.3893190595115586,0.1160950046744774,0.23088976884181658,0.028733690853592297,0.15491011077609002,,18.869036160409195,1.3207263124993958,,0.0,0.1288352616206119,1.5982509834930172,,41.31988416107622,0.0,,1.2404439139380767,0.0,,0.1272633727970373,1.5170733821037878,,0.0,10.947392317565097,,,,,,,,4.355969005861057,0.8079722243769772,2.010979574968942,,6.492466320026749,3.2645141079801787,,0.1268573015108184,0.4962887386121928,,,,,,1.2149410123542024,0.7419731822098442,0.5387085989261547,,,2.433954692573239,,0.6549903719714787,0.5535969877076851,0.220813755976206,0.5388396881387394,1.6990432852558273,0.8939493773927413,-0.5777592859729849,-0.4989432437840242,0.5303490995019515
Chicken_Reef,2022,Heatwave_Only,5.45,0.0,2021,2025,3,44.55431412108499,40.47068978248909,4.083624338595904,4.083624338595904,0.0916549703244867,0.0916549703244867,2,47.43542977135675,2.429987073012166,22.35707745244986,49.48222050444446,6.5200000000000005,38.377224,1,1,1,1,1,11.88,38.377224,2,1,1,1,1,18.32,38.377224,3,1,1,2,1,18.32,56.08733015695624,3,2,1,2,1,chicken reef,Central,-18.661952777777778,0.9083450296755133,44.473678263667594,20.998888005390857,0.47216440881944605,3.1642506970634807,0.07114884175542749,9.938287165290664,0.22346447501756708,1.700831065512129,0.038243543864947396,5.64954343760119,0.12703117120439616,2.373755376598305,40.34451229521043,15.451323186382758,0.38298450786371485,3.860388480130459,0.09568559044370334,9.860428452823014,0.24440569217126493,1.7198056965970236,0.04262799569896383,5.572463736825509,0.13812197545109633,2.0601970843423647,True,True,True,0.47130987020296855,0.07102007425058807,0.22306004168937357,0.03817432944629763,0.12680126602886221,,18.58857361698419,0.8777520289727558,,0.0,0.3502656313730065,1.2649756035787914,,26.225629009663965,0.0,,0.8273717736835378,0.0,,0.3444089866700846,1.2019746162446827,,0.0,20.998888005390857,,,,,,,,5.64954343760119,1.700831065512129,2.965543314284631,,9.938287165290664,3.1642506970634807,,0.0563345785246421,0.6651466635823622,,,,,,1.544428127735956,0.5981978044182564,0.6700740051602138,,,3.106050271186052,,0.144160411833199,0.6687403744297052,1.45207385281391,0.21765253717426836,-0.8058707579658089,0.8939493773927413,1.3420104933676291,-0.7018442530687745,0.733288805944024
Chicken_Reef,2024,Concurrent,6.04,23.818572,2023,2025,1,48.513518221691015,40.47068978248909,8.042828439201926,8.042828439201926,0.1657853054987439,0.1657853054987439,2,43.326799191202,1.9165658901912093,25.681098833317705,66.00426134079001,6.1000000000000005,0.0,1,0,0,1,0,12.62,38.377224,2,1,1,1,1,17.98,38.377224,3,1,1,1,1,22.08,38.377224,4,1,1,2,1,chicken reef,Central,-18.661952777777778,0.8342146945012561,48.38462903223408,26.64555138182226,0.5507028144014674,3.144604292301856,0.06499180328957167,9.019611803608804,0.18641481776371363,1.3335898034832971,0.027562261614010784,4.924398650642573,0.10177609602756102,1.8526011062543541,40.34451229521043,15.451323186382758,0.38298450786371485,3.860388480130459,0.09568559044370334,9.860428452823014,0.24440569217126493,1.7198056965970236,0.04262799569896383,5.572463736825509,0.13812197545109633,2.0601970843423647,True,True,True,0.549239724483818,0.06481913511058991,0.18591955673864155,0.027489035064190256,0.10150570049650225,,13.52911166685529,0.7712097180006856,,0.0,0.029665868244669,1.1720822699009072,,27.68518922452133,0.0,,0.7162699294066398,0.0,,0.0319762607097834,1.1043549161379311,,0.0,26.64555138182226,,,,,,,,4.924398650642573,1.3335898034832971,2.914278916735692,,9.019611803608804,3.144604292301856,,0.4025941836396039,0.078609775450077,,,,,,2.0382625935038687,0.3343152198978925,0.95177229923727,,,3.782379203996919,,0.1449931137508288,0.1494239254822722,1.7486856967099047,0.39475573256589247,0.7487876897709439,0.8939493773927413,1.3420104933676291,-0.7018442530687745,0.9362285123860965
Chicken_Reef,2025,Heatwave_Only,4.89,0.0,2024,2025,0,42.27768107465533,40.47068978248909,1.8069912921662377,1.8069912921662377,0.042741021887539,0.042741021887539,1,48.06966642897199,1.699591808036216,30.83829576892224,72.39226507631636,12.14,18.51984,2,1,1,1,1,18.66,56.897064,3,2,2,1,1,18.66,56.897064,3,2,2,1,1,24.020000000000003,56.897064,4,2,2,1,1,chicken reef,Central,-18.661952777777778,0.957258978112461,42.16628279252173,18.621305124533688,0.4416159995928361,3.747288826120887,0.08886931875307434,8.372199371650249,0.1985519902915197,1.7213881621769969,0.04082380632523502,6.104315579437715,0.1447676953046553,1.6470546235708114,40.34451229521043,15.451323186382758,0.38298450786371485,3.860388480130459,0.09568559044370334,9.860428452823014,0.24440569217126493,1.7198056965970236,0.04262799569896383,5.572463736825509,0.13812197545109633,2.0601970843423647,True,True,True,0.44045237702729184,0.08863515526085267,0.19802882180000228,0.040716238885886685,0.14438624409551964,,12.262975662771492,0.9741623785103724,,0.0,0.030716908623822,0.715465181868191,,33.99486326595349,0.0,,0.9186990652710348,0.0,,0.035304573092422,0.6930509852073546,,0.0,18.621305124533688,,,,,,,,6.104315579437715,1.7213881621769969,3.332294523980389,,8.372199371650249,3.747288826120887,,0.2674912046218057,0.3869534584552486,,,,,,0.7730643332144791,0.5277740521099539,0.7388260159554938,,,5.842128520983003,,0.2262727791686685,0.370327106264345,1.2815152484538326,0.049554589005947,-0.8058707579658089,1.7695527787569,3.2617802727082434,-0.9047452623535249,1.0376983656071328
Chinaman_Reef_22_102,1992,Storm_Only,0.87,22.481028,1990,1995,3,21.187099272619346,20.691549088191305,0.4955501844280405,0.4955501844280405,0.0233892416348118,0.0233892416348118,10,,,,,1.2200000000000002,0.0,0,0,0,0,0,1.2200000000000002,0.0,0,0,0,0,0,1.2200000000000002,0.0,0,0,0,0,0,1.2200000000000002,0.0,0,0,0,0,0,chinaman reef 22 102,South,-22.01736111111111,0.9766107583651882,,,,,,,,,,,,,20.49414301647946,1.9716380846355617,0.09620495392513637,4.678529529857363,0.22828617552318875,2.4304206452504835,0.1185909868637185,1.555628389616584,0.07590599852678369,4.048260069510229,0.19753253728418893,0.6482960680857668,False,True,False,,,,,,,,,,,,,,,,,,,,,,,,,,,,,,,,,,,,,,,,,,,,,,,,,,,,,,,-0.29852866900514796,-1.1571485389166445,0.6614850555567849,-0.8572574253355764,-0.5777592859729849,0.9213638212092281,-2.310806790687063
Chinaman_Reef_22_102,1994,Storm_Only,0.32,29.117304,1993,1995,1,21.72245254512056,20.691549088191305,1.0309034569292557,1.0309034569292557,0.047457967961395,0.047457967961395,2,54.283402675176575,0.7022978655017987,,,1.27,22.481028,0,1,0,0,1,2.0900000000000003,22.481028,0,1,0,0,1,2.0900000000000003,22.481028,0,1,0,0,1,2.0900000000000003,22.481028,0,1,0,0,1,chinaman reef 22 102,South,-22.01736111111111,0.952542032038605,21.545467255023915,1.191534419976602,0.055303252692222915,5.231494891799742,0.24281185596380492,0.9469097084289484,0.04394936982432583,2.333184662394048,0.10829120736984724,6.096036439853921,0.28293823325797046,0.6332337024853283,20.49414301647946,1.9716380846355617,0.09620495392513637,4.678529529857363,0.22828617552318875,2.4304206452504835,0.1185909868637185,1.555628389616584,0.07590599852678369,4.048260069510229,0.19753253728418893,0.6482960680857668,True,True,True,0.05485266534713882,0.24083352839340763,0.04359128908036903,0.10740889674164086,0.28063297305824947,,9.976535479195276,0.1083104809195178,,,0.0,0.2665253591540291,,43.489798214865885,0.2700957780263701,,0.3191599303301629,,,0.0,0.1575666473109939,,0.1565071248441715,1.191534419976602,,,,,,,,6.096036439853921,2.333184662394048,2.163330376580702,,0.9469097084289484,5.231494891799742,,3.582976755989953,0.9173326983278514,,,,,,0.0,0.0,0.7679627942845151,,,0.5975497544356123,,18.2326723125634,0.0,-0.25842158756723105,-1.3222447380105313,1.0946404330039583,-0.8572574253355764,1.3420104933676291,-0.7018442530687745,-2.1078670842449907
Chinaman_Reef_22_102,2002,Heatwave_Only,4.47,0.0,2001,2005,3,35.177559666766776,38.84863212604097,-3.671072459274193,0.0,-0.1043583606722542,-0.1043583606722542,8,29.90616616395352,1.3246868947426558,,33.49828332422792,0.32,0.0,0,0,0,0,0,2.95,0.0,0,0,0,0,0,3.44,0.0,0,0,0,0,0,3.76,29.117304,0,1,0,0,1,chinaman reef 22 102,South,-22.01736111111111,1.1043583606722542,35.075232822748895,10.93087234466354,0.31164076372357125,7.765702451279368,0.22140130873893252,3.3354758058603453,0.09509490137146122,1.5742797863124751,0.04488294615941758,7.054048611922142,0.20111195405514365,1.311921366909355,38.65294925676242,14.542975450650603,0.37624491093926754,8.228228021230946,0.2128745200417378,2.919372666749785,0.07552781153533929,2.4963927758351145,0.06458479427409708,6.465581257300474,0.1672726501243448,0.5679478516508013,True,True,True,0.31073424217627693,0.22075728176834972,0.09481828294676913,0.04475238763647785,0.20052694611975314,,16.018431546825312,0.0,,,0.0,0.0,,12.39113650703706,1.2665995253659927,,0.0,,,0.0,0.0,,1.311921366909355,10.93087234466354,,,,,,,,7.054048611922142,1.5742797863124751,2.077497219001468,,3.3354758058603453,7.765702451279368,,2.337356603709558,0.0,,,,,,0.3465748002729031,3.0729416283006223,1.1864984132760497,,,0.4674018194219368,,1.4428612078816287,25.23242962400816,0.7495951834193243,-0.07651887212029389,-0.8058707579658089,-0.8572574253355764,-0.5777592859729849,0.5155618026397275,-1.2961082584767007
Chinaman_Reef_22_102,2004,Heatwave_Only,4.2700000000000005,0.0,2003,2006,2,43.07572841978988,36.82744412083712,6.248284298952761,6.248284298952761,0.145053479724377,0.145053479724377,2,28.002157608700777,0.3207940847803767,,28.5495552135128,4.47,0.0,1,0,0,1,0,4.79,0.0,1,0,0,1,0,7.42,0.0,1,0,0,1,0,7.76,0.0,1,0,0,1,0,chinaman reef 22 102,South,-22.01736111111111,0.854946520275623,42.939929511431224,16.296416938027303,0.3795166206243763,9.893727948581477,0.23040857451681715,3.2926761793802743,0.07668098706365405,1.5054347309887064,0.03505908715075878,7.026434955086305,0.1636340589058435,0.3017683883285945,36.66321472694442,13.448689766875056,0.36681698173595745,8.198498387478512,0.2236164626735063,2.8903527387256487,0.07883522381362482,1.8948101923376168,0.05168150710322433,7.025026131242558,0.19160966062476095,0.1003377925592273,True,True,True,0.3783201709141706,0.2296821971798878,0.07643924549091434,0.03494856120174345,0.16311819237531955,,12.1202201525739,0.0,,,0.0,0.0,,15.382266965262946,0.410511230209809,,0.0,,,0.0,0.0,,0.3017683883285945,16.296416938027303,,,,,,,,7.026434955086305,1.5054347309887064,2.0495024488742137,,3.2926761793802743,9.893727948581477,,2.8757363104929423,0.8579120280093437,,,,,,0.0,1.0936406203758162,0.1964136917298137,,,0.2972129044660933,,1.707459100299219,21.68316070552052,1.3413025917030557,-0.1365538536089798,-0.8058707579658089,0.01834597602858237,-0.5777592859729849,-0.7018442530687745,-1.0931685520346281
Chinaman_Reef_22_102,2009,Storm_Only,0.77,42.338412,2008,2012,3,35.29437501131859,24.350881585429992,10.9434934258886,10.9434934258886,0.3100633860885515,0.3100633860885515,5,32.70885839685324,0.5510845829632754,27.46912163583206,42.90152488854002,1.97,0.0,0,0,0,0,0,6.24,0.0,1,0,0,1,0,10.71,0.0,2,0,0,1,0,10.71,0.0,2,0,0,1,0,chinaman reef 22 102,South,-22.01736111111111,0.6899366139114484,35.17059906674805,13.422643837761102,0.38164387852157755,7.001234850693983,0.19906498713333778,3.141353404157176,0.08931759729754389,1.9347656545317176,0.055010881414327015,5.2436906474908245,0.14909301480873716,0.5126919586782168,,,,,,,,,,,,,True,False,False,0.3803054688872258,0.19836687428092292,0.08900436409908864,0.05481796047985707,0.14857015164057216,,8.553707419878466,0.0704892046132051,,,0.0,0.4014332970625294,,23.50575455160224,0.0,,0.0329802850262739,,,0.0,0.4797116736519429,,0.0,13.422643837761102,,,,,,,,5.2436906474908245,1.9347656545317176,4.339907153462836,,3.141353404157176,7.001234850693983,,0.0870035186504107,1.1016740930567903,,,,,,0.1974621133860971,4.418368168772695,0.3604152190318632,,,0.4631103697383176,,0.3253217902149939,22.42687450203788,0.7583466430214086,-1.1871660296609876,1.9575933942746824,0.01834597602858237,-0.5777592859729849,-0.09314122521452356,-0.5858192859294471
Chinaman_Reef_22_102,2020,Heatwave_Only,6.6000000000000005,0.0,2019,2020,0,15.828214248965844,15.003238529302154,0.8249757196636907,0.8249757196636907,0.0521205807987841,0.0521205807987841,11,62.82123578058565,3.198981247592981,19.23401360534023,40.696621990840015,1.09,0.0,0,0,0,0,0,2.22,0.0,0,0,0,0,0,2.22,0.0,0,0,0,0,0,2.22,0.0,0,0,0,0,0,chinaman reef 22 102,South,-22.01736111111111,0.9478794192012159,15.690977633640712,1.4604669064722189,0.09307685859809316,5.919894161114027,0.3772801350772469,2.7979187359035365,0.17831385661432156,0.2098214296298277,0.013372106858401258,2.796622675800265,0.17823125754793243,3.161302319323155,14.897211791123445,1.3524836667570097,0.09078770482157553,5.689045586692576,0.3818866017654669,2.3647442806061223,0.15873737406453223,0.5252832677621946,0.03526050882052885,3.117858542723665,0.20929141549705643,1.7529628481479453,True,True,True,0.09226984696442558,0.37400897334333283,0.17676780790899024,0.013256165624845306,0.17668592500780594,,12.042338329135974,1.1909887183142227,,,0.4575492095276782,1.9762430965966071,,46.91203786056796,0.0,,0.939582869311302,,,0.3052462029156787,1.9164732470961745,,0.0,1.4604669064722189,,,,,,,,2.796622675800265,0.2098214296298277,2.4833616750303054,,2.7979187359035365,5.919894161114027,,0.0228920496905311,1.2779877088470022,,,,,,0.3614223722931332,1.3217231042490378,0.7458331710005579,,,0.2594970919140437,,0.3596284573510553,15.57718791669036,-0.7000004617448035,0.5628536807342138,-0.8058707579658089,-0.8572574253355764,-0.5777592859729849,1.1242648304939784,0.5303490995019515
Chinaman_Reef_22_102,2024,Heatwave_Only,9.41,0.0,2023,2025,1,19.16056476708068,18.457508644550444,0.703056122530235,0.703056122530235,0.0366928705430509,0.0366928705430509,4,71.61973658018147,5.93620754298458,33.29703687495954,65.35784258920562,0.35,0.0,0,0,0,0,0,6.95,0.0,1,0,0,1,0,8.040000000000001,0.0,1,0,0,1,0,8.58,0.0,1,0,0,1,0,chinaman reef 22 102,South,-22.01736111111111,0.9633071294569491,19.02123833375548,1.8950808792059315,0.09962973208967589,10.486642258948986,0.5513122791978888,0.6464263476166058,0.033984451289348724,0.0839210156532627,0.004411963836462463,2.981395259895751,0.156740334545144,5.8948144502861135,18.35610452195336,2.589867897186706,0.14109027839154548,9.508822940156678,0.5180196554658101,0.9881243320625824,0.0538308294595302,0.3424976124871236,0.018658512871154477,2.6724184809672225,0.14558745172599605,2.400582470967763,True,True,True,0.0989052724824597,0.5473034008353367,0.03373733266606086,0.004379882152401136,0.15560059403979662,,33.07519328957487,1.1223770249857423,,,0.2118755309488024,5.200748227351077,,31.67648655618421,0.0,,1.0684607393424757,,,0.1030383628090955,4.723315348134542,,0.0,1.8950808792059315,,,,,,,,2.981395259895751,0.0839210156532627,2.8037487419997627,,0.6464263476166058,10.486642258948986,,0.1240238304351787,0.9820310970897306,,,,,,0.6583858372123134,1.3248695885684227,0.7934030296583889,,,0.8471925699172476,,0.0324875159552286,3.6597982919387166,-0.450350631483585,1.406345170650254,-0.8058707579658089,0.01834597602858237,-0.5777592859729849,-0.2960422344992739,0.9362285123860965
Corbett_Reef,2016,Heatwave_Only,6.94,0.0,2013,2019,3,16.068368231523028,25.64207088645924,-9.573702654936213,0.0,-0.5958105090070355,-0.5958105090070355,1,,,,,2.42,23.880353060396025,0,1,0,0,1,2.42,23.880353060396025,0,1,0,0,1,2.42,23.880353060396025,0,1,0,0,1,2.42,23.880353060396025,0,1,0,0,1,corbett reef,North,-13.99222222222222,1.5958105090070354,,,,,,,,,,,,,25.167434978906087,8.359203976079787,0.33214366037246135,7.272590830921713,0.2889682972069734,5.77176266815346,0.22933456162660293,1.2602402327908913,0.050074242124680285,0.3643028255719959,0.014475167051284082,1.554785533431893,False,True,False,,,,,,,,,,,,,,,,,,,,,,,,,,,,,,,,,,,,,,,,,,,,,,,,,,,,,,,-0.6820088367173518,0.6649131492649802,-0.8058707579658089,-0.8572574253355764,1.3420104933676291,-0.9047452623535249,0.12446968661780661
Corbett_Reef,2020,Heatwave_Only,6.1000000000000005,0.0,2019,2020,0,25.64207088645924,21.552669869631544,4.089401016827697,4.089401016827697,0.1594801385167053,0.1594801385167053,3,52.62110085993015,1.6589575793111335,9.989282258769812,50.94659996544072,12.19,0.0,1,0,0,1,0,19.82,23.880353060396025,2,1,0,2,1,21.55,23.880353060396025,2,1,0,2,1,21.550000000000004,23.880353060396025,2,1,0,2,1,corbett reef,North,-13.99222222222222,0.8405198614832946,25.167434978906087,8.359203976079787,0.33214366037246135,7.272590830921713,0.2889682972069734,5.77176266815346,0.22933456162660293,1.2602402327908913,0.050074242124680285,0.3643028255719959,0.014475167051284082,1.554785533431893,21.094773873622632,5.458951012661981,0.2587821535971984,7.204020710967169,0.3415073683238309,4.171004999847508,0.19772693582001483,1.4159819719099476,0.06712477604135508,0.6442967380266339,0.030542955420454952,1.0587166020924668,True,True,True,0.32599566599334284,0.2836194807792274,0.22508956837808852,0.049147365607525244,0.014207231045616234,,5.37643076719788,0.126628906755032,,0.0,0.5406542131697134,1.0241658144730563,,45.41542603792085,0.0,,0.1126897791461224,0.0,,0.4964201201155003,0.9456756341702702,,0.0,8.359203976079787,,,,,,,,0.3643028255719959,1.2602402327908913,1.196503013435661,,5.77176266815346,7.272590830921713,0.9428314319525806,,0.5100634399647754,,,,,0.0513415029632048,0.0,0.0511685487541972,0.1166608779490914,,0.0203881782139469,1.156938602999882,,,,0.0352246084990615,0.4127662270124985,-0.8058707579658089,0.8939493773927413,1.3420104933676291,-0.4989432437840242,0.5303490995019515
Corbett_Reef,2021,Heatwave_Only,4.71,0.0,2020,2024,3,21.552669869631544,21.27429383465208,0.2783760349794626,0.2783760349794626,0.0129160812402042,0.0129160812402042,1,59.0503185714335,1.15673573875311,7.67738925296269,54.55112345096792,7.700000000000001,0.0,1,0,0,1,0,25.230000000000004,0.0,3,0,0,2,0,25.92,23.880353060396025,3,1,0,2,1,27.65,23.880353060396025,3,1,0,2,1,corbett reef,North,-13.99222222222222,0.9870839187597957,21.094773873622632,5.458951012661981,0.2587821535971984,7.204020710967169,0.3415073683238309,4.171004999847508,0.19772693582001483,1.4159819719099476,0.06712477604135508,0.6442967380266339,0.030542955420454952,1.0587166020924668,20.8526535760492,5.5527339000094,0.26628428270573307,6.10488459203146,0.2927629603478076,5.419997351277635,0.2599188315055931,1.2391854228878303,0.059425790505201005,0.6593901807625977,0.03162140388309887,0.9921758360383057,True,True,True,0.2532842123821435,0.3342518933637026,0.193526139688364,0.06569868051034898,0.029894056834901473,,3.655889581629825,0.1195395793981469,,0.1482126554425504,0.3393950257212976,0.5547063987850721,,54.11320257577521,0.0,,0.1090724662368249,0.1315191040867479,,0.309242672682346,0.5088823590865479,,0.0,5.458951012661981,,,,,,,,0.6442967380266339,1.4159819719099476,1.5411413171405135,,4.171004999847508,7.204020710967169,0.6593771230688795,,0.4422253459119779,,,,,0.0188366708552571,0.0461745149041409,0.0758790448534357,0.1063673268105929,,0.2872174775712284,0.610055669114076,,,,-0.27114120271177095,-0.0044768943338704455,-0.8058707579658089,1.7695527787569,-0.5777592859729849,-0.9047452623535249,0.6318189527229878
Corbett_Reef,2022,Concurrent,4.68,19.857384,2021,2025,3,28.01013133007541,20.129937518667525,7.880193811407885,7.880193811407885,0.2813336973877969,0.2813336973877969,1,46.99589816740264,1.224458105776234,13.655379818413858,52.68796451936523,11.63,0.0,2,0,0,2,0,23.0,0.0,3,0,0,2,0,30.630000000000003,23.880353060396025,4,1,0,2,1,30.630000000000003,23.880353060396025,4,1,0,2,1,corbett reef,North,-13.99222222222222,0.7186663026122031,27.53510686534976,7.739042311584083,0.2810609143239938,9.16184213199295,0.3327331241819959,4.954249367907955,0.17992482804351825,1.6994608910508815,0.061719785558177254,1.11921753814291,0.04064692915905606,1.135868965315748,19.701078537404786,5.953934440794607,0.3022136290401752,4.623561187825271,0.2346856888594654,5.019759296256443,0.2547961669573494,1.685742805906347,0.08556601623133314,0.422547652942342,0.021447945204628577,1.6226785790824445,True,True,True,0.2762943957808015,0.3270902954373361,0.1768734787254786,0.060673078288144756,0.03995759694782897,,3.001787750266296,0.1623487495769467,,0.0,0.4717568492322728,0.6065418675145595,,42.59857383803991,0.0,,0.1411050700309943,0.0,,0.4327714785914775,0.5619924166932764,,0.0,7.739042311584083,,,,,,,,1.11921753814291,1.6994608910508815,1.444308963523879,,4.954249367907955,9.16184213199295,1.416985661147104,,0.6418773007186341,,,,,0.0518200650350969,0.1800133083971231,0.0,0.0527413963478175,,0.4759936607513658,0.3965368948829885,,,,0.21263268264473273,-0.013482141557173442,0.49023758075208873,1.7695527787569,-0.5777592859729849,-0.9047452623535249,0.733288805944024
Corbett_Reef,2024,Heatwave_Only,7.51,0.0,2023,2025,1,21.90616578396069,20.129937518667525,1.776228265293167,1.776228265293167,0.0810834850247362,0.0810834850247362,2,58.09784027697224,8.725026952963756,9.719992080932784,66.67527105120632,11.67,19.857384,2,1,1,2,1,18.590000000000003,19.857384,3,1,1,3,1,29.96,19.857384,4,1,1,3,1,36.900000000000006,19.857384,5,1,1,3,1,corbett reef,North,-13.99222222222222,0.9189165149752637,21.494115776239468,6.948421659569795,0.3232708771044624,5.370084169898538,0.24983973408363527,5.033559353245316,0.2341831320555941,1.2894532200438005,0.05999098699697236,0.6681953183997329,0.031087360157349905,8.203380367483517,19.701078537404786,5.953934440794607,0.3022136290401752,4.623561187825271,0.2346856888594654,5.019759296256443,0.2547961669573494,1.685742805906347,0.08556601623133314,0.422547652942342,0.021447945204628577,1.6226785790824445,True,True,True,0.31719022525874,0.24514030537605166,0.22977820047955627,0.05886257014396903,0.030502613966747832,,1.8181125793215096,6.945711900279209,,0.0914637892679908,0.1582439400080906,0.916384745490297,,47.88879663222524,0.2219297443522672,,6.858817401470228,0.0872468384849129,,0.1484062964949586,0.8936984127892678,,0.2152114182441501,6.948421659569795,,,,,,,,0.6681953183997329,1.2894532200438005,1.2002599997965369,,5.033559353245316,5.370084169898538,0.9841420552857478,,0.3099041004937894,,,,,0.0198529018125205,0.0842503384554465,0.0198443333257264,0.0203256552557465,,0.0198610139056625,0.7955108545656395,,,,-0.24465833587931338,0.8360128465077356,-0.8058707579658089,1.7695527787569,1.3420104933676291,-0.7018442530687745,0.9362285123860965
Corbett_Reef,2025,Heatwave_Only,9.88,0.0,2024,2025,0,21.27429383465208,20.129937518667525,1.144356315984556,1.144356315984556,0.0537905664403582,0.0537905664403582,1,53.371339287029386,1.1030917125368855,13.255277909436344,62.46688911507815,14.47,19.857384,2,1,1,1,1,25.28,19.857384,4,1,1,3,1,26.880000000000003,19.857384,4,1,1,3,1,37.47,19.857384,5,1,1,3,1,corbett reef,North,-13.99222222222222,0.9462094335596418,20.8526535760492,5.5527339000094,0.26628428270573307,6.10488459203146,0.2927629603478076,5.419997351277635,0.2599188315055931,1.2391854228878303,0.059425790505201005,0.6593901807625977,0.03162140388309887,0.9921758360383057,19.701078537404786,5.953934440794607,0.3022136290401752,4.623561187825271,0.2346856888594654,5.019759296256443,0.2547961669573494,1.685742805906347,0.08556601623133314,0.422547652942342,0.021447945204628577,1.6226785790824445,True,True,True,0.2610067315590506,0.2869606220295631,0.2547674387409942,0.05824801671533818,0.030994691804461547,,2.157394827067864,0.1919983546695404,,0.026493570531028,0.2372113716797935,0.6064449577332927,,50.004844124704775,0.0272999130350115,,0.1813060056447289,0.0235322286414332,,0.2061975460721629,0.5576534210177165,,0.0234866346622642,5.5527339000094,,,,,,,,0.6593901807625977,1.2391854228878303,1.2892288082827292,,5.419997351277635,6.10488459203146,0.5872333207975483,,0.7808860116369035,,,,,0.2087594486428443,0.0208105218384668,0.0193278265070131,0.0,,0.0,0.5334134186810664,,,,-0.2919963106914468,1.5474273771486668,-0.8058707579658089,2.6451561801210586,1.3420104933676291,-0.9047452623535249,1.0376983656071328
Davie_Reef,1990,Storm_Only,0.42,33.078492,1989,1990,0,30.07353470251121,40.27704154500093,-10.203506842489716,0.0,-0.3392852534104579,-0.3392852534104579,10,,,,,3.55,0.0,0,0,0,0,0,3.55,0.0,0,0,0,0,0,3.55,0.0,0,0,0,0,0,3.55,0.0,0,0,0,0,0,davie reef,North,-13.976944444444444,1.339285253410458,,,,,,,,,,,,,,,,,,,,,,,,,False,False,False,,,,,,,,,,,,,,,,,,,,,,,,,,,,,,,,,,,,,,,,,,,,,,,,,,,,,,,0.3672167514240399,-1.2922272472661884,1.353190542022813,-0.8572574253355764,-0.5777592859729849,0.9213638212092281,-2.5137464971291354
Davie_Reef,2016,Heatwave_Only,7.75,0.0,2015,2017,1,36.09892916214853,26.396747681824312,9.702181480324215,9.702181480324215,0.2687664622056829,0.2687664622056829,10,,,,,3.1500000000000004,0.0,0,0,0,0,0,5.32,0.0,0,0,0,0,0,10.33,0.0,0,0,0,0,0,11.17,0.0,0,0,0,0,0,davie reef,North,-13.976944444444444,0.7312335377943171,,,,,,,,,,,,,,,,,,,,,,,,,False,False,False,,,,,,,,,,,,,,,,,,,,,,,,,,,,,,,,,,,,,,,,,,,,,,,,,,,,,,,0.8186214568799101,0.9080548242941591,-0.8058707579658089,-0.8572574253355764,-0.5777592859729849,0.9213638212092281,0.12446968661780661
Davie_Reef,2017,Heatwave_Only,10.54,0.0,2015,2017,0,36.09892916214853,26.396747681824312,9.702181480324215,9.702181480324215,0.2687664622056829,0.2687664622056829,1,,,,,8.6,0.0,1,0,0,1,0,10.9,0.0,1,0,0,1,0,14.64,0.0,1,0,0,1,0,18.08,0.0,1,0,0,1,0,davie reef,North,-13.976944444444444,0.7312335377943171,,,,,,,,,,,,,,,,,,,,,,,,,False,False,False,,,,,,,,,,,,,,,,,,,,,,,,,,,,,,,,,,,,,,,,,,,,,,,,,,,,,,,0.8186214568799101,1.7455428160613307,-0.8058707579658089,0.01834597602858237,-0.5777592859729849,-0.9047452623535249,0.22593953983884282
Davie_Reef,2020,Heatwave_Only,6.3,0.0,2019,2020,0,50.89201887088023,28.84302303482004,22.04899583606019,22.04899583606019,0.433250563158074,0.433250563158074,3,41.28330175599565,5.194063729081616,21.68752021157762,25.58657284308,11.64,0.0,1,0,0,1,0,20.24,0.0,2,0,0,2,0,22.54,0.0,2,0,0,2,0,22.54,0.0,2,0,0,2,0,davie reef,North,-13.976944444444444,0.566749436841926,50.802684621970656,29.12318430962012,0.5732607346704116,1.4284630081529994,0.028117864612517574,10.422326446194974,0.20515306471988345,2.315888374372392,0.04558594475085749,3.626043741766084,0.07137504186536488,5.133776795956272,28.744429983994806,6.279843843157567,0.21847167770083625,2.3163620412274355,0.08058472693726088,7.714017278690098,0.2683656375508348,3.058400026744508,0.10639974521837646,4.983860216635132,0.17338525131339172,4.773350053959188,True,True,True,0.5722544508110297,0.028068507397539067,0.20479294548400198,0.04550592461753397,0.07124975236226795,,15.850690257590768,0.066106495679591,0.0,0.0309937681590899,0.672433807656304,4.339761396886946,,20.21279031787425,,,0.0577733776034594,0.0,,0.667368650318928,4.383494019224779,0.0,0.0251407488091053,29.12318430962012,0.8222461716375487,,,,,,,3.626043741766084,2.315888374372392,3.064532570226534,,10.422326446194974,1.4284630081529994,,,,0.0,,,,,0.0975768136847219,0.1014369285274054,0.1657566177122502,,0.6105131658270992,2.480344310594534,,0.0971156704052968,,1.9268759201328005,0.4728012085011844,-0.8058707579658089,0.8939493773927413,-0.5777592859729849,-0.4989432437840242,0.5303490995019515
Davie_Reef,2021,Heatwave_Only,5.53,0.0,2020,2021,0,28.84302303482004,33.871462457876675,-5.028439423056636,0.0,-0.174338155088188,-0.174338155088188,1,65.33024814310376,4.830656535232675,14.084890691854303,42.25694050023626,7.4,0.0,1,0,0,1,0,25.69,0.0,3,0,0,2,0,26.54,0.0,3,0,0,2,0,28.84,0.0,3,0,0,2,0,davie reef,North,-13.976944444444444,1.174338155088188,28.744429983994806,6.279843843157567,0.21847167770083625,2.3163620412274355,0.08058472693726088,7.714017278690098,0.2683656375508348,3.058400026744508,0.10639974521837646,4.983860216635132,0.17338525131339172,4.773350053959188,33.751716431963715,7.906581789881649,0.2342571763963364,2.3316631301850155,0.06908280160759091,8.806724004105137,0.2609267004792962,3.7852582904518246,0.1121500975537674,5.511266979480464,0.16328849498928466,5.150162549581105,True,True,True,0.2177248839546527,0.0803092671122255,0.2674482931063619,0.10603604286042864,0.17279257484967814,,26.012397756357185,0.0270530392513648,0.1137117471466073,0.05392532199757,1.9156879668333808,2.77144228981978,,34.347230932843765,,,0.020831902795767,0.100175968105682,,1.8735328366980548,2.729459000304534,0.0,0.0493503460551502,6.279843843157567,1.874185007084143,,,,,,,4.983860216635132,3.058400026744508,2.517761570455922,,7.714017278690098,2.3163620412274355,,,,0.0,,,,,0.7600859649729038,0.0265558857451982,0.0,,0.0558515706975053,2.361802780306202,,0.1768056704815563,,0.2750304621055512,0.24166652976974284,-0.8058707579658089,1.7695527787569,-0.5777592859729849,-0.9047452623535249,0.6318189527229878
Davie_Reef,2022,Concurrent,5.82,19.857384,2021,2022,0,33.871462457876675,37.53377031056192,-3.662307852685245,0.0,-0.1081237002163628,-0.1081237002163628,1,58.1971603667837,5.19910987444856,25.375233485439303,52.268222136448856,12.28,0.0,2,0,0,2,0,23.47,0.0,3,0,0,2,0,32.07,0.0,4,0,0,2,0,32.07,0.0,4,0,0,2,0,davie reef,North,-13.976944444444444,1.1081237002163629,33.751716431963715,7.906581789881649,0.2342571763963364,2.3316631301850155,0.06908280160759091,8.806724004105137,0.2609267004792962,3.7852582904518246,0.1121500975537674,5.511266979480464,0.16328849498928466,5.150162549581105,37.43699132514186,9.421512780242589,0.25166319318815844,2.700774867678328,0.07214187818198271,8.546747796041195,0.22829686610797134,4.126180091504569,0.1102166585895891,7.309337250081543,0.19524371460835724,6.979716664154916,True,True,True,0.23342900530836114,0.06883857268001714,0.2600042444301713,0.11175361250371928,0.16271121999336172,,21.91050951132389,0.1682249652894567,0.0,0.0,1.6455685445569317,3.3759877033688164,,30.988711571041183,,,0.1597420741244227,0.0,,1.637703539057391,3.3527169363992915,0.0,0.0,7.906581789881649,2.0973187741488286,,,,,,,5.511266979480464,3.7852582904518246,3.3129034637107995,,8.806724004105137,2.3316631301850155,,,,0.0961291766981823,,,,,1.2299832980821397,0.1676063316067534,0.1009523028740488,,0.4309665770218717,2.924689098495382,,0.0304644872436854,,0.6517462492416176,0.32871725292833776,0.49023758075208873,1.7695527787569,-0.5777592859729849,-0.9047452623535249,0.733288805944024
Davie_Reef,2024,Heatwave_Only,7.03,0.0,2023,2026,2,46.431239206415846,33.32829709575095,13.102942110664898,13.102942110664898,0.2822009994696489,0.2822009994696489,2,46.05015277284792,6.043716173056195,41.504066924593054,57.7471866469761,13.13,0.0,2,0,0,2,0,19.880000000000003,0.0,3,0,0,3,0,31.07,0.0,4,0,0,3,0,38.82,0.0,5,0,0,3,0,davie reef,North,-13.976944444444444,0.7177990005303512,46.312433697791064,15.572294202436536,0.33624435079470416,3.098901518477636,0.06691294909482251,10.377009004003687,0.22406529252421112,4.401031951640797,0.09502916604122902,7.480613087294019,0.16152494028079586,5.963284288680858,,,,,,,,,,,,,True,False,False,0.335383988637649,0.06674173619836171,0.22349196750643255,0.09478601103182843,0.16111163981727955,,18.523806307775263,0.0,0.0,0.0,0.2373532998044313,5.7493653195208525,,21.472367373447323,,,0.0,0.0,,0.2250071272466038,5.738277161434254,0.0,0.0,15.572294202436536,1.6622842738707158,,,,,,,7.480613087294019,4.401031951640797,3.720299660067672,,10.377009004003687,3.098901518477636,,,,0.0,,,,,0.6420091849703108,0.1680361329541867,0.0292273438146712,,0.3365261976666558,3.16539564885378,,0.0,,1.5926875206794835,0.691928890934889,-0.8058707579658089,1.7695527787569,-0.5777592859729849,-0.7018442530687745,0.9362285123860965
Davie_Reef,2025,Heatwave_Only,8.35,0.0,2024,2026,1,54.05290123016056,33.32829709575095,20.72460413440961,20.72460413440961,0.3834133536359682,0.3834133536359682,1,39.41990501195291,2.662146487391907,47.12965111306673,66.31710317802118,14.63,0.0,2,0,0,1,0,26.46,0.0,4,0,0,3,0,27.56,0.0,4,0,0,3,0,38.1,0.0,5,0,0,3,0,davie reef,North,-13.976944444444444,0.6165866463640318,53.96848245750422,22.558433422471737,0.41799273196600745,2.6923711299660606,0.04988784207682851,12.076039085204272,0.223760953343707,4.577961146326413,0.08482656798680942,7.4046434625734205,0.13720310680227063,2.5728328937308804,,,,,,,,,,,,,True,False,False,0.41733991902518885,0.0498099282127666,0.22341148782715214,0.0846940874983412,0.13698882565144832,,17.74788086040028,0.1019405330933663,0.0307815959782178,0.0298293000057049,0.0986136311438963,2.343434461900424,,18.96533004526245,,,0.0923996639238526,0.0243007369263336,,0.0895827033613772,2.341860085287595,0.0246897042317224,0.0,22.558433422471737,2.1148211493920583,,,,,,,7.4046434625734205,4.577961146326413,2.544213061570265,,12.076039085204272,2.6923711299660606,,,,0.0,,,,,0.3352412183553837,0.3383486303967523,0.031349357822736,,0.3389703708046017,3.124180293901002,,0.0,,2.1636798638297043,1.0881597687602174,-0.8058707579658089,2.6451561801210586,-0.5777592859729849,-0.9047452623535249,1.0376983656071328
Davies_Reef,1988,Storm_Only,0.0,28.637080482677696,1987,1991,3,28.270841365256818,16.462682166813238,11.80815919844358,11.80815919844358,0.4176797940281715,0.4176797940281715,10,,,,,0.0,0.0,0,0,0,0,0,0.0,0.0,0,0,0,0,0,0.0,0.0,0,0,0,0,0,0.0,0.0,0,0,0,0,0,davies reef,Central,-18.81416666666667,0.5823202059718284,,,,,,,,,,,,,,,,,,,,,,,,,False,False,False,,,,,,,,,,,,,,,,,,,,,,,,,,,,,,,,,,,,,,,,,,,,,,,,,,,,,,,0.23216430624693862,-1.4183007083924293,1.0632958356869158,-0.8572574253355764,-0.5777592859729849,0.9213638212092281,-2.716686203571208
Davies_Reef,1989,Storm_Only,0.16,41.000868,1988,1991,2,22.40096173967421,16.462682166813238,5.938279572860971,5.938279572860971,0.2650903850410904,0.2650903850410904,1,,,,,0.0,28.72651512189241,0,1,0,0,1,0.0,28.72651512189241,0,1,0,0,1,0.0,28.72651512189241,0,1,0,0,1,0.0,28.72651512189241,0,1,0,0,1,davies reef,Central,-18.81416666666667,0.7349096149589096,,,,,,,,,,,,,,,,,,,,,,,,,False,False,False,,,,,,,,,,,,,,,,,,,,,,,,,,,,,,,,,,,,,,,,,,,,,,,,,,,,,,,-0.20758968848273116,-1.3702727232014802,1.8702907600605234,-0.8572574253355764,1.3420104933676291,-0.9047452623535249,-2.6152163503501717
Davies_Reef,2000,Storm_Only,0.0,22.481028,1999,2003,3,40.52963287890306,28.46348787382228,12.066145005080775,12.066145005080775,0.2977116778020849,0.2977116778020849,11,49.53599850789816,12.889950859331565,,26.20626485091962,0.79,0.0,0,0,0,0,0,2.76,0.0,0,0,0,0,0,4.43,0.0,0,0,0,0,0,4.43,0.0,0,0,0,0,0,davies reef,Central,-18.81416666666667,0.702288322197915,40.31385720348284,11.262829991204264,0.2793786249317575,6.412730459396151,0.1590701288400192,5.763796748924846,0.1429730903652378,0.9031871488479356,0.022403888178923907,8.784281891012649,0.2178973311006754,12.861617771313792,28.299962423327393,4.636924072419096,0.16384912471109583,6.317315887064208,0.22322700619054192,4.503036735612972,0.1591181171287055,0.9727437223435552,0.03437261533399535,7.230292342519529,0.2554877011624463,18.404817800786095,True,True,True,0.27789124132597115,0.1582232555265552,0.14221191606018918,0.022284612139136174,0.21673726769889254,,12.373602733324116,6.851848268094014,,0.0,0.0,0.0,,24.04293516052703,5.740579863567742,,7.18309396808843,0.0,,0.0,0.0,,5.678523803225363,11.262829991204264,,,,,,,,8.784281891012649,0.9031871488479356,3.354595089807179,,5.763796748924846,6.412730459396151,,3.832435874289816,,,,,,,0.0,1.1340202788715077,0.2041256901423331,,0.099854325649649,0.3717853371672162,,0.2039336108054609,0.1557363133649731,1.1505566554169688,-1.4183007083924293,0.6614850555567849,-0.8572574253355764,-0.5777592859729849,1.1242648304939784,-1.4990479649187731
Davies_Reef,2017,Heatwave_Only,4.3,0.0,2015,2017,0,25.28987973538433,29.085461584299832,-3.795581848915504,0.0,-0.1500830327636914,-0.1500830327636914,17,67.84651778077237,1.498330532342098,27.79515114793364,46.37716729653028,4.640000000000001,0.0,0,0,0,0,0,6.760000000000001,0.0,0,0,0,0,0,8.190000000000001,0.0,0,0,0,0,0,8.34,0.0,0,0,0,0,0,davies reef,Central,-18.81416666666667,1.1500830327636915,25.155229873852853,3.8832715649900624,0.15437233467806463,3.641846140162648,0.14477490996606232,5.194732261321963,0.20650704793286478,2.0262140834963622,0.080548422481421,7.268666000474373,0.28895247775213756,1.4125376564369752,28.972626692871756,7.782435665657869,0.2686133966435501,4.564952415994316,0.1575608751110388,4.108390677496973,0.14180249243703458,1.6130588813352893,0.05567527233325228,7.797749271852372,0.269141950935739,2.2499918090440154,True,True,True,0.15355041643621517,0.14400409089597843,0.2054075509917809,0.08011956184439206,0.2874140200162526,,13.40697991805284,0.9216338175634652,,0.0,0.1051952261812253,1.1816832116060585,,51.54993081437343,0.3852958862140758,,0.4653159993714864,0.0,,0.0294277253895085,0.7947445227069787,,0.1230494089690016,3.8832715649900624,,,,,,,,7.268666000474373,2.0262140834963622,3.0731464661603027,,5.194732261321963,3.641846140162648,,0.0673533572471412,,,,,,,0.1883597240094665,1.4916013548048304,0.2239724429647455,,0.0492912304213299,0.3211110794711229,,0.2178262927171537,0.1637020894916873,0.008839490664850203,-0.12754860638567708,-0.8058707579658089,-0.8572574253355764,-0.5777592859729849,2.3416708862024804,0.22593953983884282
Davies_Reef,2020,Concurrent,5.13,38.377224,2019,2023,3,37.45620210658088,35.659228374595195,1.7969737319856876,1.7969737319856876,0.0479753320123709,0.0479753320123709,3,52.32143868925412,4.061225098516238,24.816893274344068,34.89191700218411,4.3,0.0,1,0,0,1,0,8.940000000000001,0.0,1,0,0,1,0,9.98,0.0,1,0,0,1,0,11.06,0.0,1,0,0,1,0,davies reef,Central,-18.81416666666667,0.952024667987629,37.38180106580134,11.867619679156414,0.317470516154811,5.552514070044322,0.14853522066180025,5.679969109809092,0.1519447685201396,1.8462259669052423,0.049388363167826556,8.619617700577448,0.23058326390975012,4.006882722257174,35.581122017626626,10.951868222385556,0.30779996811118215,5.630046503438216,0.15823128063946754,5.01475285246963,0.14093858113820462,1.3566381872803703,0.03812803279807483,8.924418570639897,0.25081891926338934,6.008250247646273,True,True,True,0.3168399093262936,0.14824017806836776,0.1516429533791721,0.04929026070640699,0.2301252453745977,,17.728275014951166,2.7477574961156908,,0.0,0.2093379389381862,2.665625052798821,,28.63194351844586,0.0,,2.080034872705608,0.0,,0.1661071892200416,1.7607406603315248,,0.0,11.867619679156414,,,,,,,,8.619617700577448,1.8462259669052423,3.715495676887843,,5.679969109809092,5.552514070044322,,0.1003588624209766,,,,,,,0.785014500037222,2.8952413021105223,0.7026372311901754,,0.1030313834077777,0.4290594266222353,,0.1520046243896491,0.3839384226129813,0.9203043255798601,0.12159656679237045,1.6990432852558273,0.01834597602858237,-0.5777592859729849,-0.4989432437840242,0.5303490995019515
Davies_Reef,2022,Heatwave_Only,5.2,0.0,2021,2023,1,39.07525429298804,35.659228374595195,3.4160259183928474,3.4160259183928474,0.0874217194539369,0.0874217194539369,2,55.97275290559535,3.256139875960188,29.95914571780029,36.38349222637045,5.13,38.377224,1,1,1,1,1,9.43,38.377224,2,1,1,1,1,14.07,38.377224,2,1,1,1,1,14.07,38.377224,2,1,1,1,1,davies reef,Central,-18.81416666666667,0.912578280546063,39.05198360662581,13.112749188870993,0.33577677694830843,5.450996833436052,0.1395830974514493,4.994423745853202,0.12789167884946606,3.2679307828545605,0.0836815567622051,8.788023325084497,0.2250339806962703,3.2070774674775193,35.581122017626626,10.951868222385556,0.30779996811118215,5.630046503438216,0.15823128063946754,5.01475285246963,0.14093858113820462,1.3566381872803703,0.03812803279807483,8.924418570639897,0.25081891926338934,6.008250247646273,True,True,True,0.33557681008422874,0.13949997081437343,0.12781551486280254,0.08363172145602601,0.2248999650569513,,16.253713438013058,2.90993590311057,,0.0,0.5161696822303861,1.4629872378822653,,34.51045285734901,0.0,,2.226042099178376,0.0,,0.2098680886575664,0.7711672796415769,,0.0,13.112749188870993,,,,,,,,8.788023325084497,3.2679307828545605,3.437859730526504,,4.994423745853202,5.450996833436052,,0.0,,,,,,,0.0965214172563357,1.0517277359646229,0.167100732209001,,0.1538313250316983,0.4168530840443695,,0.0,0.1056277845134553,1.041598919687944,0.1426088103134107,-0.8058707579658089,0.8939493773927413,1.3420104933676291,-0.7018442530687745,0.733288805944024
Davies_Reef,2024,Concurrent,4.23,23.818572,2023,2024,0,35.659228374595195,37.672240597051896,-2.0130122224567017,0.0,-0.0564513679687706,-0.0564513679687706,2,57.56426529564952,6.087549599670879,24.29743794765925,43.29115864861872,6.300000000000001,0.0,1,0,0,1,0,11.43,38.377224,2,1,1,1,1,15.73,38.377224,3,1,1,1,1,18.35,38.377224,3,1,1,1,1,davies reef,Central,-18.81416666666667,1.0564513679687706,35.581122017626626,10.951868222385556,0.30779996811118215,5.630046503438216,0.15823128063946754,5.01475285246963,0.14093858113820462,1.3566381872803703,0.03812803279807483,8.924418570639897,0.25081891926338934,6.008250247646273,37.58161992583957,9.577462447537918,0.2548443219434735,6.198253560613034,0.164927791107572,5.5987774231876815,0.14897647930652913,1.268587770358585,0.0337555372243642,10.46822864489107,0.2785464986753684,6.198666027575695,True,True,True,0.30712577701731836,0.15788469801688826,0.14062987566052618,0.038044518883837766,0.2502695368752832,,12.442086246582605,4.2984729251687375,,0.1026887453846824,1.0329802402790598,2.8463594234986416,,36.452537499283096,0.0,,3.70812175722625,0.0302699549110374,,0.449782639696868,1.820075895812117,,0.0,10.951868222385556,,,,,,,,8.924418570639897,1.3566381872803703,3.5293147922943136,,5.01475285246963,5.630046503438216,,0.1740828891186452,,,,,,,0.3730683168227313,0.7273573885608182,0.0636371958686207,,0.1548377311564725,0.570230686576032,,0.0,0.1040662688461457,0.7856803762877899,-0.14856084990671706,0.7487876897709439,0.8939493773927413,1.3420104933676291,-0.7018442530687745,0.9362285123860965
Davies_Reef,2025,Heatwave_Only,4.71,0.0,2024,2025,0,37.672240597051896,38.663553358075504,-0.9913127610236074,0.0,-0.0263141439243511,-0.0263141439243511,1,57.66624872689268,6.250995662226109,26.93216064472957,54.2243664780485,10.53,18.51984,2,1,1,1,1,15.66,56.897064,3,2,2,1,1,15.66,56.897064,3,2,2,1,1,19.96,56.897064,4,2,2,1,1,davies reef,Central,-18.81416666666667,1.026314143924351,37.58161992583957,9.577462447537918,0.2548443219434735,6.198253560613034,0.164927791107572,5.5987774231876815,0.14897647930652913,1.268587770358585,0.0337555372243642,10.46822864489107,0.2785464986753684,6.198666027575695,38.52279074769066,8.552350548741098,0.22200755404133823,6.923920288017945,0.17973568772228726,6.760933337971209,0.1755047650169662,1.4975393786835198,0.03887411450774224,9.597443570927286,0.24913676773281615,4.8367844893832075,True,True,True,0.2542312932745343,0.1645310568837811,0.14861811600411745,0.033674338193143215,0.2778764543596135,,9.807543874841436,5.816335279449896,,0.0,0.1002333605479681,1.5707275744966824,,40.01030620439199,0.0,,5.1994147755150415,0.0,,0.0340117335006265,0.9652395185600264,,0.0,9.577462447537918,,,,,,,,10.46822864489107,1.268587770358585,4.298966914210488,,5.5987774231876815,6.198253560613034,,0.1713431650407895,,,,,,,0.3235181537461421,0.7232004474081413,0.0,,0.2178533116724784,0.2226812266987645,,0.0,0.0,0.9364892893712712,-0.0044768943338704455,-0.8058707579658089,1.7695527787569,3.2617802727082434,-0.9047452623535249,1.0376983656071328
Dip_Reef,1988,Storm_Only,1.45,17.68956560193944,1986,1988,0,34.065366083696816,11.685988686644802,22.37937739705201,22.37937739705201,0.6569539673246739,0.6569539673246739,10,,,,,0.0,0.0,0,0,0,0,0,0.0,0.0,0,0,0,0,0,0.0,0.0,0,0,0,0,0,0.0,0.0,0,0,0,0,0,dip reef,Central,-18.409444444444443,0.343046032675326,,,,,,,,,,,,,,,,,,,,,,,,,False,False,False,,,,,,,,,,,,,,,,,,,,,,,,,,,,,,,,,,,,,,,,,,,,,,,,,,,,,,,0.6662729345377426,-0.9830470925994547,0.3487422305814737,-0.8572574253355764,-0.5777592859729849,0.9213638212092281,-2.716686203571208
Dip_Reef,1989,Storm_Only,0.55,25.88573364861052,1988,1989,0,11.685988686644802,12.694152587160897,-1.0081639005160952,0.0,-0.08627116862335,-0.08627116862335,1,,,,,1.45,18.82451640527584,0,1,0,0,1,1.45,18.82451640527584,0,1,0,0,1,1.45,18.82451640527584,0,1,0,0,1,1.45,18.82451640527584,0,1,0,0,1,dip reef,Central,-18.409444444444443,1.0862711686233502,,,,,,,,,,,,,,,,,,,,,,,,,False,False,False,,,,,,,,,,,,,,,,,,,,,,,,,,,,,,,,,,,,,,,,,,,,,,,,,,,,,,,-1.010323731435574,-1.2532045092985424,0.8837130883149782,-0.8572574253355764,1.3420104933676291,-0.9047452623535249,-2.6152163503501717
Dip_Reef,2000,Storm_Only,0.0,22.481028,1999,2001,1,28.62492367515387,24.560815185366195,4.0641084897876745,4.0641084897876745,0.1419779677287062,0.1419779677287062,11,55.89915560358425,4.7863121657159065,,45.92774904251278,2.0,0.0,0,0,0,0,0,4.49,0.0,0,0,0,0,0,6.4,0.0,0,0,0,0,0,6.55,0.0,0,0,0,0,0,dip reef,Central,-18.409444444444443,0.8580220322712938,27.985007534396228,8.372910784116714,0.29919272931499524,3.0429847830417667,0.1087362502690646,6.225442666088691,0.2224563512601178,0.5406831639183436,0.019320458043607554,2.728401922189396,0.09749512909138693,4.549972209776322,23.963997318975938,6.247676046701986,0.2607109307992933,2.4332028164115456,0.10153576567481959,4.709631339267985,0.19652945527325086,2.696603354713216,0.11252727659829546,2.1273839799847827,0.0887741703384439,8.611815644496534,True,True,True,0.29250421343077015,0.10630542870872509,0.21748329311677114,0.018888545173227862,0.09531560514020233,,27.513178659514004,2.4257541928340065,,0.0,0.0,0.0,,21.91329597839372,3.8517330038009305,,1.6384964583706738,0.0,,0.0,0.0,,2.911475751405648,8.372910784116714,,,,,,3.4215273834459827,,2.728401922189396,0.5406831639183436,3.653056831595333,,6.225442666088691,3.0429847830417667,,,,,,0.3121476495952473,,,0.9012888333653802,0.8140932942102771,0.625324696389343,,,1.7450854483398208,,0.4161147283239427,5.314103915825904,0.25869110409841634,-1.4183007083924293,0.6614850555567849,-0.8572574253355764,-0.5777592859729849,1.1242648304939784,-1.4990479649187731
Dip_Reef,2006,Storm_Only,0.62,19.76089897048784,2005,2007,1,28.05201549730793,17.912306475134873,10.139709022173058,10.139709022173058,0.3614609803401162,0.3614609803401162,6,61.25348019188407,3.1517578492402576,,51.78669119261294,4.69,0.0,0,0,0,0,0,9.59,0.0,0,0,0,0,0,10.53,22.481028,0,1,0,0,1,11.59,22.481028,0,1,0,0,1,dip reef,Central,-18.409444444444443,0.6385390196598838,27.37813384829855,7.454320859598845,0.27227278896739354,1.9664859217096315,0.07182687953115699,6.108259873651205,0.22310723979570327,1.5597435164906408,0.05697041022347011,2.6589149930202094,0.09711819687029001,2.9621066873803645,17.4256520106531,2.222873998874199,0.12756331857856762,2.484274536775123,0.14256422286272974,2.734942754367691,0.1569492351101523,1.5532049065001745,0.08913324480200965,3.244145610980177,0.18617068727166608,7.664691129726652,True,True,True,0.2657320954465541,0.07010141292337263,0.21774762937220668,0.055601834265360535,0.09478516769233132,,16.65606389858305,2.5090238865345587,,0.0,0.0,0.0,,39.99828409407604,1.7642769591425849,,1.7488758805836846,0.0,,0.0,0.0,,1.21323080679668,7.454320859598845,,,,,,4.56821081953636,,2.6589149930202094,1.5597435164906408,3.0621978642916567,,6.108259873651205,1.9664859217096315,,,,,,0.7149573210755306,,,0.3818530947095819,0.2629599693743042,0.3212203662686913,,,0.6372619121638029,,1.7094924549515438,3.899254085416353,0.21577052039120925,-1.2321922657775022,0.48393992083313103,-0.8572574253355764,-0.5777592859729849,0.10975978407022678,-0.8902288455925558
Dip_Reef,2016,Heatwave_Only,6.28,0.0,2015,2019,3,12.73452631921954,16.498326198111997,-3.763799878892456,0.0,-0.2955586870327445,-0.2955586870327445,16,85.95882394556887,2.7093641268380693,15.235619542288324,53.1722957588412,3.97,0.0,0,0,0,0,0,7.110000000000001,0.0,0,0,0,0,0,10.22,0.0,0,0,0,0,0,10.22,0.0,0,0,0,0,0,dip reef,Central,-18.409444444444443,1.2955586870327445,12.369084758095624,2.353699373448792,0.1902888871311424,1.1373999245213466,0.09195505947009644,1.3334404602194383,0.10780429484458785,1.5726422507768123,0.12714297634249053,1.8765658556245053,0.15171420459353582,2.503861885163597,16.108994195176955,5.484517554061149,0.3404630660121051,1.1821047599598993,0.073381661551149,2.6797892318777663,0.1663536034223724,1.4372251687104227,0.0892188023222908,1.895675048852269,0.11767805152104627,4.61608173022875,True,True,True,0.18482818398172216,0.08931623336509421,0.1047106446516937,0.1234943657388581,0.14736047565368054,,18.479900782558627,0.8731821842207822,,0.0,0.4066922202955989,2.41395804908578,,62.93407485553351,0.4082881258468405,,0.4729813025085704,0.0,,0.2338963992733748,1.5789424687039404,,0.2180417146777115,2.353699373448792,,,,,,2.9726383288195373,,1.8765658556245053,1.5726422507768123,1.1226985646851932,,1.3334404602194383,1.1373999245213466,,,,,,0.0335690404436121,,,0.3859953231178475,0.0933398341202836,0.2223005579705131,,,0.3191908025994086,,0.3200581966719146,0.5171495237630558,-0.9317703978136148,0.46679771035231593,-0.8058707579658089,-0.8572574253355764,-0.5777592859729849,2.13876987691773,0.12446968661780661
Dip_Reef,2017,Heatwave_Only,6.8,0.0,2015,2019,2,12.73452631921954,16.498326198111997,-3.763799878892456,0.0,-0.2955586870327445,-0.2955586870327445,1,85.95882394556887,2.7093641268380693,15.235619542288324,53.1722957588412,9.33,0.0,1,0,0,1,0,11.54,0.0,1,0,0,1,0,14.240000000000002,0.0,1,0,0,1,0,16.5,0.0,1,0,0,1,0,dip reef,Central,-18.409444444444443,1.2955586870327445,12.369084758095624,2.353699373448792,0.1902888871311424,1.1373999245213466,0.09195505947009644,1.3334404602194383,0.10780429484458785,1.5726422507768123,0.12714297634249053,1.8765658556245053,0.15171420459353582,2.503861885163597,16.108994195176955,5.484517554061149,0.3404630660121051,1.1821047599598993,0.073381661551149,2.6797892318777663,0.1663536034223724,1.4372251687104227,0.0892188023222908,1.895675048852269,0.11767805152104627,4.61608173022875,True,True,True,0.18482818398172216,0.08931623336509421,0.1047106446516937,0.1234943657388581,0.14736047565368054,,18.479900782558627,0.8731821842207822,,0.0,0.4066922202955989,2.41395804908578,,62.93407485553351,0.4082881258468405,,0.4729813025085704,0.0,,0.2338963992733748,1.5789424687039404,,0.2180417146777115,2.353699373448792,,,,,,2.9726383288195373,,1.8765658556245053,1.5726422507768123,1.1226985646851932,,1.3334404602194383,1.1373999245213466,,,,,,0.0335690404436121,,,0.3859953231178475,0.0933398341202836,0.2223005579705131,,,0.3191908025994086,,0.3200581966719146,0.5171495237630558,-0.9317703978136148,0.6228886622228997,-0.8058707579658089,0.01834597602858237,-0.5777592859729849,-0.9047452623535249,0.22593953983884282
Dip_Reef,2020,Concurrent,7.1000000000000005,26.731665125388968,2019,2021,1,16.498326198111997,23.79242832073694,-7.294102122624942,0.0,-0.4421116442381682,-0.4421116442381682,3,77.96435566089093,4.82614600383654,13.644608570302283,116.55082912911868,7.25,0.0,1,0,0,1,0,16.58,0.0,2,0,0,2,0,17.5,0.0,2,0,0,2,0,18.79,0.0,2,0,0,2,0,dip reef,Central,-18.409444444444443,1.4421116442381683,16.108994195176955,5.484517554061149,0.3404630660121051,1.1821047599598993,0.073381661551149,2.6797892318777663,0.1663536034223724,1.4372251687104227,0.0892188023222908,1.895675048852269,0.11767805152104627,4.61608173022875,23.226466183659007,9.150338945648189,0.39396173629227826,1.5669638012621154,0.06746458065861753,4.969822424997414,0.21397238760728635,2.084443246696265,0.08974431281168274,2.5179572324380097,0.10840896813694026,4.7580084135305345,True,True,True,0.3324287256902931,0.07164998108081866,0.16242794570181493,0.08711339268312522,0.11490105275462444,,19.97900587080808,1.8963187984156389,,0.0,0.2730528800028057,4.170633589936569,,51.344661961064034,0.0,,1.1332595866164994,0.0,,0.1648053473809964,3.3180167962312543,,0.0,5.484517554061149,,,,,,2.279433681994216,,1.895675048852269,1.4372251687104227,1.1502487497212328,,2.6797892318777663,1.1821047599598993,,,,,,0.0323266842016036,,,0.2396195745479547,0.2371412158353055,0.7135584282119657,,,0.5776172583432462,,0.0703326776385583,2.214044288061361,-0.6497976594132553,0.7129411344559292,0.9389277551128049,0.8939493773927413,-0.5777592859729849,-0.4989432437840242,0.5303490995019515
Dip_Reef,2022,Heatwave_Only,5.6000000000000005,0.0,2021,2024,2,23.79242832073694,23.97362841517808,-0.1812000944411416,0.0,-0.0076158722429863,-0.0076158722429863,2,69.34913939320079,5.008883024783796,16.58753712732613,68.49114226120763,7.1000000000000005,28.60700729110346,1,1,1,1,1,14.35,28.60700729110346,2,1,1,1,1,23.68,28.60700729110346,3,1,1,2,1,23.68,28.60700729110346,3,1,1,2,1,dip reef,Central,-18.409444444444443,1.0076158722429862,23.226466183659007,9.150338945648189,0.39396173629227826,1.5669638012621154,0.06746458065861753,4.969822424997414,0.21397238760728635,2.084443246696265,0.08974431281168274,2.5179572324380097,0.10840896813694026,4.7580084135305345,23.45991778485516,7.247411114458901,0.3089273875945787,2.4508285262578977,0.10446876023751712,4.696801840026724,0.200205383629213,1.5089450201838044,0.06432013249244728,3.9586220046979066,0.16873980723212267,3.9380474831406973,True,True,True,0.38459037565631593,0.06585976765962916,0.20888252169980606,0.08760952091970839,0.10583019095379245,,19.57770137050737,1.8516490263923568,,0.0,1.4320366114789125,3.360780031555612,,42.44698429164538,0.1242016228415426,,1.138158365822736,0.0,,0.8935035621933313,2.65810637701364,,0.0682401085008277,9.150338945648189,,,,,,1.9096410790703555,,2.5179572324380097,2.084443246696265,1.0272994535466589,,4.969822424997414,1.5669638012621154,,,,,,0.0626729739411574,,,0.453588605133969,0.0893083855606379,0.3893611524715384,,,0.5107117936881098,,0.0280777507295466,3.414760114473672,-0.10334513380935699,0.2626787732907831,-0.8058707579658089,0.8939493773927413,1.3420104933676291,-0.7018442530687745,0.733288805944024
Dip_Reef,2024,Concurrent,7.65,23.818572,2023,2024,0,24.881660603722644,23.97362841517808,0.9080321885445636,0.9080321885445636,0.0364940348237331,0.0364940348237331,2,66.93815504340512,3.8352232379672335,10.7921386003068,118.37302783020222,7.040000000000001,0.0,1,0,0,1,0,14.14,28.60700729110346,2,1,1,1,1,21.390000000000004,28.60700729110346,3,1,1,1,1,27.67,28.60700729110346,4,1,1,2,1,dip reef,Central,-18.409444444444443,0.9635059651762669,24.441027606602848,11.048320016248937,0.45203991395452564,1.499802045439395,0.06136411568203528,5.271538453787533,0.21568399408719643,1.8463422043576656,0.07554274043121117,2.2065658733896574,0.09028122339641498,3.565012507407638,23.45991778485516,7.247411114458901,0.3089273875945787,2.4508285262578977,0.10446876023751712,4.696801840026724,0.200205383629213,1.5089450201838044,0.06432013249244728,3.9586220046979066,0.16873980723212267,3.9380474831406973,True,True,True,0.4440346724525273,0.060277409507587434,0.21186441442734083,0.07420494290005013,0.08868241989682651,,13.245986359359613,1.5191320209934092,,0.0,1.7854471068413404,2.1241779860784065,,47.86430119707138,0.0,,0.9496285244511052,0.0,,1.212322304303167,1.4030616786533658,,0.0,11.048320016248937,,,,,,1.3597409960500504,,2.2065658733896574,1.8463422043576656,1.20871801732961,,5.271538453787533,1.499802045439395,,,,,,0.0954954571425658,,,0.2905593503047017,0.0347150821904705,0.2302064034459987,,,0.5085572017290679,,0.0332904704055168,4.690153578334491,-0.021743077517795504,0.8780373335498161,0.7487876897709439,0.8939493773927413,1.3420104933676291,-0.7018442530687745,0.9362285123860965
Dip_Reef,2025,Heatwave_Only,6.47,0.0,2024,2025,0,23.97362841517808,25.267763889063065,-1.2941354738849853,0.0,-0.0539816272894948,-0.0539816272894948,1,70.20418268730035,4.248138202421319,9.24279443839655,109.33492995653371,14.69,18.51984,2,1,1,1,1,21.79,47.12684729110346,3,2,2,1,1,22.24,47.12684729110346,3,2,2,1,1,29.040000000000003,47.12684729110346,4,2,2,1,1,dip reef,Central,-18.409444444444443,1.0539816272894948,23.45991778485516,7.247411114458901,0.3089273875945787,2.4508285262578977,0.10446876023751712,4.696801840026724,0.200205383629213,1.5089450201838044,0.06432013249244728,3.9586220046979066,0.16873980723212267,3.9380474831406973,24.688552148102488,8.558034556578278,0.3466397909946303,1.678274852666359,0.06797785640075892,5.9246161751988105,0.23997422528700876,2.143919729174573,0.086838617198512,2.5875812227744293,0.1048089498019958,3.460992869099433,True,True,True,0.3023076435885046,0.10223018742987773,0.19591535159747056,0.062941870711088,0.16512402445478971,,12.002763638503952,1.7472581538195804,,0.1211014827215447,0.5984559840121081,3.304140264761261,,52.06593778839157,0.0,,1.0263901349488664,0.067905920193434,,0.3749021619934221,2.468849266004975,,0.0,7.247411114458901,,,,,,2.400796274641604,,3.9586220046979066,1.5089450201838044,1.196513004588322,,4.696801840026724,2.4508285262578977,,,,,,0.0337591372930978,,,0.0300765103719545,0.031380987290303,0.6662459731350894,,,0.7863606706491725,,0.0631729510143973,3.958760979755527,-0.08977015945577703,0.5238309427665676,-0.8058707579658089,1.7695527787569,3.2617802727082434,-0.9047452623535249,1.0376983656071328
East_Cay,1994,Storm_Only,0.35,29.117304,1992,1997,3,39.14385661096371,16.387495719786035,22.756360891177675,22.756360891177675,0.5813520399214803,0.5813520399214803,2,,,,,0.8600000000000001,22.481028,0,1,0,0,1,0.8600000000000001,22.481028,0,1,0,0,1,0.8600000000000001,22.481028,0,1,0,0,1,0.8600000000000001,22.481028,0,1,0,0,1,east cay,South,-21.48305555555556,0.41864796007851973,,,,,,,,,,,,,16.259169669913618,2.0625590442229704,0.1268551276661798,3.9604529152483,0.2435827287402519,3.1300072780270223,0.19250720310883204,,,2.740227277478928,0.16853426916071332,2.051264287405916,False,True,False,,,,,,,,,,,,,,,,,,,,,,,,,,,,,,,,,,,,,,,,,,,,,,,,,,,,,,,1.0467384021478625,-1.3132394907872287,1.0946404330039583,-0.8572574253355764,1.3420104933676291,-0.7018442530687745,-2.1078670842449907
East_Cay,2009,Storm_Only,1.74,39.67060436754328,2008,2011,2,19.53383191715631,14.90999891915959,4.62383299799672,4.62383299799672,0.2367089579559486,0.2367089579559486,15,40.69442522271546,2.297268812050967,20.51704447665571,24.159813777577053,1.33,0.0,0,0,0,0,0,3.96,0.0,0,0,0,0,0,7.1,0.0,0,0,0,0,0,7.1,0.0,0,0,0,0,0,east cay,South,-21.48305555555556,0.7632910420440514,19.434626926263952,5.103400279288971,0.26259316932872206,5.1490213265023606,0.2649405798237358,2.355346324275517,0.12119328728109015,,,2.180252770235777,0.1121839270960938,2.2352209395858633,14.785622777086667,2.0359436369493333,0.13769752330652196,4.911738277277127,0.33219691529590933,2.620010604267748,0.17719988151787477,,,1.8258086294528,0.12348540585535986,1.1123793678328868,True,True,True,0.26125955731229167,0.2635950461916303,0.12057779212315466,,0.11161418709254324,,4.6726903280685805,0.8814773294494631,,0.0,0.0,0.0,,33.66370323546046,1.4118618220223706,0.0,0.8594467636189981,0.0,,0.0,0.0,,1.3757741759668656,5.103400279288971,,,,,,1.2506180033930905,1.0494269860558427,2.180252770235777,,2.346561236512394,,2.355346324275517,5.1490213265023606,,,0.6847242909631849,,,1.5833223506114047,,0.7302482422712783,,4.755744425656433,0.5086829497298436,,,,,0.1620833737944672,27.843559648234727,-0.42238656223219456,-0.8959963694408597,1.7834633216265225,-0.8572574253355764,-0.5777592859729849,1.9358688676329796,-0.5858192859294471
East_Cay,2020,Heatwave_Only,4.61,0.0,2019,2021,1,20.338128893906703,21.56826837888892,-1.2301394849822174,0.0,-0.0604843981174082,-0.0604843981174082,11,47.921815697759286,3.265971393759987,25.63682076688091,38.76739552875747,1.79,0.0,0,0,0,0,0,2.44,0.0,0,0,0,0,0,2.44,0.0,0,0,0,0,0,2.44,0.0,0,0,0,0,0,east cay,South,-21.48305555555556,1.0604843981174084,20.226468518394242,5.310772668643798,0.26256549252847106,4.660053950082036,0.23039384981338268,4.362558240581628,0.21568561197987948,,,2.042712495457444,0.10099204878991959,3.1715142277546238,21.440995224789276,5.94097780822034,0.27708498350634414,5.226246333499531,0.24375017477999997,3.99711203969414,0.18642381091866617,,,1.744663036593625,0.0813704316568529,3.3476721890749332,True,True,True,0.2611239557162461,0.22912894172276518,0.2145014550423392,,0.10043758234167942,,9.29897053712393,2.489854198479406,,0.0,0.0993530191552844,0.3960989070875335,,35.32957184104464,0.2317568610926004,0.0,2.4531350665650336,0.0,,0.0939294134538888,0.3942506430107041,,0.2301991047249971,5.310772668643798,,,,,,1.0828807976707158,1.084292792733233,2.042712495457444,,1.683197573225388,,4.362558240581628,4.660053950082036,,,0.386373317163897,,,0.7622893408787074,,1.0601822742844589,,0.9591585828770076,0.3682961975799871,,,,,0.0646185602061429,24.726728749098346,-0.3621310150939726,-0.03449438507821341,-0.8058707579658089,-0.8572574253355764,-0.5777592859729849,1.1242648304939784,0.5303490995019515
East_Cay,2024,Heatwave_Only,7.67,0.0,2023,2025,1,21.83957675591812,14.554197554158632,7.285379201759488,7.285379201759488,0.3335860984478687,0.3335860984478687,4,38.94068973352744,4.11000488842038,24.916137797860728,45.19484194996604,2.09,0.0,0,0,0,0,0,6.7,0.0,1,0,0,1,0,8.49,0.0,1,0,0,1,0,8.49,0.0,1,0,0,1,0,east cay,South,-21.48305555555556,0.6664139015521312,21.712695563647554,4.711594313139787,0.2169972078928867,5.055017041714704,0.23281388655299246,6.007858093366466,0.2766979381143773,,,1.891417303561338,0.08711112344466526,4.0266566611330115,14.432812000785006,2.9560032142800243,0.20481131564100233,4.016369611526001,0.27828046338492796,2.550724802293726,0.17673096567425606,,,1.5139936293021663,0.10489942148625088,5.538441061660253,True,True,True,0.21573652116967112,0.23146130981429794,0.2750904085967897,,0.08660503473579445,,6.462739029889875,3.758555769638088,,0.0,0.0330909216463117,0.2686833117441413,,28.32589763531488,0.0,0.0,3.733072956629092,0.0,,0.0329227183947107,0.2606609861092092,,0.0,4.711594313139787,,,,,,0.9883023505567082,1.1136959059884224,1.891417303561338,,1.9448105553201285,,6.007858093366466,5.055017041714704,,,0.5429892353543374,,,1.0100462520553122,,1.5110892526955972,,0.6447049042934063,1.7311824935494844,,,,,0.0684067756757915,30.108552516337607,-0.2496469886208899,0.8840408316986845,-0.8058707579658089,0.01834597602858237,-0.5777592859729849,-0.2960422344992739,0.9362285123860965
Erskine_Island,2015,Storm_Only,1.02,20.92974875614908,2014,2018,3,25.29084434696864,27.379856217045766,-2.089011870077126,0.0,-0.0825995305422657,-0.0825995305422657,9,56.28109125428674,0.5177095483202261,7.219442626602285,37.39301114628096,0.18,0.0,0,0,0,0,0,0.3299999999999999,0.0,0,0,0,0,0,0.3299999999999999,0.0,0,0,0,0,0,0.3299999999999999,0.0,0,0,0,0,0,erskine island,South,-23.5025,1.0825995305422658,24.80822029839702,13.621641955018273,0.5490777569360118,,,1.239123550897443,0.049948103329988114,3.9917974693492857,0.16090624080789925,2.498288649343202,0.10070406580131136,0.4521647829498555,27.034020800971867,19.748234107284983,0.7304956318808129,,,0.6579413987806889,0.024337533940087672,3.2807932118625023,0.12135794508764151,1.6181233072546943,0.0598550736927939,0.8681928415468749,True,True,True,0.5385997307223538,,0.04899494591393364,0.1578356742299805,0.09878233462943466,,0.8358884733032326,0.0247227332026141,,0.0,0.0289717805505686,0.4026247538711692,,53.9111226953144,0.0240772872370571,,0.0302846739035513,0.0,,0.0288025590112874,0.3650956466061259,0.0,0.0279819034288909,13.621641955018273,,,,,,,0.6174024872787969,2.498288649343202,3.9917974693492857,1.6905109742230848,,1.239123550897443,,1.1494552122869357,,,,,0.2465688327455946,,,0.4125499114565985,1.7048787448243674,0.0876142544402275,,3.375795729979384,2.050360736013744,,1.2149270837611237,,0.008911756507528627,-1.11212230280013,0.5602317402341237,-0.8572574253355764,-0.5777592859729849,0.7184628119244778,0.022999833396770367
Erskine_Island,2020,Heatwave_Only,8.85,0.0,2018,2020,0,27.379856217045766,30.02250821055053,-2.642651993504764,0.0,-0.0965181107072263,-0.0965181107072263,5,62.09040204806418,0.940584385660982,12.696370921878312,41.33089377694064,1.74,0.0,0,0,0,0,0,2.76,17.53488057419429,0,1,0,0,1,2.94,17.53488057419429,0,1,0,0,1,2.94,17.53488057419429,0,1,0,0,1,erskine island,South,-23.5025,1.0965181107072264,27.034020800971867,19.748234107284983,0.7304956318808129,,,0.6579413987806889,0.024337533940087672,3.2807932118625023,0.12135794508764151,1.6181233072546943,0.0598550736927939,0.8681928415468749,29.61024560707136,19.30792177833553,0.6520689505434064,,,0.9490799334099204,0.03205241678857491,5.430845957303768,0.18341104053546936,1.7953599293890787,0.06063306442011817,0.1951024435080006,True,True,True,0.7212687294899088,,0.02403012614693999,0.11982507087893296,0.05909904326843418,,1.299216298766532,0.0810779563871846,,0.0,0.1738412814985638,0.4277571501935658,,58.80648546931029,0.3133819681802867,,0.0808872668936069,0.0,,0.1405217256761235,0.3909979776499033,0.0,0.2557858713272412,19.748234107284983,,,,,,,0.3522577560898624,1.6181233072546943,3.2807932118625023,0.8693656164703311,,0.6579413987806889,,0.5073054032288048,,,,,0.2175864164739133,,,0.1212949009055101,0.7240187160570748,0.1173772479970355,,2.118055360946989,0.1204764782181528,,2.14245261771256,,0.16541433807672637,1.2382472224819328,-0.8058707579658089,-0.8572574253355764,1.3420104933676291,-0.09314122521452356,0.5303490995019515
Erskine_Island,2024,Heatwave_Only,11.17,0.0,2023,2026,2,36.69689872763442,26.914870917548605,9.782027810085816,9.782027810085816,0.2665627927495548,0.2665627927495548,4,58.06250000414299,1.0401115840826056,7.730613921665899,50.32527893840956,0.91,0.0,0,0,0,0,0,9.76,0.0,1,0,0,1,0,11.5,0.0,1,0,0,1,0,11.5,0.0,1,0,0,1,0,erskine island,South,-23.5025,0.7334372072504453,36.282360280137816,26.754519399104737,0.7373974348011494,,,1.419185364601309,0.039115023213586765,3.318052267972392,0.09145083843370591,2.2353673514310115,0.06161030688664229,0.9853796822613338,,,,,,,,,,,,,True,False,False,0.7290675868191929,,0.038673168954536166,0.09041778414571444,0.060914339601882465,,0.8180950025107568,0.0534083173377138,,0.0,0.0268480999634448,1.1156171130902888,,55.28205229872296,0.0,,0.0565214857798809,0.0,,0.0276219079925321,0.9012362884889208,0.0,0.0,26.754519399104737,,,,,,,0.5677425213841741,2.2353673514310115,3.318052267972392,1.141521419033901,,1.419185364601309,,0.8459719566102922,,,,,0.2156331526176161,,,0.6296681723222843,0.7602518806884591,0.2827896396869299,,3.347364719506038,1.6761626321079957,,0.0,,0.8634195655162665,1.9346530077506923,-0.8058707579658089,0.01834597602858237,-0.5777592859729849,-0.2960422344992739,0.9362285123860965
Fairfax_Island,2020,Heatwave_Only,4.55,0.0,2018,2020,0,21.717166516107884,27.76452486357717,-6.0473583474692845,0.0,-0.2784598231534434,-0.2784598231534434,18,78.9538020794631,1.145968154650846,17.82947446364652,94.11620349754058,3.48,0.0,0,0,0,0,0,4.91,0.0,0,0,0,0,0,4.91,0.0,0,0,0,0,0,5.08,0.0,0,0,0,0,0,fairfax island,South,-23.852500000000003,1.2784598231534434,21.55939164159377,18.114394685818663,0.8402089904462426,0.4179605129241809,0.019386470632957217,0.8215325476197232,0.038105553314165395,1.1441246184635785,0.05306850200059725,0.8244342994009591,0.03824014671222945,1.0528571214996472,27.6425003610006,23.271029223897767,0.841856884145317,0.4903220658724703,0.01773797809420456,0.6889705976061083,0.024924322641165342,1.183794128962364,0.04282514654978603,1.3056713411482974,0.04723419821277828,3.4474825890471523,True,True,True,0.8341048852935302,0.01924562822752105,0.03782871706630709,0.05268296016494452,0.03796233264544278,,29.818404763239386,0.0591717215055701,,0.0,0.0,0.9426394599879284,,48.13727147288965,0.0,,0.1208040841975984,0.0,,0.0,0.9320530373020488,0.0,0.0,18.114394685818663,,,0.0198529838574538,,,,,0.8244342994009591,1.1441246184635785,0.2170919935092127,,0.8215325476197232,0.4179605129241809,,,,,,,,,0.0154361962587264,0.0,0.0150910505171036,,0.0141905129529018,0.0,,0.0951048642083803,0.0,-0.2588176012034308,-0.05250487952481941,-0.8058707579658089,-0.8572574253355764,-0.5777592859729849,2.5445718954872305,0.5303490995019515
Fairfax_Island,2024,Heatwave_Only,11.26,0.0,2023,2026,2,39.75603616759026,21.25366968687083,18.50236648071943,18.50236648071943,0.465397666978753,0.465397666978753,4,61.09588483552793,3.0885307448971635,39.29571073061279,68.01580335908834,1.84,0.0,0,0,0,0,0,6.39,0.0,1,0,0,1,0,9.87,0.0,1,0,0,1,0,10.47,0.0,1,0,0,1,0,fairfax island,South,-23.852500000000003,0.534602333021247,39.52944653137363,32.93493246393836,0.8331746420430817,0.691933381190591,0.01750425168845759,2.245539043768197,0.056806741323483075,1.5340791746326476,0.03880851641611232,1.311355315123566,0.03317413802095035,2.9454512028753683,,,,,,,,,,,,,True,False,False,0.828425960905716,0.017404486158372746,0.05648297114687695,0.038587327171295135,0.03298506193111383,,25.85928145593064,0.0979689530710454,,0.0,0.0263469608980605,3.3075778203660327,,31.70122005189333,0.0,,0.1300642647863619,0.0,,0.0590786541798022,2.7563082839092043,0.0,0.0,32.93493246393836,,,0.1543123606211001,,,,,1.311355315123566,1.5340791746326476,0.6572947920991705,,2.245539043768197,0.691933381190591,,,,,,,,,0.1240146629032106,0.0346973372122757,0.0,,0.207885635052243,0.2150997357555054,,0.0153076947281936,0.3895320142219957,1.0926010812299134,1.9616687494206009,-0.8058707579658089,0.01834597602858237,-0.5777592859729849,-0.2960422344992739,0.9362285123860965
Farquharson_Reef,2011,Storm_Only,1.05,41.000868,2010,2012,1,7.531295835256777,7.290191801512693,0.2411040337440839,0.2411040337440839,0.0320136187739946,0.0320136187739946,5,82.4627725126743,15.342400776130772,5.755092548265499,66.05451982524717,3.28,0.0,0,0,0,0,0,3.5700000000000003,37.03968,0,1,0,0,1,6.290000000000001,37.03968,0,1,0,0,1,6.289999999999999,37.03968,0,1,0,0,1,farquharson reef,Central,-17.795,0.9679863812260053,7.4229682267137695,1.4782250601645854,0.19914204331964547,2.160360073657098,0.2910372249583929,0.7223391656329156,0.09731136434524429,,,1.3217723561507,0.1780652046163834,14.431919220710169,7.176648911659426,1.0932605689343522,0.1523358021817403,1.8405596240810296,0.25646505029538147,0.7675333456829279,0.10694871034250641,,,2.029070672326402,0.28273233054913766,4.529066237339668,True,True,True,0.1962776516153393,0.2868510440850902,0.09591167063858774,,0.17550397502153553,,8.040513439373528,10.293280689234203,,0.1220649165872406,0.0,0.9249967700834748,,59.93742263733,3.047735856465562,0.0,10.282416008931156,0.1297669477066231,0.0,0.0,0.8969871701183306,,3.122749093954059,1.4782250601645854,,,0.6288247540142403,,,,0.2808644553817673,1.3217723561507,,0.8305823617124626,,0.7223391656329156,2.160360073657098,,,0.1133497019675471,,,,,,0.3999499265154359,,0.1886264141930049,,0.1488866786122369,0.3654041738444919,,0.5488415189658502,0.3439140083795315,-1.3215810134946324,-1.103117055576827,1.8702907600605234,-0.8572574253355764,1.3420104933676291,-0.09314122521452356,-0.38287957948737456
Farquharson_Reef,2017,Heatwave_Only,8.16,0.0,2016,2018,1,28.42467103155285,7.147135049502659,21.277535982050196,21.277535982050196,0.7485587417504684,0.7485587417504684,6,63.31219904051111,7.388703178131087,13.591853359776694,50.268692684478985,4.71,0.0,0,0,0,0,0,7.19,0.0,0,0,0,0,0,9.65,41.000868,0,1,0,0,1,10.46,41.000868,0,1,0,0,1,farquharson reef,Central,-17.795,0.25144125824953156,28.28931078451233,12.778615091053467,0.45171178571269505,3.220632247012704,0.11384626057330166,3.6043261270112334,0.12740947117681314,,,4.528331152885953,0.16007216249909836,6.9719815604111695,7.0266019095049455,2.6342649322672105,0.37489884387840694,0.9951778897835848,0.14163003719299921,0.2169681180583087,0.03087810023288982,,,1.1921300441311395,0.1696595394878618,8.648410791157906,True,True,True,0.4495607029846905,0.1133041168159039,0.12680273847356915,,0.15930988780342514,,5.731560922350891,3.4706606310053707,,0.0838134911902232,0.7501521780195931,2.6001999048485462,,50.38254267773385,0.149584967885989,0.0280117922875777,3.443990398406166,0.0608920375302266,0.0,0.7648086425948889,2.509902179108019,,0.1643765104842909,12.778615091053467,,,1.0185023424718185,,,,0.587484828662611,4.528331152885953,,2.551418995414544,,3.6043261270112334,3.220632247012704,,,0.0424700906407795,,,,,,0.2717236351255013,,0.6177388434290337,,0.2818121064571151,0.2830707356024016,,1.1426079037751966,0.3775093315408269,0.24368876919619348,1.0311265363459656,-0.8058707579658089,-0.8572574253355764,-0.5777592859729849,0.10975978407022678,0.22593953983884282
Farquharson_Reef,2020,Heatwave_Only,5.91,0.0,2018,2022,2,7.147135049502659,6.919649836024086,0.2274852134785732,0.2274852134785732,0.0318288673577537,0.0318288673577537,3,83.97591439105653,9.313350932284871,8.275770387347391,44.40420110223617,8.34,0.0,1,0,0,1,0,13.05,0.0,1,0,0,1,0,15.09,0.0,1,0,0,1,0,15.53,0.0,1,0,0,1,0,farquharson reef,Central,-17.795,0.9681711326422462,7.0266019095049455,2.6342649322672105,0.37489884387840694,0.9951778897835848,0.14163003719299921,0.2169681180583087,0.03087810023288982,,,1.1921300441311395,0.1696595394878618,8.648410791157906,6.797947716215661,1.089428942651778,0.16025850567415817,1.5998579543225904,0.23534425698896266,0.5382639069032219,0.07918035403821365,,,1.195065145624044,0.17579793130408525,19.160592266125963,True,True,True,0.3685763475884674,0.13924151186325145,0.03035735529768766,,0.16679830951481672,,3.7296991996122895,7.781765351968276,,0.0,0.0,0.9277779802921572,,71.44663436448963,0.0223296109426873,0.0,7.713679919513591,0.0,0.0,0.0,0.9034213115313698,,0.0313095601129445,2.6342649322672105,,,1.154745827015467,,,,0.2045916849619756,1.1921300441311395,,0.6287234132872594,,0.2169681180583087,0.9951778897835848,,,0.0482400424308618,,,,,,0.5694870751681501,,0.1911444089608433,,0.2817614826896632,0.5208798689547612,,0.3723482604438994,0.4104985265843422,-1.3503612016636692,0.3557329945982465,-0.8058707579658089,0.01834597602858237,-0.5777592859729849,-0.4989432437840242,0.5303490995019515
Farquharson_Reef,2022,Heatwave_Only,5.1000000000000005,0.0,2020,2022,0,7.808601079692448,6.919649836024086,0.8889512436683615,0.8889512436683615,0.1138425736692101,0.1138425736692101,2,86.10035284553153,14.731599908842291,7.685462497413394,,6.05,0.0,1,0,0,1,0,14.39,0.0,2,0,0,1,0,19.1,0.0,2,0,0,1,0,19.1,0.0,2,0,0,1,0,farquharson reef,Central,-17.795,0.8861574263307899,7.682351124896138,1.078639141383554,0.14040482188948852,1.4806988343986476,0.19274032263380386,0.5025315172268585,0.06541376579343118,,,1.8121746236762888,0.2358880236290669,13.183470942076443,6.797947716215661,1.089428942651778,0.16025850567415817,1.5998579543225904,0.23534425698896266,0.5382639069032219,0.07918035403821365,,,1.195065145624044,0.17579793130408525,19.160592266125963,True,True,True,0.13813474787292346,0.18962408494006033,0.06435615190200643,,0.2320741711840226,,4.019922190026691,12.025399374276349,,0.0,0.0894228406071437,1.2129108495715544,,68.65412009487041,0.021066403519173,0.0,11.85404008891623,0.0,0.0,0.0976736709581189,1.2006309524114431,,0.031126229790651,1.078639141383554,,,0.7186282732143837,,,,0.6519468713539246,1.8121746236762888,,1.43773186364248,,0.5025315172268585,1.4806988343986476,,,0.1105462405507465,,,,,,1.0922576903446342,,0.3754552021596661,,0.2072394074270691,0.9004802094700892,,0.1160619066066903,0.0944860235934237,-1.3008061259707728,0.11259131956906772,-0.8058707579658089,0.8939493773927413,-0.5777592859729849,-0.7018442530687745,0.733288805944024
Farquharson_Reef,2024,Heatwave_Only,4.91,0.0,2023,2024,0,7.151843496001652,8.821948036683787,-1.6701045406821358,0.0,-0.2335208455855939,-0.2335208455855939,2,86.23398654644951,29.467945944945743,6.441442878933121,47.54720370417013,5.88,0.0,1,0,0,1,0,11.79,0.0,2,0,0,1,0,20.130000000000003,0.0,3,0,0,1,0,22.59,0.0,3,0,0,1,0,farquharson reef,Central,-17.795,1.233520845585594,7.044222242293089,0.5399615714173222,0.07665311411889096,2.530064001205569,0.35916867954778825,0.6361104886175059,0.09030244457625662,,,0.952190223673438,0.1351732229509377,28.348242442773124,8.709959328471626,1.3316935862437371,0.15289320374787732,2.8975583785128247,0.33267186093982276,0.6621016183839048,0.07601661424750723,,,1.189638771746655,0.13658373442203042,24.82350206855517,True,True,True,0.0754996347052611,0.35376389354996934,0.08894356944096067,,0.13313913038026834,,5.638821688501948,23.06149534780145,,0.0,1.887583764364629,3.2402497618044284,,52.20986185295955,0.0854560802123328,0.0,23.21186180290808,0.0,0.0,1.9094822221502952,3.1335449585866355,,0.0933534591281131,0.5399615714173222,,,0.8891793091976395,,,,0.2448210081857331,0.952190223673438,,1.2518956399958818,,0.6361104886175059,2.530064001205569,,,0.0,,,,,,0.6099545187298422,,0.2069711551454176,,0.5565895592200051,0.5402034128521596,,0.0,0.2578968315996281,-1.3500084587985721,0.055558087154815756,-0.8058707579658089,0.8939493773927413,-0.5777592859729849,-0.7018442530687745,0.9362285123860965
Farquharson_Reef,2025,Heatwave_Only,5.74,0.0,2024,2025,0,8.821948036683787,9.127442620272356,-0.3054945835885689,0.0,-0.034628925756335,-0.034628925756335,1,85.1810444587366,26.102408186825365,9.477040880303075,63.86080430974617,10.65,0.0,2,0,0,1,0,16.700000000000003,0.0,3,0,0,1,0,16.880000000000003,0.0,3,0,0,1,0,25.04,0.0,4,0,0,1,0,farquharson reef,Central,-17.795,1.034628925756335,8.709959328471626,1.3316935862437371,0.15289320374787732,2.8975583785128247,0.33267186093982276,0.6621016183839048,0.07601661424750723,,,1.189638771746655,0.13658373442203042,24.82350206855517,9.017945911232808,1.5492071421996134,0.17179157620250435,2.297286494565039,0.2547460937532931,1.2224998049188542,0.13556300037196953,,,1.5328846019944584,0.16998156975914971,21.437908749557934,True,True,True,0.15095232716246276,0.3284488149855427,0.07505163435906974,,0.13484989560127197,,4.990939908500858,21.053191353673625,,0.0235239874477464,0.053923063026371,3.842425088264061,,55.10094245044872,0.0,0.0,21.0763167485015,0.0283260809597706,0.0,0.0662834761698409,3.65257576292406,,0.0,1.3316935862437371,,,1.315878255207658,,,,0.2843592913699078,1.189638771746655,,1.0287294270069391,,0.6621016183839048,2.8975583785128247,,,0.0,,,,,,0.8050964737196058,,0.3505966934319712,,0.3046959586136295,0.8236014410015837,,0.0,0.4355277873634501,-1.2248891735273286,0.3047032603328633,-0.8058707579658089,1.7695527787569,-0.5777592859729849,-0.9047452623535249,1.0376983656071328
Feather_Reef,1990,Storm_Only,0.0,22.481028,1988,1990,0,7.557799238677567,16.49828668230554,-8.940487443627973,0.0,-1.182948522616796,-1.0,4,,,,,0.65,0.0,0,0,0,0,0,0.65,31.740948000000003,0,1,0,0,1,0.65,31.740948000000003,0,1,0,0,1,0.65,31.740948000000003,0,1,0,0,1,feather reef,Central,-17.529166666666665,2.182948522616796,,,,,,,,,,,,,,,,,,,,,,,,,False,False,False,,,,,,,,,,,,,,,,,,,,,,,,,,,,,,,,,,,,,,,,,,,,,,,,,,,,,,,-1.3195954570144912,-1.4183007083924293,0.6614850555567849,-0.8572574253355764,1.3420104933676291,-0.2960422344992739,-2.5137464971291354
Feather_Reef,2006,Storm_Only,0.44,37.03968,2005,2007,1,11.273579912296478,8.492201154147924,2.781378758148554,2.781378758148554,0.2467165514225706,0.2467165514225706,16,,,,,3.47,0.0,0,0,0,0,0,5.34,0.0,0,0,0,0,0,6.81,0.0,0,0,0,0,0,9.37,0.0,0,0,0,0,0,feather reef,Central,-17.529166666666665,0.7532834485774293,,,,,,,,,,,,,,,,,,,,,,,,,False,False,False,,,,,,,,,,,,,,,,,,,,,,,,,,,,,,,,,,,,,,,,,,,,,,,,,,,,,,,-1.041220175238413,-1.2862237491173196,1.6117406510416683,-0.8572574253355764,-0.5777592859729849,2.13876987691773,-0.8902288455925558
Feather_Reef,2011,Storm_Only,0.6900000000000001,41.000868,2010,2012,1,39.50905975204123,21.14439952140011,18.36466023064112,18.36466023064112,0.464821495269634,0.464821495269634,5,44.12580284530768,4.01851714376781,27.03471396476713,21.888913770926663,3.06,0.0,0,0,0,0,0,3.5,37.03968,0,1,0,0,1,6.5,37.03968,0,1,0,0,1,6.970000000000001,37.03968,0,1,0,0,1,feather reef,Central,-17.529166666666665,0.535178504730366,39.256948060254466,16.827314408760206,0.4286455071069814,2.6283706843928565,0.06695300613686624,7.14222952190872,0.18193542480547134,2.418190750146527,0.06159905111408328,5.142306396134109,0.13099098758877836,3.695570472516027,20.97378754106925,2.5097229109548973,0.11965997586466211,2.509559510442725,0.11965218516344267,4.588246458490154,0.21876098675576858,1.755840659532447,0.08371595526531846,5.0513040385300965,0.24083890564062516,1.7891199977059835,True,True,True,0.4259102725898412,0.06652577157969602,0.1807744746833596,0.06120598073766085,0.13015511957022546,,2.687724718648042,3.873101234864688,,0.0,0.0,0.1587555466961915,,35.74955886395112,1.5644470997762492,0.0,2.3205799802109435,0.0,,0.0,0.2699503439977142,,1.1050401483073695,16.827314408760206,,,,,,,1.707045294605008,5.142306396134109,2.418190750146527,3.3914910043070403,,7.14222952190872,2.6283706843928565,,,0.5016126512400867,,,,0.0810365871181781,,0.3087020334690703,,0.984701745791188,,1.2926848954342165,6.725431809682733,,3.959630647482368,,1.0740983397310329,-1.211180022256462,1.8702907600605234,-0.8572574253355764,1.3420104933676291,-0.09314122521452356,-0.38287957948737456
Feather_Reef,2017,Heatwave_Only,8.91,0.0,2016,2019,2,49.76011425224977,9.83973257926609,39.92038167298368,39.92038167298368,0.8022566321012574,0.8022566321012574,6,37.713187473844414,3.674701053573613,34.16481774227701,35.864834739411286,4.550000000000001,0.0,0,0,0,0,0,8.16,0.0,0,0,0,0,0,10.0,41.000868,0,1,0,0,1,10.82,41.000868,0,1,0,0,1,feather reef,Central,-17.529166666666665,0.19774336789874258,49.542013374541675,14.192734525870964,0.2864787593223701,2.6769032876066112,0.05403299351943982,12.073492192978314,0.24370208981418912,2.175797631971129,0.04391823189586424,11.238982479308298,0.22685760456162068,3.2621424851347416,,,,,,,,,,,,,True,False,False,0.28522310969632225,0.05379616441466636,0.2426339323051784,0.04372573625818707,0.225863277209018,,3.587560335391747,2.371101651466715,,0.0,0.0907470730876319,0.6941437956753204,,30.78227868361728,0.169390737711777,0.0,1.9802473128006903,0.0,,0.1235726532444945,0.8887060600452317,,0.2696164590443251,14.192734525870964,,,,,,,3.163267976171265,11.238982479308298,2.175797631971129,4.02083528063509,,12.073492192978314,2.6769032876066112,,,0.6748629615205041,,,,0.112764203381465,,0.2135922248932942,,0.6019121723261667,,1.2408264776261386,3.789483257062403,,4.24490265856614,,1.8420769788519045,1.2562577169285387,-0.8058707579658089,-0.8572574253355764,-0.5777592859729849,0.10975978407022678,0.22593953983884282
Feather_Reef,2020,Heatwave_Only,5.45,0.0,2019,2021,1,9.83973257926609,15.695346141102997,-5.855613561836906,0.0,-0.5950988519927494,-0.5950988519927494,3,62.18532676709098,4.253068865037733,12.046816766859028,37.75325787226597,9.71,0.0,1,0,0,1,0,14.26,0.0,1,0,0,1,0,17.21,0.0,1,0,0,1,0,17.87,0.0,1,0,0,1,0,feather reef,Central,-17.529166666666665,1.5950988519927494,,,,,,,,,,,,,,,,,,,,,,,,,False,False,False,,,,,,,,,,,,,,,,,,,,,,,,,,,,,,,,,,,,,,,,,,,,,,,,,,,,,,,-1.1486397703157163,0.21765253717426836,-0.8058707579658089,0.01834597602858237,-0.5777592859729849,-0.4989432437840242,0.5303490995019515
Feather_Reef,2022,Heatwave_Only,4.65,0.0,2021,2022,0,15.695346141102997,29.09897511843996,-13.403628977336965,0.0,-0.8539874722632284,-0.8539874722632284,2,65.66811498694658,7.559535851145556,10.931586728792348,33.76093468124253,6.090000000000001,0.0,1,0,0,1,0,15.61,0.0,2,0,0,1,0,20.16,0.0,2,0,0,1,0,20.16,0.0,2,0,0,1,0,feather reef,Central,-17.529166666666665,1.8539874722632284,,,,,,,,,,,,,28.934055826270384,8.841382736111406,0.3055701139583743,2.440511212082888,0.08434735962135839,0.5693618689119223,0.019677914231262937,1.3960326936177574,0.04824877307211952,9.874147784504624,0.3412638671810224,6.841180416606439,False,True,False,,,,,,,,,,,,,,,,,,,,,,,,,,,,,,,,,,,,,,,,,,,,,,,,,,,,,,,-0.7099545468252213,-0.022487388780476174,-0.8058707579658089,0.8939493773927413,-0.5777592859729849,-0.7018442530687745,0.733288805944024
Feather_Reef,2024,Heatwave_Only,5.54,0.0,2023,2024,0,34.15060589846371,32.72948637987422,1.4211195185894925,1.4211195185894925,0.0416133032255636,0.0416133032255636,2,52.24462790935384,7.146841267896137,17.01343194726243,40.86234318101955,6.03,0.0,1,0,0,1,0,11.670000000000002,0.0,2,0,0,1,0,21.19,0.0,3,0,0,1,0,23.49,0.0,3,0,0,1,0,feather reef,Central,-17.529166666666665,0.9583866967744363,33.999867591920115,8.48437079622785,0.24954128933855363,2.3711700738897044,0.06974056788542318,0.923679438450283,0.027167148105888224,1.9237431442177724,0.056580901058418814,11.90940152440792,0.3502778795302757,6.767114701678941,32.54578183857764,8.712533257962923,0.2677008437276396,2.772333352891141,0.08518257040625149,0.8308060261928044,0.025527302748893293,2.238873178790788,0.06879150084318988,10.111440974198544,0.3106836094566671,6.577651155722913,True,True,True,0.24843983212050494,0.06943273805857639,0.02704723427738175,0.056331157049963596,0.3487317782828466,,4.767410549217955,6.232237883980583,,0.0582276675973241,0.4114239208776198,1.3707756018054764,,39.319774096603,0.0,0.0,4.545506376681676,0.1288071855464488,,0.5147392617452631,1.5780618777055535,,0.0,8.48437079622785,,,,,,,3.827762613584071,11.90940152440792,1.9237431442177724,4.559740001142516,,0.923679438450283,2.3711700738897044,,,0.5375929338384313,,,,0.0201112988820083,,3.042829216072914,,0.506730447675529,,0.9330211642924018,6.75570476085541,,0.0199677004808427,,0.6726588489763267,0.2446682788441771,-0.8058707579658089,0.8939493773927413,-0.5777592859729849,-0.7018442530687745,0.9362285123860965
Feather_Reef,2025,Heatwave_Only,6.34,0.0,2024,2025,0,32.72948637987422,33.62634411954204,-0.8968577396678228,0.0,-0.0274021330264232,-0.0274021330264232,1,54.360266583482186,7.298332143522498,19.52416243011228,87.88996463036736,11.12,0.0,2,0,0,1,0,17.02,0.0,3,0,0,1,0,17.82,0.0,3,0,0,1,0,26.73,0.0,4,0,0,1,0,feather reef,Central,-17.529166666666665,1.0274021330264234,32.54578183857764,8.712533257962923,0.2677008437276396,2.772333352891141,0.08518257040625149,0.8308060261928044,0.025527302748893293,2.238873178790788,0.06879150084318988,10.111440974198544,0.3106836094566671,6.577651155722913,33.45438246781114,7.690817357460965,0.22988968231175244,3.0364874607240586,0.090765013033664,0.9698889459173882,0.028991386908743203,1.8520273192296912,0.05535978196613431,12.022299104975746,0.359363952287664,6.500543724688883,True,True,True,0.2661982885047769,0.08470445642544162,0.025384022729537173,0.0684053868980816,0.30893979993576065,,3.565013270862924,4.658069093552059,,0.3407152397395616,0.3062047786379183,1.9419663050799647,,43.45276991013668,0.024545044792327,0.0656304811502954,3.6201477605910233,0.3607191321215932,,0.4071120735800642,2.0579221245129555,,0.0661195837669817,8.712533257962923,,,,,,,3.002122318091846,10.111440974198544,2.238873178790788,4.877672730449591,,0.8308060261928044,2.772333352891141,,,0.5789075829293117,,,,0.5049870603128497,,0.8944682215986846,,0.5362414918452022,,0.7636865215417608,7.921025146419436,,0.0195611277696536,,0.5661927840566382,0.4848082047989216,-0.8058707579658089,1.7695527787569,-0.5777592859729849,-0.9047452623535249,1.0376983656071328
Fitzroy_Island,2006,Storm_Only,1.52,30.83641151543617,2005,2007,1,14.878625662661554,17.392635194370232,-2.5140095317086786,0.0,-0.1689678595797779,-0.1689678595797779,10,51.866470597248274,0.3405293432314602,,18.204394490952343,1.51,0.0,0,0,0,0,0,2.97,0.0,0,0,0,0,0,4.279999999999999,0.0,0,0,0,0,0,5.29,0.0,0,0,0,0,0,fitzroy island,Central,-16.933977777777777,1.168967859579778,14.678727428128662,0.4767854375444653,0.03248138776872492,7.539541262571772,0.5136372549655662,,,1.1527115072491994,0.07852938975079493,0.8381966435266588,0.05710281409820534,0.3044966290906838,17.136968647841744,0.554640416356479,0.032365141569324817,8.908466313550417,0.5198390973699052,,,1.50617458550204,0.08789037410602546,1.487675228855852,0.08681087416491318,1.2872614589423208,True,True,True,0.032044991812716646,0.5067364038529797,,0.07747432682186302,0.0563356228277282,,0.3382957393640359,0.129083325424541,,0.0,0.0,0.0,,51.12756900691091,0.2000727757052731,0.0,0.1214902659750611,0.0,,0.0,0.0,,0.1830063631156227,0.4767854375444653,,,,,,,1.1628447951648704,0.8381966435266588,1.1527115072491994,2.9542465789129766,0.5544012031587195,,7.539541262571772,,,6.894397625768551,,,,,0.0,1.2476135161656257,,0.3940996082240465,,2.378462134674588,12.817909239972714,,1.2979497254708598,,-0.7711408259112262,-0.9620348490784145,1.2068480423199397,-0.8572574253355764,-0.5777592859729849,0.9213638212092281,-0.8902288455925558
Fitzroy_Island,2010,Storm_Only,1.08,18.51984,2009,2013,3,24.11722344234805,28.27183515934281,-4.154611716994761,0.0,-0.1722674140713716,-0.1722674140713716,10,34.173025325256326,0.6791647264438977,9.037009972449589,19.38750619370204,2.23,0.0,0,0,0,0,0,4.2700000000000005,0.0,0,0,0,0,0,5.260000000000001,0.0,0,0,0,0,0,6.55,0.0,0,0,0,0,0,fitzroy island,Central,-16.933977777777777,1.1722674140713716,23.798046298603406,1.876048844448216,0.07883205288823698,8.96865791655381,0.37686530247149475,,,2.478284353406942,0.1041381432034772,3.2801008962872897,0.13783067967557416,0.6099872299415944,27.953975593208277,2.4026834747304853,0.08595140489835168,10.955632249744523,0.391916785260638,,,4.354528060433878,0.15577491101093532,3.4531592390178485,0.12353016577208542,1.0400669747129547,True,True,True,0.0777887574385538,0.3718777137838145,,0.10275993666232984,0.13600657240367384,,1.242480956223093,0.0,,0.0652873225549374,0.0,0.1332026572124016,,31.82837868186591,0.4797629921138019,0.0329244349175937,0.0,0.0284700784391729,,0.0,0.1228383623772509,,0.4257543542075769,1.876048844448216,,,,,,,1.647530908495373,3.2801008962872897,2.478284353406942,4.49675915315863,1.0506642262531478,,8.96865791655381,,,0.7970891652841788,,,,,4.772071572106287,1.55676674977218,,0.3481819835197616,,2.0436129596908543,12.271022391081946,,3.069587601987337,,-0.07901244535443518,-1.094111808353524,0.4029349465379297,-0.8572574253355764,-0.5777592859729849,0.9213638212092281,-0.4843494327084108
Fitzroy_Island,2011,Storm_Only,1.02,21.851255536541192,2009,2013,2,24.11722344234805,28.27183515934281,-4.154611716994761,0.0,-0.1722674140713716,-0.1722674140713716,10,34.173025325256326,0.6791647264438977,9.037009972449589,19.38750619370204,2.6900000000000004,0.0,0,0,0,0,0,4.83,0.0,0,0,0,0,0,6.340000000000001,0.0,0,0,0,0,0,6.340000000000001,0.0,0,0,0,0,0,fitzroy island,Central,-16.933977777777777,1.1722674140713716,23.798046298603406,1.876048844448216,0.07883205288823698,8.96865791655381,0.37686530247149475,,,2.478284353406942,0.1041381432034772,3.2801008962872897,0.13783067967557416,0.6099872299415944,27.953975593208277,2.4026834747304853,0.08595140489835168,10.955632249744523,0.391916785260638,,,4.354528060433878,0.15577491101093532,3.4531592390178485,0.12353016577208542,1.0400669747129547,True,True,True,0.0777887574385538,0.3718777137838145,,0.10275993666232984,0.13600657240367384,,1.242480956223093,0.0,,0.0652873225549374,0.0,0.1332026572124016,,31.82837868186591,0.4797629921138019,0.0329244349175937,0.0,0.0284700784391729,,0.0,0.1228383623772509,,0.4257543542075769,1.876048844448216,,,,,,,1.647530908495373,3.2801008962872897,2.478284353406942,4.49675915315863,1.0506642262531478,,8.96865791655381,,,0.7970891652841788,,,,,4.772071572106287,1.55676674977218,,0.3481819835197616,,2.0436129596908543,12.271022391081946,,3.069587601987337,,-0.07901244535443518,-1.11212230280013,0.6203792713616527,-0.8572574253355764,-0.5777592859729849,0.9213638212092281,-0.38287957948737456
Fitzroy_Island,2017,Heatwave_Only,10.69,0.0,2015,2017,0,16.139482911877113,16.787673416272998,-0.6481905043958847,0.0,-0.0401617888215537,-0.0401617888215537,10,48.43480556130865,0.4207362786019543,13.798332942524295,13.558993923840834,4.529999999999999,0.0,0,0,0,0,0,7.15,0.0,0,0,0,0,0,9.25,0.0,0,0,0,0,0,10.86,0.0,0,0,0,0,0,fitzroy island,Central,-16.933977777777777,1.0401617888215537,15.902559428690784,0.0319795393246446,0.0020109680751733802,9.958581277492002,0.6262250628364333,,,1.4580858260039904,0.0916887518982239,1.0129930161673948,0.06369999877754218,0.3682439910866746,16.551898326428685,0.420080089730209,0.02537957166275365,9.35649330204452,0.5652821880318619,,,1.2712070116627605,0.07680128203983731,0.9614252895271688,0.058085499956947256,0.2774497234341206,True,True,True,0.0019814475779215157,0.617032239004599,,0.09034278446002622,0.06276489908000268,,0.5844293691219464,0.0294681608167037,,0.0,0.1674546306301325,0.2016207315792685,,47.05521793902759,0.0,0.0,0.0294688815045855,0.0,,0.1524690748601194,0.1863060347219697,,0.0,0.0319795393246446,,,,,,,0.9273878077504634,1.0129930161673948,1.4580858260039904,1.948697799868416,0.564834162083874,,9.958581277492002,,,0.4626523806623505,,,,,1.924923917674339,3.174432533200472,,0.0906856683772106,,4.280027714493196,18.05466667753263,,1.3834562374147956,,-0.6766811355097604,1.7905690521778452,-0.8058707579658089,-0.8572574253355764,-0.5777592859729849,0.9213638212092281,0.22593953983884282
Fitzroy_Island,2020,Heatwave_Only,4.88,0.0,2019,2022,2,20.221677790182465,32.801255403504705,-12.57957761332224,0.0,-0.6220837728622879,-0.6220837728622879,3,48.61190659624172,0.2430802085086092,10.038834452107825,13.713838800793685,11.52,0.0,1,0,0,1,0,16.05,0.0,1,0,0,1,0,18.360000000000003,0.0,1,0,0,1,0,18.67,0.0,1,0,0,1,0,fitzroy island,Central,-16.933977777777777,1.6220837728622879,19.97655019245439,1.151285411497344,0.057631843356627785,11.849840061931072,0.593187509743651,,,1.1353096286583684,0.056832116542685204,1.596333420896781,0.07991036517905646,0.1850944766373868,32.56494620564185,1.0409704763359264,0.031965981757266934,19.65307003400651,0.6035038384495053,,,2.0682799972070494,0.06351246472652614,2.339679942253679,0.0718465778349215,0.4214229880612261,True,True,True,0.05693322895572434,0.585996878443198,,0.05614319644681294,0.07894169007439104,,0.7483766991973235,0.0640540206732609,,0.0,0.0290203323597716,0.0961813146345147,,47.31707895079261,0.0,0.0,0.0630428575011339,0.0,,0.0297408210655328,0.0923107980707201,,0.0,1.151285411497344,,,,,,,1.2417551236752724,1.596333420896781,1.1353096286583684,1.7333513599883696,1.268675185807181,,11.849840061931072,,,0.0498427151972407,,,,,1.4852028748729915,4.167487005953071,,0.2273503050283815,,3.354436797829911,9.074736560770658,,0.138531582984766,,-0.37085518685215063,0.04655283993151276,-0.8058707579658089,0.01834597602858237,-0.5777592859729849,-0.4989432437840242,0.5303490995019515
Fitzroy_Island,2024,Heatwave_Only,7.82,0.0,2023,2024,0,33.55113015235705,37.80846487185232,-4.257334719495276,0.0,-0.1268909482381829,-0.1268909482381829,4,35.361123257172174,0.4425143822183957,6.496790089005804,28.84070393240232,4.13,0.0,0,0,0,0,0,9.68,20.99974402204592,1,1,1,1,1,20.53,20.99974402204592,2,1,1,1,1,23.68,20.99974402204592,2,1,1,1,1,fitzroy island,Central,-16.933977777777777,1.1268909482381828,33.224138619408535,3.995894366473293,0.12027081912483391,18.37704143564788,0.5531231869142446,,,2.609444630405048,0.0785406255462915,2.393413212883652,0.07203838270423939,0.4006863010643444,37.48464090789543,4.441088116887407,0.1184775419831213,17.416061960117656,0.4646186154726986,,,3.2533662290712773,0.08679198066923503,2.812621759824842,0.07503397902985957,0.5254655701273927,True,True,True,0.1190986517690395,0.5477324117607063,,0.07777516341641709,0.07133629186304798,,2.373521202714296,0.0334231466933101,,0.0,0.0,0.4091772236828658,,32.12918116647361,0.0,0.0,0.0321142648258539,0.0,,0.0,0.3685720362384905,,0.0,3.995894366473293,,,,,,,1.1807391887867684,2.393413212883652,2.609444630405048,2.8310048232201668,1.8366009619917287,,18.37704143564788,,,0.5615503667614994,,,,,0.2340359559678811,1.951723758119156,,0.0966795743245046,,2.0595830062425886,8.056887499505036,,0.0143165629225743,,0.6277479017492293,0.9290670678151993,-0.8058707579658089,0.01834597602858237,1.3420104933676291,-0.2960422344992739,0.9362285123860965
Fitzroy_Island,2025,Heatwave_Only,6.86,0.0,2024,2025,0,37.80846487185232,38.257587665057486,-0.4491227932051629,0.0,-0.0118788952349008,-0.0118788952349008,1,32.48573006573013,0.555187851019173,13.458903377601937,22.294320136876664,11.63,0.0,1,0,0,1,0,16.830000000000002,20.99974402204592,2,1,1,1,1,17.660000000000004,20.99974402204592,2,1,1,1,1,28.35,20.99974402204592,3,1,1,1,1,fitzroy island,Central,-16.933977777777777,1.011878895234901,37.48464090789543,4.441088116887407,0.1184775419831213,17.416061960117656,0.4646186154726986,,,3.2533662290712773,0.08679198066923503,2.812621759824842,0.07503397902985957,0.5254655701273927,37.93670352419987,4.908478494333803,0.12938600453786603,16.04330985369338,0.4228967823590506,,,4.490643390912173,0.1183719979266935,2.6609148997501704,0.0701409097934081,1.0543625177159064,True,True,True,0.11746279918901738,0.46063922508220057,,0.0860486200669138,0.07439132398942717,,0.876959403059743,0.027984572494553,,0.0,0.0,0.5342162911919945,,30.71294616980143,0.0,0.0,0.0304238450813604,0.0,,0.0,0.4950417250460323,,0.0,4.441088116887407,,,,,,,2.021998461920081,2.812621759824842,3.2533662290712773,4.853869525117899,2.6856348549562683,,17.416061960117656,,,0.7252639041977066,,,,,0.3395289321775321,1.2040822365405153,,0.3527830797768383,,3.6608414879951217,14.476655154369622,,0.0355642713093536,,0.9466948085375512,0.6408991566695058,-0.8058707579658089,0.8939493773927413,1.3420104933676291,-0.9047452623535249,1.0376983656071328
Fore_and_Aft_Reef,2011,Storm_Only,1.41,23.014637510584315,2010,2012,1,9.286001454614487,2.8103399048720967,6.475661549742391,6.475661549742391,0.6973573697346821,0.6973573697346821,10,74.99657739052023,11.444631448076798,14.49936617425588,51.87676939562039,0.0,0.0,0,0,0,0,0,0.0,0.0,0,0,0,0,0,0.0,0.0,0,0,0,0,0,0.0,0.0,0,0,0,0,0,fore and aft reef,Central,-18.50111111111111,0.30264263026531796,9.065402728000393,2.924800755896913,0.3226332953596263,1.9514992077896824,0.21526889277208489,2.533069433537096,0.27942161088036177,0.2946997926794734,0.032508185407939066,0.5818931547720306,0.06418834024601376,11.402410540402244,2.623388820251168,0.6122568824245793,0.233383964168133,0.5312880108855172,0.20251973584100688,0.3375624711980479,0.12867420513202044,0.2188388304189787,0.08341837425304978,0.4870768658945904,0.1856670510046455,1.9996395869590826,True,True,True,0.3149688022548708,0.210154953919367,0.27278365676739574,0.03173591928881601,0.06266347874443534,,9.875876229022268,8.990034881603833,,0.0,0.0,0.2198017292781847,,53.452477671555386,2.4526013604519155,,8.643254682486035,0.0,,0.0,0.2357378085219405,,2.523418049394268,2.924800755896913,,,,,,,,0.5818931547720306,0.2946997926794734,0.697338522611973,,2.533069433537096,1.9514992077896824,,0.0821018607132246,,,,0.9465463187895392,,,0.3820728621655301,0.715500567339731,0.6866963369263819,,0.0594232669405119,,,0.5727328088820655,0.9135987865732292,-1.1901236660008048,-0.9950540888971918,0.6963142020489669,-0.8572574253355764,-0.5777592859729849,0.9213638212092281,-0.38287957948737456
Fore_and_Aft_Reef,2017,Heatwave_Only,6.88,0.0,2016,2018,1,20.6087314838366,23.5749849284998,-2.9662534446631987,0.0,-0.1439318789217874,-0.1439318789217874,10,71.32074140464712,1.8885398228843155,41.60557163090948,47.72808646131026,0.0,0.0,0,0,0,0,0,0.0,0.0,0,0,0,0,0,0.0,0.0,0,0,0,0,0,0.0,0.0,0,0,0,0,0,fore and aft reef,Central,-18.50111111111111,1.1439318789217874,20.268795494547458,11.349850012876503,0.5599666746812728,1.0423988139370004,0.0514287498839,4.245750508432455,0.2094722653635048,0.8718395981794275,0.04301388301115192,1.8310663566837773,0.0903391796111592,1.7907274258326753,23.26322643949527,14.323967550754722,0.6157343474263797,1.5030327606168443,0.06460981517443609,4.003857052462152,0.17211099513112169,0.8559070420131792,0.03679227575071265,1.6550288836304912,0.07114356591657711,3.4473957924450502,True,True,True,0.5507301612318145,0.050580445223159534,0.20601707153894414,0.042304379522980835,0.08884905692132872,,13.216150709521932,0.4632237375739603,,0.0222974586293266,0.0570503122885663,1.217796246333145,,56.15823017863515,0.0214560126872441,,0.4702251503185723,0.0323697317065897,,0.0677600994224745,1.186281183394276,,0.034091260990763,11.349850012876503,,,,,,,,1.8310663566837773,0.8718395981794275,0.6660420134511446,,4.245750508432455,1.0423988139370004,,0.2618481909871484,,,,0.1830107329209232,,,0.1889078681133835,0.3792723141737883,0.6686097097796492,,0.3153321189451882,,,0.455478521162248,0.3815377899078951,-0.34185827059215396,0.6469026548183743,-0.8058707579658089,-0.8572574253355764,-0.5777592859729849,0.9213638212092281,0.22593953983884282
Fore_and_Aft_Reef,2020,Concurrent,4.6000000000000005,30.187835979791867,2018,2020,0,23.5749849284998,28.037032384678795,-4.462047456178997,0.0,-0.1892704266709765,-0.1892704266709765,10,65.77812621368113,3.490069738296712,18.77123913218236,48.75168559950063,0.0,0.0,0,0,0,0,0,0.0,0.0,0,0,0,0,0,0.0,0.0,0,0,0,0,0,0.0,0.0,0,0,0,0,0,fore and aft reef,Central,-18.50111111111111,1.1892704266709764,23.26322643949527,14.323967550754722,0.6157343474263797,1.5030327606168443,0.06460981517443609,4.003857052462152,0.17211099513112169,0.8559070420131792,0.03679227575071265,1.6550288836304912,0.07114356591657711,3.4473957924450502,27.65515818253034,18.802194369864875,0.679880196156034,1.2940053188275766,0.04679074009582035,4.371949314492252,0.1580880241449494,0.4539373044719054,0.016414200254282252,1.5145072016191896,0.054764004299780074,4.72790566063844,True,True,True,0.6075918009787772,0.06375540706284093,0.16983497824517754,0.03630573018854715,0.07020275468467964,,9.017221531547918,1.6208368559191006,,0.0,0.0579592869311655,1.8204685932664195,,53.24676918887877,0.0,,1.568231890452576,0.0,,0.0683574765815431,1.810806425410931,,0.0,14.323967550754722,,,,,,,,1.6550288836304912,0.8559070420131792,0.8037548063998247,,4.003857052462152,1.5030327606168443,,0.1176783436180576,,,,0.2785092042121211,,,0.3189313271134682,0.511089423086548,0.6128425779003885,,0.4154538917508907,,,0.0894008268722745,0.8784999901141856,-0.11963534867971082,-0.03749613415264766,1.16451496561472,-0.8572574253355764,-0.5777592859729849,0.9213638212092281,0.5303490995019515
Fork_Reef,1988,Storm_Only,0.0,22.481028,1987,1989,1,10.13322078593697,11.686893720648715,-1.553672934711745,0.0,-0.1533246899019465,-0.1533246899019465,1,,,,,7.949999999999999,0.0,1,0,0,1,0,7.949999999999999,0.0,1,0,0,1,0,7.949999999999999,0.0,1,0,0,1,0,7.949999999999999,0.0,1,0,0,1,0,fork reef,Central,-18.61416666666667,1.1533246899019465,,,,,,,,,,,,,,,,,,,,,,,,,False,False,False,,,,,,,,,,,,,,,,,,,,,,,,,,,,,,,,,,,,,,,,,,,,,,,,,,,,,,,-1.1266525031957781,-1.4183007083924293,0.6614850555567849,0.01834597602858237,-0.5777592859729849,-0.9047452623535249,-2.716686203571208
Fork_Reef,1989,Storm_Only,0.33,33.461362281413145,1988,1989,0,12.755343062295427,11.686893720648715,1.068449341646712,1.068449341646712,0.0837648455575475,0.0837648455575475,1,,,,,7.949999999999999,22.80094608347571,1,1,0,1,1,7.949999999999999,22.80094608347571,1,1,0,1,1,7.949999999999999,22.80094608347571,1,1,0,1,1,7.949999999999999,22.80094608347571,1,1,0,1,1,fork reef,Central,-18.61416666666667,0.9162351544424524,,,,,,,,,,,,,,,,,,,,,,,,,False,False,False,,,,,,,,,,,,,,,,,,,,,,,,,,,,,,,,,,,,,,,,,,,,,,,,,,,,,,,-0.9302108690823976,-1.319242988936097,1.3781808108511162,0.01834597602858237,1.3420104933676291,-0.9047452623535249,-2.6152163503501717
Fork_Reef,2016,Heatwave_Only,4.36,0.0,2014,2016,0,10.363851160433155,17.557332371427364,-7.193481210994209,0.0,-0.6940934503630558,-0.6940934503630558,16,73.87475413714945,2.592723852850914,26.534208426431864,50.12269389499695,3.31,0.0,0,0,0,0,0,6.68,0.0,0,0,0,0,0,8.57,0.0,0,0,0,0,0,8.57,0.0,0,0,0,0,0,fork reef,Central,-18.61416666666667,1.6940934503630558,9.650990025803853,1.0525140719338868,0.10905762715739833,0.965251932002088,0.10001584598277419,2.4110244358317803,0.24982146177598608,0.8633317516992475,0.08945525271406947,1.9837715874325976,0.20555109705103697,2.517382083536311,16.589921487281508,4.528759077762566,0.2729825503535079,1.5765235006634448,0.0950289910577377,3.876307324630176,0.2336543501789268,1.5186804832489995,0.09154235506257702,2.852156097775852,0.17192101240276683,1.7657804665385606,True,True,True,0.10155627050609796,0.09313641397005025,0.23263788706620253,0.08330221443118108,0.19141258946347955,,21.225317572906743,0.7178507162444727,,0.0,0.3071835258169375,1.340641093200432,,49.86911368740968,0.3368289256443071,,0.6324279546952861,,,0.2670939258454755,1.3089892670867485,0.0,0.3088709359088009,1.0525140719338868,,,,,,,,1.9837715874325976,0.8633317516992475,1.6343494939531036,,2.4110244358317803,0.965251932002088,0.7407467529511504,,0.1092047396990717,,,,,,0.0,0.2232974391292577,0.1644118063326443,,,0.0516780997771479,,0.7697426716835525,0.0781112853748905,-1.1093743586749474,-0.1095381119390711,-0.8058707579658089,-0.8572574253355764,-0.5777592859729849,2.13876987691773,0.12446968661780661
Fork_Reef,2017,Heatwave_Only,5.33,0.0,2016,2018,1,17.557332371427364,20.65387094900915,-3.0965385775817857,0.0,-0.1763672585375819,-0.1763672585375819,1,73.1172425047278,1.8312670073170128,29.001876578724342,63.22258973481521,6.7,0.0,1,0,0,1,0,8.95,0.0,1,0,0,1,0,11.7,0.0,1,0,0,1,0,12.93,0.0,1,0,0,1,0,fork reef,Central,-18.61416666666667,1.176367258537582,16.589921487281508,4.528759077762566,0.2729825503535079,1.5765235006634448,0.0950289910577377,3.876307324630176,0.2336543501789268,1.5186804832489995,0.09154235506257702,2.852156097775852,0.17192101240276683,1.7657804665385606,19.66816496658594,7.803984651402004,0.3967825501087732,1.976842182917247,0.10050974182267056,4.619391642662224,0.23486642757522447,0.5847119243255655,0.0297288499114649,2.797773659820775,0.14224884042684643,2.2616430678313493,True,True,True,0.25794118274668115,0.08979288352648972,0.22077997059157128,0.08649836154611311,0.16244814630367332,,20.976751113825586,0.742613889784398,,0.0,0.0621744496007464,1.066952536027645,,50.29020484982711,0.0265227443097496,,0.6612357351945897,,,0.0502365849626447,1.0358291354831632,0.0,0.0184790108981629,4.528759077762566,,,,,,,,2.852156097775852,1.5186804832489995,1.7762445466215722,,3.876307324630176,1.5765235006634448,0.4612504565788957,,0.2588816888589049,,,,,,0.0770028265830602,0.1896643321632849,0.4601627399129638,,,0.1927357705603977,,0.3137188390140715,0.13478799807845,-0.5704600537272458,0.18163154828105665,-0.8058707579658089,0.01834597602858237,-0.5777592859729849,-0.9047452623535249,0.22593953983884282
Fork_Reef,2020,Concurrent,5.96,36.51172104748385,2018,2020,0,20.65387094900915,23.295868247260657,-2.641997298251507,0.0,-0.1279177789371369,-0.1279177789371369,3,66.5861865220604,2.3058587003416644,15.632082284715924,52.73207531154977,5.48,0.0,1,0,0,1,0,12.18,0.0,2,0,0,2,0,13.15,0.0,2,0,0,2,0,14.43,0.0,2,0,0,2,0,fork reef,Central,-18.61416666666667,1.1279177789371369,19.66816496658594,7.803984651402004,0.3967825501087732,1.976842182917247,0.10050974182267056,4.619391642662224,0.23486642757522447,0.5847119243255655,0.0297288499114649,2.797773659820775,0.14224884042684643,2.2616430678313493,22.091886346510066,10.939447304507723,0.4951794126098185,1.5823576896334477,0.07162619184320665,4.415069016137431,0.19985025030852085,1.2306784920136014,0.05570726160321823,2.4050986141521644,0.10886796068150634,2.4024731465529254,True,True,True,0.37784610307039773,0.09571291443612337,0.22365742741719974,0.028310040561845214,0.13546001457683146,,14.657301635243677,1.4419705521907256,,0.0,0.0,1.034629826090974,,49.40296500965346,0.0,,1.2851266327103064,,,0.0,0.9765164351210428,0.0,0.0,7.803984651402004,,,,,,,,2.797773659820775,0.5847119243255655,1.5946001903891147,,4.619391642662224,1.976842182917247,0.2908607150690105,,0.2305531689786865,,,,,,0.0509142903827902,0.5336309909931571,0.4083372749354011,,,1.2610841300090287,,0.0519371670803014,0.1112080290732304,-0.33847655556633355,0.370741739970418,1.577280321279352,0.8939493773927413,-0.5777592859729849,-0.4989432437840242,0.5303490995019515
Fork_Reef,2022,Heatwave_Only,4.8,0.0,2020,2025,3,23.295868247260657,40.90245759650253,-17.606589349241872,0.0,-0.755781633136263,-0.755781633136263,2,61.1510932480232,2.48705976477183,14.690871526807143,74.77611980337593,5.96,36.85445892368115,1,1,1,1,1,11.44,36.85445892368115,2,1,1,1,1,18.14,36.85445892368115,3,1,1,2,1,18.14,36.85445892368115,3,1,1,2,1,fork reef,Central,-18.61416666666667,1.755781633136263,22.091886346510066,10.939447304507723,0.4951794126098185,1.5823576896334477,0.07162619184320665,4.415069016137431,0.19985025030852085,1.2306784920136014,0.05570726160321823,2.4050986141521644,0.10886796068150634,2.4024731465529254,,,,,,,,,,,,,True,False,False,0.46958744737037583,0.06792439212131601,0.18952154816795014,0.05282818733997244,0.10324142412828842,,12.924699139982089,1.89992505341552,,0.0,0.2919287538983542,0.5500410424175822,,45.3157301523533,0.0251705669127739,,1.6443746626652778,,,0.2441118997606456,0.4971539023115275,0.0,0.0168326818154747,10.939447304507723,,,,,,,,2.4050986141521644,1.2306784920136014,1.0810357465186355,,4.415069016137431,1.5823576896334477,0.4381994835470642,,0.36031288877259,,,,,,0.1893047830541795,0.3090096329097665,0.2752364296062493,,,0.495900941120701,,0.0249755348000736,0.2135507673178833,-0.14054594368333795,0.022538847336038278,-0.8058707579658089,0.8939493773927413,1.3420104933676291,-0.7018442530687745,0.733288805944024
Gannet_Cay,1992,Storm_Only,1.62,22.481028,1991,1995,3,61.3860107488418,46.64886130660037,14.737149442241432,14.737149442241432,0.2400734183971954,0.2400734183971954,10,,,,,1.15,0.0,0,0,0,0,0,1.15,0.0,0,0,0,0,0,1.15,0.0,0,0,0,0,0,1.15,0.0,0,0,0,0,0,gannet cay,South,-21.981111111111108,0.7599265816028046,,,,,,,,,,,,,46.40269968590831,29.079406785019845,0.6266748913716922,1.0721011536400038,0.023104284037283766,2.4555667742555465,0.05291861876306432,5.410866318510826,0.11660671372864134,2.739764126173879,0.05904320534621604,0.0468102877857644,False,True,False,,,,,,,,,,,,,,,,,,,,,,,,,,,,,,,,,,,,,,,,,,,,,,,,,,,,,,,2.7130547080046683,-0.9320173583340714,0.6614850555567849,-0.8572574253355764,-0.5777592859729849,0.9213638212092281,-2.310806790687063
Gannet_Cay,1994,Storm_Only,0.32,29.117304,1993,1997,3,59.87610152377047,38.254237533949954,21.62186398982052,21.62186398982052,0.3611100829808828,0.3611100829808828,2,31.680130723070583,0.0,,,1.85,22.481028,0,1,0,0,1,2.7700000000000005,22.481028,0,1,0,0,1,2.7700000000000005,22.481028,0,1,0,0,1,2.7700000000000005,22.481028,0,1,0,0,1,gannet cay,South,-21.981111111111108,0.6388899170191172,59.694077950680715,42.926855929112726,0.7191141467094763,1.4961299448273693,0.025063289294182126,2.7527151577956386,0.04611370595371175,4.389673186932211,0.07353615865478251,2.902106997654365,0.04861633008306264,0.0,38.074090564181276,24.09557105853083,0.6328600552628582,1.597907901052346,0.041968380002636224,1.356507644168064,0.03562810362814594,4.375749285148816,0.11492721744128438,1.9333982181406224,0.050779892296613206,0.19669471513756862,True,True,True,0.7169280370077369,0.02498709680077308,0.04597352011474605,0.07331260845680702,0.04846853625736213,,2.5821033581850603,,0.0,0.0,0.0,0.0,,29.089438645133225,0.0,,0.0,0.0,,0.0,0.0,,0.0,42.926855929112726,,,,0.7890765537037492,,,,2.902106997654365,4.389673186932211,4.437520180654657,,2.7527151577956386,1.4961299448273693,,,,,,0.5410812243012613,,,,0.0,0.0862722306689848,,0.0884610219511985,0.0,,2.4875210691728906,0.0,2.599936781274034,-1.3222447380105313,1.0946404330039583,-0.8572574253355764,1.3420104933676291,-0.7018442530687745,-2.1078670842449907
Gannet_Cay,2002,Heatwave_Only,4.2,0.0,2001,2002,0,6.358417180812206,3.6767479510544168,2.681669229757789,2.681669229757789,0.4217510668929151,0.4217510668929151,8,81.32007834095751,1.3435581348860737,,51.63040385263524,0.14,0.0,0,0,0,0,0,2.51,0.0,0,0,0,0,0,2.8600000000000003,0.0,0,0,0,0,0,3.18,29.117304,0,1,0,0,1,gannet cay,South,-21.981111111111108,0.5782489331070849,6.226125112983919,0.8579699869943435,0.1378015975305634,2.026468115286948,0.32547821936005833,0.722690568628048,0.11607389114634944,1.1980865124733786,0.1924289169799844,0.0580262827560651,0.009319806734216998,1.305724686553048,3.5623078589957813,0.2515204614359033,0.0706060428777223,2.009667154213922,0.5641475228310137,0.154217528348091,0.04329146566000758,0.1874032401757695,0.052607255631353184,0.0224536524199072,0.006303119581090027,5.039099361924512,True,True,True,0.1349345226329973,0.31870637890860953,0.11365887894378984,0.1884252760402139,0.009125900535619303,,2.408630657780612,,0.0,0.1152972498393744,0.0,0.0,,77.3758407005302,1.303228961699944,,0.0338543667114573,0.0,,0.0,0.0,,1.2718703198415908,0.8579699869943435,,,,0.2987300961010379,,,,0.0580262827560651,1.1980865124733786,1.0641535507440982,,0.722690568628048,2.026468115286948,,,,,,0.1558154125612167,,,,0.2515513756977308,0.1382952272292208,,0.3938081565974498,0.8588684893532847,,0.1736933077803897,5.112818213152729,-1.4094496081719836,-0.15756609713002007,-0.8058707579658089,-0.8572574253355764,-0.5777592859729849,0.5155618026397275,-1.2961082584767007
Gannet_Cay,2009,Storm_Only,0.29,42.338412,2008,2011,2,13.104038634443802,6.1165543497174895,6.987484284726312,6.987484284726312,0.5332313555883296,0.5332313555883296,7,71.74939685157914,0.9442562609905182,17.835086912726684,44.5907222128444,1.96,0.0,0,0,0,0,0,5.16,0.0,0,0,0,0,0,9.36,0.0,1,0,0,1,0,9.36,0.0,1,0,0,1,0,gannet cay,South,-21.981111111111108,0.4667686444116704,,,,,,,,,,,,,6.00176517352612,1.11833739224341,0.18633474651364462,1.8424923870088643,0.3069917488834996,0.4689598216556914,0.07813698272039707,0.272700199256866,0.045436665942838086,0.7770413700991029,0.12946880586508858,1.8162647072521556,False,True,False,,,,,,,,,,,,,,,,,,,,,,,,,,,,,,,,,,,,,,,,,,,,,,,,,,,,,,,-0.9040876296673175,-1.3312499852338344,1.9575933942746824,-0.8572574253355764,-0.5777592859729849,0.3126607933549771,-0.5858192859294471
Gannet_Cay,2020,Heatwave_Only,6.8,0.0,2019,2023,3,23.560759614131285,4.941148532649486,18.6196110814818,18.6196110814818,0.7902805930889477,0.7902805930889477,11,65.32811963502485,1.1057069661974366,21.76564235465419,29.873995670522568,1.11,0.0,0,0,0,0,0,2.08,0.0,0,0,0,0,0,2.08,0.0,0,0,0,0,0,2.22,0.0,0,0,0,0,0,gannet cay,South,-21.981111111111108,0.2097194069110523,23.34095131363343,8.121897920601922,0.347967733254211,4.716792581874367,0.20208227670306192,2.9426446502936696,0.12607218149565624,0.9878390259933214,0.04232214071824594,2.406845285997202,0.1031168461669069,1.0500479773192077,4.831208267187252,0.1453391133725569,0.03008338811631772,2.9626469938106115,0.6132310655974837,0.1473185478040155,0.030493106414926904,0.1201786468359896,0.024875484597139518,0.212282702087533,0.04393987804858696,2.7093516031024314,True,True,True,0.3447213949643018,0.2001969655955119,0.12489600074391187,0.041927299551107626,0.1021548254562057,,6.180366017918401,,0.0,0.2178530454888493,0.2204949468093819,1.6063756457152694,,56.60515357545172,0.0,,0.1642181701308961,0.0,,0.095328684777657,0.7905011224106546,,0.0,8.121897920601922,,,,2.617168028791091,,,,2.406845285997202,0.9878390259933214,1.547763820081857,,2.9426446502936696,4.716792581874367,,,,,,0.4706348819082799,,,,1.8175680124636184,1.2399557480870853,,0.2080053086113397,0.3831488506618028,,0.0668919919107487,1.107490553837074,-0.12070106709624787,0.6228886622228997,-0.8058707579658089,-0.8572574253355764,-0.5777592859729849,1.1242648304939784,0.5303490995019515
Gannet_Cay,2024,Heatwave_Only,8.47,0.0,2023,2025,1,4.941148532649486,6.879262317708815,-1.938113785059328,0.0,-0.3922395314071028,-0.3922395314071028,4,89.46423674317425,2.7748636490123664,20.344384385867365,49.69160469444498,0.95,0.0,0,0,0,0,0,7.75,0.0,1,0,0,1,0,8.86,0.0,1,0,0,1,0,9.21,0.0,1,0,0,1,0,gannet cay,South,-21.981111111111108,1.3922395314071028,4.831208267187252,0.1453391133725569,0.03008338811631772,2.9626469938106115,0.6132310655974837,0.1473185478040155,0.030493106414926904,0.1201786468359896,0.024875484597139518,0.212282702087533,0.04393987804858696,2.7093516031024314,6.766261823132233,0.1592989449814539,0.023543124570918738,3.752890714445593,0.5546475753591675,0.2416391854903236,0.03571236109489836,0.048741728765244,0.007203642134953701,0.8590774827280909,0.12696485964984539,2.0559668808106295,True,True,True,0.02941403449262935,0.599586710303164,0.029814636583090533,0.024322006521740557,0.04296221833544137,,14.800266241195558,,0.1056593185398947,0.2188166098180431,1.2306261732615014,2.800843067097908,,69.92253163785797,0.0,,0.0669004183750393,0.0334320072419663,,0.7638676545485951,1.8451515229368305,,0.0,0.1453391133725569,,,,0.5800764964030601,,,,0.212282702087533,0.1201786468359896,0.663365766873485,,0.1473185478040155,2.9626469938106115,,,,,,0.2252161911546958,,,,0.0,0.8311105266234834,,0.4877243494676083,0.6923825454434993,,0.0,1.1233985427881197,-1.515627177285731,1.1241807576534293,-0.8058707579658089,0.01834597602858237,-0.5777592859729849,-0.2960422344992739,0.9362285123860965
Green_Island,1990,Storm_Only,0.0,19.051087112456987,1989,1991,1,6.837518918933692,7.9453553563263375,-1.1078364373926457,0.0,-0.1620231622796609,-0.1620231622796609,4,,,,,1.21,0.0,0,0,0,0,0,1.21,19.78307543524911,0,1,0,0,1,1.21,19.78307543524911,0,1,0,0,1,1.21,19.78307543524911,0,1,0,0,1,green island,Central,-16.765555555555554,1.1620231622796608,,,,,,,,,,,,,,,,,,,,,,,,,False,False,False,,,,,,,,,,,,,,,,,,,,,,,,,,,,,,,,,,,,,,,,,,,,,,,,,,,,,,,-1.373556725070494,-1.4183007083924293,0.4376098972955576,-0.8572574253355764,1.3420104933676291,-0.2960422344992739,-2.5137464971291354
Green_Island,2006,Storm_Only,0.98,25.00307301656869,2005,2006,0,9.855858574930226,8.589089089968745,1.2667694849614808,1.2667694849614808,0.1285295923567418,0.1285295923567418,16,70.74595927725143,3.5471985759656226,,49.49947066048829,1.53,0.0,0,0,0,0,0,4.78,0.0,0,0,0,0,0,6.04,0.0,0,0,0,0,0,6.99,0.0,0,0,0,0,0,green island,Central,-16.765555555555554,0.8714704076432581,9.268429000249297,1.3757596360397983,0.14843504071755784,3.366383292411526,0.36320969738463543,,,0.3489237847747312,0.03764648623465164,1.580165313195068,0.1704890130951605,3.529077154123547,,,,,,,,,,,,,True,False,False,0.13958800500031912,0.34156164750318146,,0.03540267771924694,0.16032751496804576,,1.2636799124292453,1.2830561563376748,,0.0,0.0,0.0,,65.4667892638741,2.180846582312708,0.0,1.298180962733037,0.0,0.0,0.0,0.0,,2.23089619139051,1.3757596360397983,,,,,,,0.2102306516790691,1.580165313195068,0.3489237847747312,1.7184378254420227,,,3.366383292411526,,0.6685284967070824,0.3581468451481958,,,0.0,,,0.3137586831746715,,0.1217607321412064,,0.4669548522154468,1.4636565370187296,,0.6873584052281145,,-1.1474316584864055,-1.124129299097867,0.8261010783217472,-0.8572574253355764,-0.5777592859729849,2.13876987691773,-0.8902288455925558
Green_Island,2010,Storm_Only,1.4,18.51984,2009,2010,0,21.13129342861967,9.032050469533177,12.099242959086494,12.099242959086494,0.5725746509534336,0.5725746509534336,4,55.082391478914985,2.810990296514488,8.336550037428056,37.53686277238878,2.75,0.0,0,0,0,0,0,4.23,26.91502165445073,0,1,0,0,1,5.26,26.91502165445073,0,1,0,0,1,7.27,26.91502165445073,0,1,0,0,1,green island,Central,-16.765555555555554,0.42742534904656637,20.13346209493933,8.704478058824305,0.43233886043931957,5.341651081730716,0.26531209866152994,,,1.6786338591333376,0.08337532070826868,1.3341125789586743,0.06626344603166942,2.735786161841846,,,,,,,,,,,,,True,False,False,0.4119235809311695,0.25278391499197694,,0.07943829206686609,0.06313444955299267,,2.008816658420543,0.9504323493683932,,0.0307415389493518,0.0,0.3462494740241307,,49.233110157800105,1.3491221747140116,0.0301382732950487,0.9448667231447078,0.0,0.0,0.0,0.3705354075940987,,1.390245757807991,8.704478058824305,,,,,,,0.8667085495576666,1.3341125789586743,1.6786338591333376,2.0583779186457263,,,5.341651081730716,,0.1495000480889001,0.1438889926296518,,,0.153280684061074,,,0.2475394442965167,,0.4773490670807819,,0.3421410433843081,1.6387108934936994,,0.8259547949886139,,-0.30270947753845445,-0.9980558379716262,0.4029349465379297,-0.8572574253355764,1.3420104933676291,-0.2960422344992739,-0.4843494327084108
Green_Island,2017,Heatwave_Only,11.08,0.0,2015,2017,0,6.198594560661906,8.99188005392466,-2.793285493262754,0.0,-0.450632069241915,-0.450632069241915,2,69.80951065265539,3.3245109627519907,13.956702004373936,45.76391421538472,5.55,26.087139456572835,0,1,0,0,1,7.859999999999999,26.087139456572835,0,1,0,0,1,10.31,44.60697945657283,0,2,0,0,1,12.48,44.60697945657283,0,2,0,0,1,green island,Central,-16.765555555555554,1.450632069241915,5.755178512910152,0.0861096001024629,0.014962107588722021,4.298466209253255,0.7468866864182987,,,0.1433576582975222,0.024909333042570085,0.4066785535404534,0.07066306503407019,3.246821158318115,8.52547339066933,0.6711487920515676,0.07872275958143318,6.177374583467174,0.7245784838444251,,,0.210571937827195,0.024699149029971123,0.5019119226956335,0.058872029703939836,4.264756922060716,True,True,True,0.013891794222022457,0.6934581972069247,,0.02312744556763106,0.0656081873980522,,2.675998679120949,0.414821313923726,,0.0,0.3873531358160186,2.232981706374657,,62.90773278158923,0.1566171349859173,0.0,0.4261855053204562,0.0,0.0,0.392128989362333,2.2638781275718167,,0.164628536063509,0.0861096001024629,,,,,,,0.2402142200001924,0.4066785535404534,0.1433576582975222,0.5599930793917629,,,4.298466209253255,,0.0203591923245028,0.1892323436073951,,,0.2662292365752913,,,0.163026916873135,,0.3023507090046397,,0.3880862798104125,1.9876590800135208,,0.3749481621145434,,-1.4214230454726302,1.9076372660807834,-0.8058707579658089,-0.8572574253355764,1.3420104933676291,-0.7018442530687745,0.22593953983884282
Green_Island,2020,Heatwave_Only,5.42,0.0,2019,2021,1,11.81418176873147,14.914060547652012,-3.099878778920542,0.0,-0.2623862438891007,-0.2623862438891007,3,72.4424621096481,3.722883841936492,10.718395694059833,35.80251769386034,11.84,0.0,1,0,0,1,0,17.389999999999997,26.087139456572835,1,1,0,1,1,19.41,26.087139456572835,1,1,0,1,1,19.7,26.087139456572835,1,1,0,1,1,green island,Central,-16.765555555555554,1.2623862438891007,11.190524413507147,1.4452714919099627,0.12915136400270003,7.118807055028148,0.6361459742168679,,,0.1789934504894392,0.015995090477921765,0.5924357762496174,0.05294084122943673,3.652189837792456,14.161932427478046,3.884441955867656,0.27428756462153214,6.692333115715179,0.47255790479060694,,,0.5041940427168163,0.03560206527596058,1.05276553476205,0.07433770356928092,9.07576157190625,True,True,True,0.12233360889496003,0.6025645444079297,,0.015150727658785494,0.050146153821470224,,1.5431983369833706,2.6290703301919858,,0.0,0.0925464151973525,0.4475615762521024,,66.2798808341662,0.4385546061148379,0.0,2.636094061166259,0.0,0.0,0.1034335091247403,0.4597036150778023,,0.4529586524236544,1.4452714919099627,,,,,,,0.6257007348843203,0.5924357762496174,0.1789934504894392,1.229315904945659,,,7.118807055028148,,0.0,0.159111964460409,,,0.1102214184173946,,,0.5174386666689673,,0.2447545611098082,,0.6052282951441631,0.9971204218343924,,0.0457101670606545,,-1.0007198854386938,0.20864728995096538,-0.8058707579658089,0.01834597602858237,1.3420104933676291,-0.4989432437840242,0.5303490995019515
Green_Island,2022,Heatwave_Only,4.23,0.0,2021,2022,0,14.914060547652012,16.26868029146519,-1.3546197438131795,0.0,-0.0908283655872942,-0.0908283655872942,2,66.30566602187059,9.176992753909254,16.31583965523116,51.06067234582549,6.34,0.0,1,0,0,1,0,17.569999999999997,0.0,2,0,0,1,0,23.119999999999997,26.087139456572835,2,1,0,1,1,23.12,26.087139456572835,2,1,0,1,1,green island,Central,-16.765555555555554,1.0908283655872943,14.161932427478046,3.884441955867656,0.27428756462153214,6.692333115715179,0.47255790479060694,,,0.5041940427168163,0.03560206527596058,1.05276553476205,0.07433770356928092,9.07576157190625,,,,,,,,,,,,,True,False,False,0.26045502118329544,0.448726427945794,,0.03380662436670836,0.07058879313238349,,1.0716337210820843,1.7251400708917248,,0.0561880606205419,6.734571206706416,0.4500846581831282,,55.33326595208862,0.0,0.0,1.7307887109705171,0.0272202551825402,0.0272016372762333,6.836085196125421,0.4544657723515395,,0.0,3.884441955867656,,,,,,,0.1474571719343032,1.05276553476205,0.5041940427168163,1.7984198960407198,,,6.692333115715179,,0.0823207104413217,0.1567414097256859,,,0.0425775947026448,,,0.5321429203664619,,0.2422622247553304,,0.3833737787315981,0.4505849533948752,,0.2046509834540711,,-0.7684861492872922,-0.14856084990671706,-0.8058707579658089,0.8939493773927413,-0.5777592859729849,-0.7018442530687745,0.733288805944024
Green_Island,2024,Heatwave_Only,8.15,0.0,2023,2024,0,17.57237117369634,26.561785128535703,-8.989413954839364,0.0,-0.5115652216756839,-0.5115652216756839,2,66.30566602187059,9.176992753909254,16.31583965523116,51.06067234582549,5.48,0.0,1,0,0,1,0,11.51,0.0,2,0,0,1,0,22.74,0.0,3,0,0,1,0,26.41,0.0,3,0,0,1,0,green island,Central,-16.765555555555554,1.5115652216756839,,,,,,,,,,,,,,,,,,,,,,,,,False,False,False,,,,,,,,,,,,,,,,,,,,,,,,,,,,,,,,,,,,,,,,,,,,,,,,,,,,,,,-0.5693333912067899,1.0281247872715313,-0.8058707579658089,0.8939493773927413,-0.5777592859729849,-0.7018442530687745,0.9362285123860965
Grub_Reef_18_077,1988,Storm_Only,0.0,22.6711694553349,1986,1988,0,26.7353255754215,9.112010753423574,17.623314821997923,17.623314821997923,0.6591771165188094,0.6591771165188094,10,,,,,0.0,0.0,0,0,0,0,0,0.0,0.0,0,0,0,0,0,0.0,0.0,0,0,0,0,0,0.0,0.0,0,0,0,0,0,grub reef 18 077,Central,-18.65079722222222,0.3408228834811905,,,,,,,,,,,,,,,,,,,,,,,,,False,False,False,,,,,,,,,,,,,,,,,,,,,,,,,,,,,,,,,,,,,,,,,,,,,,,,,,,,,,,0.11712801153185842,-1.4183007083924293,0.6738957500266871,-0.8572574253355764,-0.5777592859729849,0.9213638212092281,-2.716686203571208
Grub_Reef_18_077,1989,Storm_Only,0.34,29.20178981897609,1988,1989,0,9.112010753423574,9.539463029803017,-0.4274522763794426,0.0,-0.0469108617128046,-0.0469108617128046,1,,,,,0.0,23.760244488434715,0,1,0,0,1,0.0,23.760244488434715,0,1,0,0,1,0.0,23.760244488434715,0,1,0,0,1,0.0,23.760244488434715,0,1,0,0,1,grub reef 18 077,Central,-18.65079722222222,1.0469108617128047,,,,,,,,,,,,,,,,,,,,,,,,,False,False,False,,,,,,,,,,,,,,,,,,,,,,,,,,,,,,,,,,,,,,,,,,,,,,,,,,,,,,,-1.2031585339665898,-1.3162412398616627,1.1001548942481136,-0.8572574253355764,1.3420104933676291,-0.9047452623535249,-2.6152163503501717
Grub_Reef_18_077,2017,Heatwave_Only,4.73,0.0,2016,2020,3,11.530810267646618,6.851916060738547,4.678894206908072,4.678894206908072,0.4057732369455604,0.4057732369455604,17,83.77351662551591,1.5428963386827872,16.48779593796084,51.43351763437869,5.550000000000001,0.0,0,0,0,0,0,7.29,0.0,0,0,0,0,0,9.6,0.0,0,0,0,0,0,10.07,0.0,0,0,0,0,0,grub reef 18 077,Central,-18.65079722222222,0.5942267630544397,11.121798922299693,1.1482197263689604,0.10324046805654162,1.8406222396516696,0.16549680968976535,1.7005661199295807,0.15290387209931222,0.8895995387837449,0.07998701873669546,3.838890848619767,0.34516815808660445,1.4516479118433572,6.5474396426336705,0.9297107839202342,0.14199608315079684,0.9878359507468946,0.15087362460198916,1.1171926605142923,0.17063046343179544,0.3431222237609795,0.05240555736119173,1.977687309243456,0.30205506536719173,1.2976548366735994,True,True,True,0.09957840773693577,0.15962644401635198,0.147480192671374,0.07714978549944589,0.332924639250288,,10.950854593207882,0.70795201636761,,0.0,0.1541962771527045,0.5065578123827408,,66.18390566521137,0.0281443256643155,,0.735416082808555,0.0,,0.1628155736159611,0.5271228316967324,0.0,0.0262934237221086,1.1482197263689604,,,,,,,0.5479707138443742,3.838890848619767,0.8895995387837449,1.1559297351015958,,1.7005661199295807,1.8406222396516696,,,,,,,,0.0194213494128575,0.080542584514673,0.0796861616372606,0.1081322283924881,,,0.3202826637510507,,0.2263798386222947,0.2327287584660327,-1.0219492389422145,0.001526603814998308,-0.8058707579658089,-0.8572574253355764,-0.5777592859729849,2.3416708862024804,0.22593953983884282
Grub_Reef_18_077,2020,Concurrent,5.7700000000000005,38.377224,2018,2020,0,7.5388999596790045,6.851916060738547,0.6869838989404577,0.6869838989404577,0.0911252175535843,0.0911252175535843,3,83.059790517817,1.7060757493142404,9.70045992675724,41.92653346180784,4.880000000000001,0.0,1,0,0,1,0,10.43,0.0,1,0,0,1,0,11.410000000000002,0.0,1,0,0,1,0,12.170000000000002,0.0,1,0,0,1,0,grub reef 18 077,Central,-18.65079722222222,0.9088747824464156,7.242298859651908,1.175523089333282,0.16231352946263006,1.3426372991815312,0.1853882759052646,1.146420240384834,0.15829507489282696,0.4748457219959193,0.06556560716395818,2.1146351528886824,0.29198396722754405,1.6475611102951462,6.5474396426336705,0.9297107839202342,0.14199608315079684,0.9878359507468946,0.15087362460198916,1.1171926605142923,0.17063046343179544,0.3431222237609795,0.05240555736119173,1.977687309243456,0.30205506536719173,1.2976548366735994,True,True,True,0.15592766791182278,0.1780945902402847,0.15206731041880636,0.06298607549318608,0.28049651331077224,,6.066618318388875,0.8694697446023171,,0.0,0.0291831277782426,0.6939640548396832,,72.01677537829354,0.0,,0.8803302554038365,0.0,,0.024219253679874,0.7430116012114357,0.0,0.0,1.175523089333282,,,,,,,0.6720849923367694,2.1146351528886824,0.4748457219959193,0.3161523635308891,,1.146420240384834,1.3426372991815312,,,,,,,,0.0196605990801001,0.1434928953039773,0.2038997991451267,0.1979085778243455,,,0.6172996395710433,,0.0202007385670107,0.3578310524445319,-1.3210113350166408,0.3137085075561663,1.6990432852558273,0.01834597602858237,-0.5777592859729849,-0.4989432437840242,0.5303490995019515
Grub_Reef_18_077,2022,Heatwave_Only,4.74,0.0,2020,2025,3,6.851916060738547,19.0176065232126,-12.165690462474052,0.0,-1.7755165642182067,-1.0,2,80.00003712517206,1.3547318783917528,10.46661699644252,47.52627540922347,5.7700000000000005,38.377224,1,1,1,1,1,10.650000000000002,38.377224,2,1,1,1,1,16.200000000000003,38.377224,2,1,1,1,1,16.200000000000003,38.377224,2,1,1,1,1,grub reef 18 077,Central,-18.65079722222222,2.7755165642182065,6.5474396426336705,0.9297107839202342,0.14199608315079684,0.9878359507468946,0.15087362460198916,1.1171926605142923,0.17063046343179544,0.3431222237609795,0.05240555736119173,1.977687309243456,0.30205506536719173,1.2976548366735994,,,,,,,,,,,,,True,False,False,0.135686248295929,0.144169301256796,0.16304821171348,0.05007682825057776,0.2886327403477104,,8.484308568298712,1.0281684790217422,,0.0,0.1542433762899363,0.0919888949421348,,66.98998256525257,0.0,,1.0573483519694484,0.0,,0.1481915524152145,0.0921149322889365,0.0,0.0,0.9297107839202342,,,,,,,0.5234956529221687,1.977687309243456,0.3431222237609795,0.6683950615256452,,1.1171926605142923,0.9878359507468946,,,,,,,,0.1058975430015772,0.1088425896599164,0.0795381666286622,0.1624305626797054,,,0.1647203123846244,,0.1368138676959646,0.1436025923774336,-1.372478133851386,0.004528352889432551,-0.8058707579658089,0.8939493773927413,1.3420104933676291,-0.7018442530687745,0.733288805944024
Hastings_Reef,1999,Storm_Only,0.95,19.857384,1998,2000,1,28.153902017560416,23.906750775874585,4.247151241685831,4.247151241685831,0.1508547994177417,0.1508547994177417,8,55.92647166825089,4.973428927096498,,42.69015327274059,1.55,0.0,0,0,0,0,0,6.7700000000000005,0.0,0,0,0,0,0,6.7700000000000005,0.0,0,0,0,0,0,6.77,17.628862659932206,0,1,0,0,1,hastings reef,Central,-16.527041666666666,0.8491452005822583,27.884548210581155,9.336890099080913,0.33484100328862093,1.1617969560879942,0.041664542933033254,4.413955122126263,0.158293944330478,1.4603481087444878,0.05237123075174443,3.34576993613767,0.1199865212400348,4.9400826401391855,23.688123117445482,8.722188184985926,0.3682093402563556,1.4902157913893772,0.06290982970668052,4.013183390707867,0.16941753345381325,0.5592367272240905,0.02360831731798253,3.039732948157601,0.1283230812794511,6.987574984054882,True,True,True,0.3316375148729728,0.04126593022037753,0.15677951565552617,0.05187018509312229,0.11883858706515406,,8.729500773877726,0.0,,0.0,0.0,1.3356208487393777,,43.13586389127171,2.5337288798974065,,0.0,0.0,,0.0,1.7836075352308152,0.0,3.1564751049083704,9.336890099080913,,,,,,4.468874972747559,,3.34576993613767,1.4603481087444878,3.6969130156562695,,4.413955122126263,1.1617969560879942,,,,,,,,,0.3817978328593792,0.645211709515847,0.3997101211395843,,0.2364513363016332,2.7467766876976385,,0.2965720337333639,1.3366971788643396,0.22340355669656425,-1.13313454632117,0.49023758075208873,-0.8572574253355764,-0.5777592859729849,0.5155618026397275,-1.6005178181398094
Hastings_Reef,2010,Storm_Only,1.52,18.51984,2009,2012,2,25.40680297015538,20.00196770726912,5.404835262886259,5.404835262886259,0.2127318131775634,0.2127318131775634,11,61.9397765389658,2.5917279800173927,11.388341588025106,56.051218398226176,3.28,0.0,0,0,0,0,0,4.23,0.0,0,0,0,0,0,5.92,0.0,0,0,0,0,0,9.25,0.0,0,0,0,0,0,hastings reef,Central,-16.527041666666666,0.7872681868224365,25.149849770815333,8.063370476019557,0.32061306725484073,1.3663001702003064,0.05432637501420798,4.373581543625394,0.17390090133662087,0.7188820553489637,0.028583950278032146,3.258273451382608,0.12955439022795318,2.5443500230096,19.728571244040122,2.316584610284507,0.11742282710839148,1.483665553490607,0.0752039027630454,4.825613495902024,0.2446002518991238,1.6443296831367582,0.08334763135133265,3.7907510484828775,0.19214523959143973,1.6273799493507992,True,True,True,0.3173705281019166,0.053776942018453046,0.17214214432106673,0.028294864812129773,0.12824413426632253,,12.664925835664691,0.803067257441777,,0.0,0.0,1.4725585842642577,,46.30646292128431,0.4676598963203968,,0.560718517707851,0.0,,0.0,1.5995603385031758,0.0,0.3840711667985734,8.063370476019557,,,,,,5.1138362878212105,,3.258273451382608,0.7188820553489637,2.255605786417294,,4.373581543625394,1.3663001702003064,,,,,,,,,0.1197132792566927,0.8367239256948843,0.5221733062236188,,0.2572665227342594,0.0,,3.3072193802420573,1.4002924883081418,0.01759903308258438,-0.9620348490784145,0.4029349465379297,-0.8572574253355764,-0.5777592859729849,1.1242648304939784,-0.4843494327084108
Hastings_Reef,2016,Heatwave_Only,5.29,0.0,2015,2018,2,26.97630886397926,9.773092201931195,17.203216662048064,17.203216662048064,0.637715736010832,0.637715736010832,6,62.60621451459119,2.1708999877408823,19.645156166498253,50.38813508633429,3.29,0.0,0,0,0,0,0,4.99,0.0,0,0,0,0,0,9.34,18.51984,0,1,0,0,1,9.79,18.51984,0,1,0,0,1,hastings reef,Central,-16.527041666666666,0.362284263989168,26.66991762743062,6.932427558773985,0.25993434459069437,1.094348881812356,0.04103308068288869,6.56775210562231,0.2462606820677701,1.773274545356582,0.0664896896244152,3.797818799089813,0.14240084473240627,2.0961429680747425,9.60009646329575,0.5279831479498438,0.054997691947002075,0.6744539651181795,0.07025491542682236,3.713434814479882,0.3868122397183752,0.4673689536487958,0.048683776817836914,2.662711353378256,0.27736297896158185,3.762678484101289,True,True,True,0.25698206503079707,0.04056703559150046,0.2434637050879875,0.06573451372824352,0.14078348591867357,,10.24467418110378,0.998903228850646,,0.0,0.0816872356259135,1.6354275188733107,,48.82469584945479,0.5243076816007213,,0.525752703856886,0.0,,0.0651672584788215,1.1459020191764857,0.0,0.3593209865625493,6.932427558773985,,,,,,4.793627810735723,,3.797818799089813,1.773274545356582,1.7106679260398543,,6.56775210562231,1.094348881812356,,,,,,,,,0.3479483344170518,0.6985049774656977,0.6711603903408182,,0.3980693242307101,2.8728534265458414,,0.1841184418362743,0.6792671006950811,0.1351817657084357,0.1696245519833194,-0.8058707579658089,-0.8572574253355764,-0.5777592859729849,0.10975978407022678,0.12446968661780661
Hastings_Reef,2017,Heatwave_Only,10.25,0.0,2016,2018,1,33.58429811537357,9.773092201931195,23.81120591344237,23.81120591344237,0.7089981702652449,0.7089981702652449,1,56.59761691806289,3.5193667229940417,17.00653328581727,57.42899459362028,6.92,0.0,1,0,0,1,0,8.870000000000001,0.0,1,0,0,1,0,11.8,18.51984,1,1,0,1,1,14.63,18.51984,1,1,0,1,1,hastings reef,Central,-16.527041666666666,0.2910018297347551,33.261423406140494,8.665947069349947,0.26054047547917325,1.256506464338948,0.0377766894999142,7.883831551408102,0.23702628282446395,1.2187779220937012,0.036642386202530915,5.492349338633519,0.16512670764473536,3.43306217199239,9.60009646329575,0.5279831479498438,0.054997691947002075,0.6744539651181795,0.07025491542682236,3.713434814479882,0.3868122397183752,0.4673689536487958,0.048683776817836914,2.662711353378256,0.27736297896158185,3.762678484101289,True,True,True,0.25803567606443495,0.03741350973072052,0.23474754554418376,0.03629011146538723,0.1635392027478263,,10.130003820828373,0.9072539378510832,,0.0735170253524182,0.3081086453663306,2.7732843741880178,,41.3457758711515,0.6806928917603249,,0.5511963664547843,0.0,,0.1342407969555572,2.3854092749026647,0.0339944962268436,0.3282212374525404,8.665947069349947,,,,,,6.587855732191541,,5.492349338633519,1.2187779220937012,2.156155328124733,,7.883831551408102,1.256506464338948,,,,,,,,,0.3458739200707281,0.440432088640499,0.5279340360417885,,0.2372968363513715,1.6233604536886583,,1.9881124645094832,0.4772588396087365,0.63023274729359,1.6584920929027358,-0.8058707579658089,0.01834597602858237,-0.5777592859729849,-0.9047452623535249,0.22593953983884282
Hastings_Reef,2020,Heatwave_Only,7.59,0.0,2019,2020,0,10.476015195658842,12.74133374805204,-2.2653185523931985,0.0,-0.2162385706859154,-0.2162385706859154,3,80.84628520105804,3.5884379033138925,10.517726495620837,69.115774445389,10.84,0.0,1,0,0,1,0,17.76,0.0,2,0,0,2,0,19.42,0.0,2,0,0,2,0,19.71,0.0,2,0,0,2,0,hastings reef,Central,-16.527041666666666,1.2162385706859153,10.32733975770489,0.7074512133953659,0.06850275385464681,0.778797967935589,0.07541128559797342,3.678200351846723,0.35616145475436095,0.7485720802881999,0.07248450209355364,2.843647332606437,0.2753513876102396,3.515650319854815,12.603419132772865,1.0736688215097867,0.08518869444862856,0.9548351934430624,0.07576001269053964,4.73005028639006,0.3752989753463358,0.8465493745233827,0.06716823154139874,3.2811494477699847,0.2603380410668055,1.7027520322756724,True,True,True,0.06753056388162998,0.07434104985436783,0.35110681715800995,0.0714558032140313,0.2714436051777413,,10.53376810445152,0.6283100775755545,,0.0,0.4209000599533222,2.9459396207249786,,65.44422375267143,0.7116398046575021,,0.4310425631931452,0.0,,0.2323757169566294,2.4933416645084883,0.0,0.3588903751965523,0.7074512133953659,,,,,,0.0,,2.843647332606437,0.7485720802881999,1.5706708116325747,,3.678200351846723,0.778797967935589,,,,,,,,,0.9522545839536952,0.1881673377749105,0.1271784932693634,,0.5364002759590965,2.1619262576386946,,0.1324845370048274,0.0396985765327643,-1.1009713613902117,0.8600268391032101,-0.8058707579658089,0.8939493773927413,-0.5777592859729849,-0.4989432437840242,0.5303490995019515
Hastings_Reef,2022,Heatwave_Only,4.74,0.0,2021,2022,0,13.65697275712128,13.942439935823108,-0.285467178701829,0.0,-0.020902668825562,-0.020902668825562,2,76.78797667796707,3.449007426985263,6.326300939129411,54.44419249031656,8.969999999999999,0.0,1,0,0,1,0,19.36,0.0,2,0,0,1,0,26.28,0.0,3,0,0,2,0,26.28,0.0,3,0,0,2,0,hastings reef,Central,-16.527041666666666,1.020902668825562,13.44480012138673,1.4262080754633186,0.10607878604269023,0.9266298638503,0.06892105910717883,5.48533708246887,0.40798948537310786,0.76864399245756,0.05717035474814334,3.1492112590459143,0.2342326572811182,3.3791002527135636,13.757935895895747,1.8752270372535005,0.1363014809374796,1.1951127479845698,0.0868671548572264,4.252175104796288,0.309070716492057,0.843398076306984,0.06130266071079643,3.386030685696427,0.24611473053211014,5.291398213735465,True,True,True,0.10443076227999636,0.06785031209549122,0.4016510232553991,0.05628216487850567,0.23059365461528014,,14.208273771527349,1.000668746450611,,0.0,0.4247556377563897,2.7120375829910097,,58.04647528922016,0.0716923157350973,,0.7488880638110306,0.0,,0.2231618205297227,2.3745615557614825,0.0,0.0324888126113279,1.4262080754633186,,,,,,0.1198889540957519,,3.1492112590459143,0.76864399245756,1.5688808940050167,,5.48533708246887,0.9266298638503,,,,,,,,,0.2450115769362264,0.2028782942724052,0.2070900971649947,,0.4084675707489864,2.689364982728502,,0.0915539107364716,0.2032304492058234,-0.8626634430093787,0.004528352889432551,-0.8058707579658089,0.8939493773927413,-0.5777592859729849,-0.7018442530687745,0.733288805944024
Hastings_Reef,2024,Heatwave_Only,7.62,0.0,2023,2025,1,18.97647266268013,15.379763518519656,3.5967091441604744,3.5967091441604744,0.1895351790659126,0.1895351790659126,2,70.98744065283311,5.798635328317846,7.173892500554623,61.916805536341,6.47,0.0,1,0,0,1,0,14.51,0.0,2,0,0,1,0,24.9,0.0,3,0,0,1,0,30.19,0.0,4,0,0,2,0,hastings reef,Central,-16.527041666666666,0.8104648209340873,18.763568361209277,3.0808824999838635,0.16419491435078537,1.1994607154078507,0.06392497910405714,5.7817201943809735,0.30813542941724076,1.4478331032427338,0.0771619275913371,4.157459542708421,0.22157083677661835,5.706068491506723,15.195632249747778,2.294686713837737,0.15100962408956856,1.320200109010318,0.0868802355382239,4.198897316519395,0.2763226463702483,1.4106738169599915,0.09283416403969676,3.400852528946188,0.22380460865671692,3.611532822789816,True,True,True,0.1623527488352905,0.0632077803250947,0.30467834023503904,0.07629621842683644,0.21908494885272553,,14.085808055808137,2.181961922079225,,0.0,0.4088966772194405,4.020706710505246,,50.01703188635533,0.0769184699664557,,1.6366162669704178,0.0,,0.2309317004571596,3.805563857816385,0.0,0.0329566662627607,3.0808824999838635,,,,,,0.1845929369794662,,4.157459542708421,1.4478331032427338,2.9116193685059697,,5.7817201943809735,1.1994607154078507,,,,,,,,,1.1001338655589543,0.1452682729755745,0.2258900941042209,,0.6165932319891367,2.2993976028188485,,0.0196681679717185,0.546612775221961,-0.46414226665707414,0.8690320863265131,-0.8058707579658089,0.8939493773927413,-0.5777592859729849,-0.7018442530687745,0.9362285123860965
Hastings_Reef,2025,Heatwave_Only,6.03,0.0,2024,2025,0,17.748490360107017,15.379763518519656,2.3687268415873604,2.3687268415873604,0.133460750380861,0.133460750380861,1,70.75494134064459,6.0293932106979415,11.996486713712477,85.16265993627614,13.16,0.0,2,0,0,1,0,21.68,0.0,3,0,0,1,0,22.27,0.0,3,0,0,1,0,32.52,0.0,4,0,0,1,0,hastings reef,Central,-16.527041666666666,0.866539249619139,17.523354466342823,3.161277115522254,0.18040365054499877,1.192824285108067,0.06807054479204477,5.648671417192603,0.32235103319070724,1.045664550698135,0.05967262447989322,3.961670524949125,0.22607946055981012,5.959676362564373,15.195632249747778,2.294686713837737,0.15100962408956856,1.320200109010318,0.0868802355382239,4.198897316519395,0.2763226463702483,1.4106738169599915,0.09283416403969676,3.400852528946188,0.22380460865671692,3.611532822789816,True,True,True,0.17811526791190102,0.06720708414666964,0.3182620776519127,0.05891568969992274,0.2232116898152479,,15.09146672867303,2.929225280524561,,0.0728151483372163,0.4484222252384111,2.658281428192673,,49.310875456567736,0.0,,3.0446915305002293,0.0324396780830117,,0.327855432762721,2.5546897212184114,0.0,0.0,3.161277115522254,,,,,,0.3884770834325236,,3.961670524949125,1.045664550698135,2.124769489440116,,5.648671417192603,1.192824285108067,,,,,,,,,0.587932560457363,0.1102662982912223,0.1078856572631303,,0.3613437878783394,3.39021737564512,,0.0,0.4874970213505587,-0.556139063432999,0.39175398349145824,-0.8058707579658089,1.7695527787569,-0.5777592859729849,-0.9047452623535249,1.0376983656071328
Havannah_Island,1998,Heatwave_Only,5.4,0.0,1997,2001,3,42.32133932133041,7.220983267184383,35.10035605414603,35.10035605414603,0.8293772507444034,0.8293772507444034,3,,,,20.045596626780192,4.6,0.0,1,0,0,1,0,8.83,0.0,2,0,0,2,0,8.83,0.0,2,0,0,2,0,8.83,0.0,2,0,0,2,0,havannah island,Central,-18.839994444444443,0.17062274925559667,42.16020159753037,22.661050877962385,0.5374986366120652,1.315596722740438,0.03120470664014809,,,10.769346886529537,0.25543869522579266,1.4391276896985046,0.03413474402795087,1.3912531188138757,7.10787053855472,2.8564073909023704,0.40186542163487105,0.6706015105811962,0.09434633156916686,,,1.358550609063942,0.19113327988950446,0.6452012784727482,0.0907727954487956,45.04018062448824,True,True,True,0.535452120404445,0.03108589529153589,,0.25446611707540334,0.03400477661568637,,0.0,,0.0,0.0,0.4328468524193631,,0.0,32.84862268725332,0.9875730280928832,,0.0,0.0,0.0,0.4223342347406312,0.0,0.0,0.9689188840732446,22.661050877962385,,,,0.6192179080316338,,,,1.4391276896985046,10.769346886529537,3.880420935087598,,,1.315596722740438,,1.475440577480271,6.204013233547233,,10.21503601227976,,,,,,0.2828238894363399,0.0,,0.0304561346469601,,0.0308519059432656,0.253945081798173,1.2847859949772518,0.20264379180209688,-0.8058707579658089,0.8939493773927413,-0.5777592859729849,-0.4989432437840242,-1.7019876713608457
Havannah_Island,2000,Storm_Only,0.0,26.442216,1999,2002,2,21.57583073202026,5.839616539882448,15.736214192137812,15.736214192137812,0.7293445331300272,0.7293445331300272,2,,,,23.4056655777558,5.890000000000001,0.0,1,0,0,1,0,10.49,0.0,2,0,0,1,0,14.72,0.0,3,0,0,2,0,14.72,0.0,3,0,0,2,0,havannah island,Central,-18.839994444444443,0.2706554668699727,21.439358661172278,10.996422906029007,0.5129082021443143,0.7512137437784016,0.03503900259567401,,,3.777249354773749,0.17618294532357123,2.185874065996303,0.10195613126968334,10.51118216688041,5.724116087070222,2.3618114295893693,0.41260718574947997,0.6058530783896544,0.10584220675715691,,,1.0546333286322611,0.18424387496516598,0.5099242112161579,0.08908348528569986,72.52993787683145,True,True,True,0.5096639402954453,0.03481737287934597,,0.17506854784358353,0.1013112353886004,,1.0923998912421782,,0.0,0.0,0.0,,0.0,40.48676835142741,10.71322060793304,,0.0,0.0,0.0,0.0,0.0,0.0,10.51118216688041,10.996422906029007,,,,1.0769001097508637,,,,2.185874065996303,3.777249354773749,1.6339342900209757,,,0.7512137437784016,,1.0177641908229789,0.0,,0.0,,,,,,0.1917630691087533,10.606350505964905,,0.1613544676640624,,9.273560160090566,0.0,-0.26940605950501195,-1.4183007083924293,0.9200351645756402,0.8939493773927413,-0.5777592859729849,-0.7018442530687745,-1.4990479649187731
Havannah_Island,2017,Heatwave_Only,8.71,0.0,2015,2017,0,3.268797560277528,5.9477689859175324,-2.6789714256400043,0.0,-0.8195586836563087,-0.8195586836563087,17,,,12.855112446285936,17.41581134264752,5.75,0.0,0,0,0,0,0,9.53,0.0,0,0,0,0,0,11.27,0.0,0,0,0,0,0,11.27,0.0,0,0,0,0,0,havannah island,Central,-18.839994444444443,1.8195586836563087,3.154581763288005,0.8503576230023839,0.26956271442971264,0.1787437987985165,0.05666164715674154,,,0.5439021482238549,0.1724165639177944,0.4345005304666891,0.13773633497893914,26.458628974496687,5.840023695539132,2.87777741923832,0.49276810664937776,0.2768538556821471,0.04740628978845074,,,0.901499733898948,0.15436576645871375,0.6047578669091386,0.10355400909949722,18.242641674677373,True,True,True,0.26014386248201515,0.05468181969131816,,0.16639211765003775,0.132923658456781,,1.7861223714933872,,7.530304090210138,6.910719957878222,5.586609073036685,,4.703768995646655,52.81129853128754,4.300990013146136,,1.0138975332884654,6.999125219108687,0.0,5.059600397977196,4.963972450614546,4.373197132286563,4.048836241221229,0.8503576230023839,,,,0.0490566243815268,,,,0.4345005304666891,0.5439021482238549,1.0785601754335208,,,0.1787437987985165,,0.0194608629815129,0.948465079146633,,0.0597562909802503,,,,,,0.0303298400789271,0.0,,0.2434732273634671,,0.0617888166324067,0.0,-1.6409147585651551,1.196222735439853,-0.8058707579658089,-0.8572574253355764,-0.5777592859729849,2.3416708862024804,0.22593953983884282
Havannah_Island,2020,Concurrent,8.18,38.377224,2019,2022,2,18.23161304343047,10.69991748094547,7.531695562485002,7.531695562485002,0.4131118593041306,0.4131118593041306,3,,,6.389572459857488,20.664190281752592,8.860000000000001,0.0,1,0,0,1,0,14.61,0.0,1,0,0,1,0,16.59,0.0,1,0,0,1,0,18.39,0.0,1,0,0,1,0,havannah island,Central,-18.839994444444443,0.5868881406958694,18.101460384257337,12.505535721428396,0.6908578344487796,0.6348875383967113,0.035073829675580585,,,2.592471353668353,0.14321890602390291,1.1124782904947692,0.06145793029286636,15.392103730733146,10.575029505650148,4.365542930908426,0.41281614661935023,0.3714732749806192,0.03512739844197543,,,2.816209783329992,0.2663075107095744,1.1698572320665237,0.11062448870156617,33.99664614750131,True,True,True,0.6859259074684347,0.03482344304282418,,0.1421964884562157,0.061019191655981124,,4.18562450523632,,6.600208480968389,1.4737680916463285,2.7874918271851814,,5.198304781966658,42.62414128095809,0.5927476027869745,,0.250632588546978,6.134881468966887,0.0,2.524514697255842,1.048008171638538,4.863577826707721,0.5704889776171798,12.505535721428396,,,,0.335263776320499,,,,1.1124782904947692,2.592471353668353,0.920823703948607,,,0.6348875383967113,,0.0,0.7983240667475504,,0.4299613577121254,,,,,,0.6459264253331122,0.0,,0.0320753766548619,,0.0627427769078014,0.1510794104779382,-0.519944943027179,1.0371300344948342,1.6990432852558273,0.01834597602858237,-0.5777592859729849,-0.4989432437840242,0.5303490995019515
Havannah_Island,2022,Heatwave_Only,7.62,0.0,2021,2022,0,11.03729074068244,10.69991748094547,0.3373732597369709,0.3373732597369709,0.0305666732591761,0.0305666732591761,2,,,11.871443667031162,23.11764451012928,8.47,38.377224,1,1,1,1,1,17.18,38.377224,2,1,1,1,1,22.93,38.377224,2,1,1,1,1,22.93,38.377224,2,1,1,1,1,havannah island,Central,-18.839994444444443,0.9694333267408238,10.916824889985953,4.44305701970423,0.4069916907598164,1.263030732007784,0.11569579476962821,,,2.411158189169468,0.22086625126516712,1.2551951147964178,0.11497803871048744,21.763710823816982,10.575029505650148,4.365542930908426,0.41281614661935023,0.3714732749806192,0.03512739844197543,,,2.816209783329992,0.2663075107095744,1.1698572320665237,0.11062448870156617,33.99664614750131,True,True,True,0.4025496042545595,0.11443303992639867,,0.21845561975477915,0.11372311777290453,,5.99202743468309,,14.775082127950975,1.9830778441499628,0.2838160959349173,,6.615651769415795,39.05836200888561,0.0,,1.0440819599675244,13.646253741612515,0.0,0.2686023805477211,0.6587230881196233,6.146049653569599,0.0,4.44305701970423,,,,0.517685025296515,,,,1.2551951147964178,2.411158189169468,1.0082174866560465,,,1.263030732007784,,0.0184813223554915,1.1897396441906598,,1.0478393253411866,,,,,,0.2724344920363831,0.0,,0.116977835336152,,0.0,0.0305943755900295,-1.0589222600777293,0.8690320863265131,-0.8058707579658089,0.8939493773927413,1.3420104933676291,-0.7018442530687745,0.733288805944024
Havannah_Island,2024,Concurrent,6.92,23.818572,2023,2025,1,18.37176163590605,16.814527525738136,1.557234110167915,1.557234110167915,0.0847623728757961,0.0847623728757961,2,,,7.439581113272788,36.35886488862407,8.62,0.0,1,0,0,1,0,16.95,38.377224,2,1,1,1,1,25.66,38.377224,3,1,1,1,1,28.99,38.377224,3,1,1,1,1,havannah island,Central,-18.839994444444443,0.9152376271242039,18.275863264693527,7.725122798048989,0.4226953707282803,0.9543648258532944,0.052219958752755445,,,5.466811777478776,0.29912741731001624,1.7512792928841967,0.09582470975625153,14.45648497251781,16.674479327301395,3.9278146754419456,0.23555846022795274,1.4116099912626086,0.08465691573057736,,,5.988128443227573,0.3591193659296524,2.012850002787086,0.12071441412214977,11.349509897291586,True,True,True,0.4204889520747369,0.05194737689106902,,0.2975660084112106,0.09532451637416577,,3.1216701359042776,,9.41350502984124,1.9687404865730296,0.6205999679191808,,3.635717042956348,46.964245407112685,0.0210011098703964,,0.0962489301838366,8.737505555428035,0.0,0.5733824250919451,1.6280119305870475,3.3913919575804536,0.0299441736464926,7.725122798048989,,,,0.7608206085611903,,,,1.7512792928841967,5.466811777478776,1.597237315250897,,,0.9543648258532944,,0.0202266466161817,1.1972086794988186,,0.76922959335477,,,,,,0.2167202163382053,0.0,,0.0605908789893853,,0.0617372882915429,0.275305886776969,-0.509445425604663,0.6589096511161114,0.7487876897709439,0.8939493773927413,1.3420104933676291,-0.7018442530687745,0.9362285123860965
Havannah_Island,2025,Heatwave_Only,5.3500000000000005,0.0,2024,2025,0,18.40777023863809,16.814527525738136,1.5932427128999542,1.5932427128999542,0.0865527270410906,0.0865527270410906,1,,,10.49707234422573,37.092348596009984,15.4,18.51984,2,1,1,1,1,23.72,56.897064,3,2,2,1,1,23.87,56.897064,3,2,2,1,1,32.58,56.897064,4,2,2,1,1,havannah island,Central,-18.839994444444443,0.9134472729589094,18.2531499974495,4.4789213365802,0.2453779943300765,0.4947568823773011,0.0271052877145278,,,8.940427027793135,0.48980187140533954,1.6269000461713,0.08912982397003397,20.527256748249478,16.674479327301395,3.9278146754419456,0.23555846022795274,1.4116099912626086,0.08465691573057736,,,5.988128443227573,0.3591193659296524,2.012850002787086,0.12071441412214977,11.349509897291586,True,True,True,0.24331688621248107,0.026877610702615223,,0.485687669494434,0.08838115779804882,,1.9168429491056416,,9.049886600290456,2.072490812943072,8.204038856416537,,3.214607619767614,38.9310111802962,0.0200019684088656,,0.1248486641946916,8.301754400932964,0.0,7.366549649952228,1.681779924678561,3.02124178255382,0.0310823259372132,4.4789213365802,,,,1.017243808685102,,,,1.6269000461713,8.940427027793135,1.6424352321199585,,,0.4947568823773011,,0.0524656637225069,1.1814602925667097,,3.07031107575068,,,,,,0.1787763171532533,0.0,,0.0930969127765587,,0.0,0.3357767017318853,-0.5067477677469047,0.1876350464299254,-0.8058707579658089,1.7695527787569,3.2617802727082434,-0.9047452623535249,1.0376983656071328
Hayman_Island,1996,Storm_Only,1.11,18.51984,1995,1998,2,43.53755555990993,37.05348087430256,6.484074685607375,6.484074685607375,0.1489306094983893,0.1489306094983893,10,31.828185257187265,0.2625547326074842,,15.100713248191584,2.05,0.0,0,0,0,0,0,2.05,0.0,0,0,0,0,0,2.76,0.0,0,0,0,0,0,2.76,0.0,0,0,0,0,0,hayman island,South,-20.062725,0.8510693905016107,43.34690564923278,8.824746143997244,0.20358422387535377,,,,,12.32062811388318,0.2842331633446423,7.555989785837672,0.17431439851742703,0.2239158654188063,36.89808496636413,5.146186286233898,0.13947028120633095,,,,,9.987916636195356,0.27068929580763407,8.63908748915239,0.23413376322992596,4.8109845844558805,True,True,True,0.20269273344604605,,,0.2829885131453776,0.17355107995073904,,0.0,,0.0,0.0,0.0,0.0,,31.359900781044548,0.2639552733792951,,0.0,0.0,,0.0,0.0,,0.2239158654188063,8.824746143997244,,,,,,,,7.555989785837672,12.32062811388318,4.859873415646683,2.128227812383188,,,2.2865099967390017,5.370930380745816,0.674621930006393,0.0,,,,,0.0,,0.0,,1.9676074907961687,0.556477534310785,,9.367810550661847,,1.3759013130903301,-1.085106561130221,0.4029349465379297,-0.8572574253355764,-0.5777592859729849,0.9213638212092281,-1.904927377802918
Hayman_Island,2003,Storm_Only,0.0,23.552195111123133,2002,2003,0,45.539734286391045,43.08989201481783,2.449842271573217,2.449842271573217,0.0537957085161412,0.0537957085161412,10,35.04352170979557,0.3016499166619651,,16.507373070263462,2.25,0.0,0,0,0,0,0,3.01,0.0,0,0,0,0,0,4.12,0.0,0,0,0,0,0,4.62,0.0,0,0,0,0,0,hayman island,South,-20.062725,0.9462042914838588,45.416101624194745,9.718411363238024,0.21398603173066458,,,,,18.287826759232928,0.4026727549308275,5.473615349639463,0.12052147044526333,0.267926449836421,42.98120942055406,9.539540996789858,0.22194677919481604,,,,,14.409520219280536,0.3352516230590234,6.274566371336515,0.14598394172537996,0.1129424304994865,True,True,True,0.21340509591296067,,,0.4015795666312881,0.1201942750745294,,0.1405320402785481,,0.0,0.0,0.0,0.0,,34.42057339304644,0.3056994351648798,,0.0,0.0,,0.0,0.0,,0.267926449836421,9.718411363238024,,,,,,,,5.473615349639463,18.287826759232928,6.581967777953829,2.3022295342456114,,,2.1156167629780365,0.9364340769068548,1.0591586848297907,0.0609915430144312,,,,,0.4141112248691233,,0.2470659785664286,,1.8951920680735528,2.140711751126992,,2.9436798553583787,,1.52589861274457,-1.4183007083924293,0.7314010437296005,-0.8572574253355764,-0.5777592859729849,0.9213638212092281,-1.1946384052556644
Hayman_Island,2010,Storm_Only,1.17,29.117304,2009,2011,1,45.70132324572929,30.870980076655165,14.830343169074126,14.830343169074126,0.3245057717329879,0.3245057717329879,10,30.8395398717462,0.3464400676864372,6.358893022514487,14.640484918297473,0.31,0.0,0,0,0,0,0,1.16,0.0,0,0,0,0,0,4.47,0.0,0,0,0,0,0,6.72,0.0,0,0,0,0,0,hayman island,South,-20.062725,0.675494228267012,45.503683518477814,9.306437024191316,0.20452052019947406,,,,,19.648829511700345,0.4318074492523553,6.035972845198401,0.13264800513891048,0.2927662182650873,30.720402739342074,3.1291942847952727,0.10186045773377414,,,,,10.963011554246808,0.3568641872069936,6.3916406615112695,0.20805849180244687,0.1117106739498737,True,True,True,0.20363605172112795,,,0.4299400567911673,0.1320743562006698,,0.8265279399455011,,0.0,0.0291307435585843,0.0,0.0,,29.373891607294333,0.2922325284596618,,0.0279378559360796,0.0,,0.0,0.0,,0.2648283623290077,9.306437024191316,,,,,,,,6.035972845198401,19.648829511700345,6.48127297704322,1.5752471517506963,,,2.433130575141427,0.0227934334524098,1.4892197866255592,0.2657440386872011,,,,,0.1991544106561701,,0.9766110908162244,,1.776067420321951,4.617888352579675,,2.9952875424116767,,1.53800437894521,-1.0670960666836153,1.0946404330039583,-0.8572574253355764,-0.5777592859729849,0.9213638212092281,-0.4843494327084108
Hayman_Island,2011,Storm_Only,0.0,18.51984,2009,2011,0,45.70132324572929,30.870980076655165,14.830343169074126,14.830343169074126,0.3245057717329879,0.3245057717329879,1,30.8395398717462,0.3464400676864372,6.358893022514487,14.640484918297473,1.48,29.117304,0,1,0,0,1,1.48,29.117304,0,1,0,0,1,5.64,29.117304,0,1,0,0,1,5.640000000000001,29.117304,0,1,0,0,1,hayman island,South,-20.062725,0.675494228267012,45.503683518477814,9.306437024191316,0.20452052019947406,,,,,19.648829511700345,0.4318074492523553,6.035972845198401,0.13264800513891048,0.2927662182650873,30.720402739342074,3.1291942847952727,0.10186045773377414,,,,,10.963011554246808,0.3568641872069936,6.3916406615112695,0.20805849180244687,0.1117106739498737,True,True,True,0.20363605172112795,,,0.4299400567911673,0.1320743562006698,,0.8265279399455011,,0.0,0.0291307435585843,0.0,0.0,,29.373891607294333,0.2922325284596618,,0.0279378559360796,0.0,,0.0,0.0,,0.2648283623290077,9.306437024191316,,,,,,,,6.035972845198401,19.648829511700345,6.48127297704322,1.5752471517506963,,,2.433130575141427,0.0227934334524098,1.4892197866255592,0.2657440386872011,,,,,0.1991544106561701,,0.9766110908162244,,1.776067420321951,4.617888352579675,,2.9952875424116767,,1.53800437894521,-1.4183007083924293,0.4029349465379297,-0.8572574253355764,1.3420104933676291,-0.9047452623535249,-0.38287957948737456
Hayman_Island,2014,Storm_Only,0.0,19.857384,2013,2015,1,33.03223595089532,34.97428250932376,-1.9420465584284368,0.0,-0.0587924644676013,-0.0587924644676013,3,49.32390964416263,0.3946250478958711,10.778853940457386,21.343248941551163,2.9000000000000004,18.51984,0,1,0,0,1,4.38,47.637144,0,2,0,0,2,4.38,47.637144,0,2,0,0,2,4.38,47.637144,0,2,0,0,2,hayman island,South,-20.062725,1.0587924644676014,32.91178888474334,5.543654968782176,0.16843979487702673,,,,,11.694248661702582,0.3553209672879129,5.553841562878023,0.1687493068920533,0.322790324167265,34.81493302004477,3.7360867923983134,0.1073127669166347,,,,,11.513982781603522,0.33071965914667484,7.7351824777265294,0.2221800189382235,0.5316843010612688,True,True,True,0.16782560457073506,,,0.3540253429736602,0.16813398799688245,,3.379526083979417,,0.0286910647437419,0.0,0.0973211370305899,0.2279542068923556,,44.76082716972846,0.0,,0.0,0.0313026565241004,,0.0878799723983248,0.2036076952448398,,0.0,5.543654968782176,,,,,,,,5.553841562878023,11.694248661702582,5.029058146957378,2.656072352990136,,,2.4349131914330444,0.0,1.749321718516824,0.2353650736544373,,,,,0.3696857854267289,,0.1180260986317998,,0.9135873678777308,4.065476024878163,,2.676505714414032,,0.5888738851611621,-1.4183007083924293,0.49023758075208873,-0.8572574253355764,3.2617802727082434,-0.4989432437840242,-0.07847001982426587
Hayman_Island,2017,Concurrent,6.3100000000000005,33.078492,2015,2019,2,34.97428250932376,5.458382900174894,29.515899609148864,29.515899609148864,0.8439315260085822,0.8439315260085822,3,47.000397045327816,0.6320694692360005,11.544564232487556,27.6031772009715,5.19,19.857384,0,1,0,0,1,8.09,19.857384,0,1,0,0,1,9.26,67.494528,0,3,0,0,2,9.57,67.494528,0,3,0,0,2,hayman island,South,-20.062725,0.15606847399141782,34.81493302004477,3.7360867923983134,0.1073127669166347,,,,,11.513982781603522,0.33071965914667484,7.7351824777265294,0.2221800189382235,0.5316843010612688,5.373960865735231,0.0,0.0,,,,,0.9626502888012846,0.17913235932535598,1.6367638243167542,0.3045730821660575,1.0039674784310253,True,True,True,0.10682382952108636,,,0.32921283741943874,0.22116772447481703,,1.6588034871405135,,0.0,0.2230048504205221,0.161661651950671,0.1606475507391163,,44.46392225415861,0.0285382158317131,,0.208357272471969,0.0,,0.1431903182272177,0.1507220188662784,,0.0294146914958037,3.7360867923983134,,,,,,,,7.7351824777265294,11.513982781603522,6.776215799934102,3.070887132105226,,,1.9300163515241724,0.0525616847529024,1.3798316614027832,0.3435908166990037,,,,,0.3118422850188816,,0.8407790905723104,,1.4997961998711222,6.044091347053073,,0.4709952051329347,,0.7343662608987901,0.4758029575756189,1.353190542022813,-0.8572574253355764,1.3420104933676291,-0.4989432437840242,0.22593953983884282
Hayman_Island,2020,Concurrent,7.66,38.377224,2019,2021,1,5.458382900174894,7.437104539061175,-1.978721638886281,0.0,-0.3625105961003358,-0.3625105961003358,3,82.46893897693275,1.12831923398469,2.4530407565203785,23.90267676756344,6.3100000000000005,29.117304,1,1,1,1,1,11.5,29.117304,1,1,1,1,1,12.61,48.974688,1,2,1,1,1,14.400000000000002,48.974688,1,2,1,1,1,hayman island,South,-20.062725,1.3625105961003359,5.373960865735231,0.0,0.0,,,,,0.9626502888012846,0.17913235932535598,1.6367638243167542,0.3045730821660575,1.0039674784310253,7.295277988557685,0.1177168833041426,0.016136038063083575,,,,,0.672526307492583,0.09218652237069105,2.081535787859083,0.2853264524153676,1.9830822824207257,True,True,True,0.0,,,0.176361810156345,0.2998624050841706,,1.69384291589362,,0.0296416265931854,0.0295688911504547,0.4294433636413661,0.6209454170133037,,79.19776113916942,0.0,,0.0292280038068248,0.0301703381596233,,0.3828728300961109,0.5616963063684662,,0.0,0.0,,,,,,,,1.6367638243167542,0.9626502888012846,1.0628638092207368,0.6406268588608693,,,1.071056084535586,0.0,0.939764876830988,0.0285888591110424,,,,,0.0278410220131387,,0.1643452642345847,,0.4641647547632558,1.0803717459216151,,0.9627596162060094,,-1.476877510539678,0.8810390826242503,1.6990432852558273,0.01834597602858237,1.3420104933676291,-0.4989432437840242,0.5303490995019515
Hayman_Island,2022,Heatwave_Only,4.7700000000000005,0.0,2021,2022,0,7.437104539061175,9.53097537684317,-2.093870837781995,0.0,-0.2815438221668879,-0.2815438221668879,2,81.30496141704093,2.162797695849757,11.251894376145891,36.65460331769084,7.66,38.377224,1,1,1,1,1,13.97,67.494528,2,2,2,1,1,19.16,67.494528,2,2,2,1,1,19.160000000000004,87.351912,2,3,2,1,1,hayman island,South,-20.062725,1.281543822166888,7.295277988557685,0.1177168833041426,0.016136038063083575,,,,,0.672526307492583,0.09218652237069105,2.081535787859083,0.2853264524153676,1.9830822824207257,9.410639666714111,0.3789859500797712,0.04027207113457578,,,,,1.4841697096145416,0.15771188380149354,2.0623968861972366,0.21915586604511428,1.102186872949626,True,True,True,0.015828321719275257,,,0.09042851340334657,0.27988523987076375,,1.0130224309614788,,0.0314675687681088,0.0,1.381568015533437,0.7251629253080861,,77.7671092374333,0.0617638646965116,,0.0,0.0296444816243163,,1.2490288501053255,0.645171181949462,,0.059237768741622,0.1177168833041426,,,,,,,,2.081535787859083,0.672526307492583,1.939488893076752,0.3895951690176062,,,2.071561688115844,0.0228532596916747,0.4008922851289393,0.2686653900326219,,,,,0.599538974931215,,0.1705317988309866,,0.728112847047174,4.019020787762219,,0.024366320075763,,-1.3286375464072082,0.013533600112735548,-0.8058707579658089,0.8939493773927413,3.2617802727082434,-0.7018442530687745,0.733288805944024
Hayman_Island,2024,Heatwave_Only,5.8500000000000005,0.0,2023,2025,1,13.769057790467937,16.557166603156766,-2.7881088126888294,0.0,-0.2024908933579308,-0.2024908933579308,2,74.86086100860427,1.854868707346188,17.2337127888647,34.628457059171,5.36,0.0,1,0,0,1,0,13.02,38.377224,2,1,1,1,1,19.33,67.494528,3,2,2,1,1,22.630000000000003,67.494528,3,2,2,1,1,hayman island,South,-20.062725,1.2024908933579308,13.656580882596517,1.9203310171127423,0.14061579787953712,,,,,2.3667549547714093,0.17330508822947926,2.4082549637851685,0.17634391686239467,1.7092294739227867,16.417213949220677,7.600675259689665,0.4629698609763484,,,,,1.4063069904542775,0.08566051431162805,1.7186755700589091,0.10468740770357655,0.4578723965849616,True,True,True,0.13946713321532805,,,0.171889390747555,0.17490339574668345,,1.072133254859704,,0.1310505999926387,0.0,1.02216281859543,0.754129708110052,,71.62778076456595,0.0,,0.0,0.1172856922059409,,0.9145397523948446,0.6774040293220011,,0.0,1.9203310171127423,,,,,,,,2.4082549637851685,2.3667549547714093,4.129148496409703,0.6548710975845712,,,2.028979126689532,0.1482412262433899,0.1997062357088375,0.5068041522335153,,,,,0.6490530134406097,,0.340731629738067,,0.4046895856433771,3.507886837842024,,0.0,,-0.8542663643114132,0.3377225001516408,-0.8058707579658089,0.8939493773927413,1.3420104933676291,-0.7018442530687745,0.9362285123860965
Hayman_Island,2025,Heatwave_Only,4.2,0.0,2024,2025,0,16.681749158731787,16.557166603156766,0.1245825555750208,0.1245825555750208,0.007468194994996,0.007468194994996,1,67.54892183286519,0.2830922937809875,20.69524824972781,74.86342171242919,11.21,0.0,2,0,0,1,0,18.87,38.377224,3,1,1,1,1,18.87,38.377224,3,1,1,1,1,25.18,67.494528,4,2,2,1,1,hayman island,South,-20.062725,0.9925318050050039,16.567394462701593,6.671166700061989,0.40266842894825017,,,,,1.6265564280812403,0.09817816746882738,1.7185873040809143,0.1037331070947815,0.2384440823833637,16.417213949220677,7.600675259689665,0.4629698609763484,,,,,1.4063069904542775,0.08566051431162805,1.7186755700589091,0.10468740770357655,0.4578723965849616,True,True,True,0.3999081053541725,,,0.09750514844720862,0.10302200852728613,,0.7664445278946155,,0.0293263911482898,0.0,0.0,0.2256735770632042,,66.09355017837485,0.0,,0.0,0.0291424474259614,,0.0,0.2093016349574023,,0.0,6.671166700061989,,,,,,,,1.7185873040809143,1.6265564280812403,3.915825745257704,0.5130298887385553,,,2.099832517083918,0.0223958793972719,0.3388802948571666,1.4261517030228104,,,,,1.1674488024961032,,0.9753341505307082,,0.9467727865511456,3.068998213603887,,0.1038054707287278,,-0.6360561545097898,-0.15756609713002007,-0.8058707579658089,1.7695527787569,1.3420104933676291,-0.9047452623535249,1.0376983656071328
Helix_Reef,1988,Storm_Only,0.0,21.03010921597967,1987,1988,0,3.693831137543219,5.75423060382448,-2.060399466281261,0.0,-0.5577947094927681,-0.5577947094927681,10,,,,,0.0,0.0,0,0,0,0,0,0.0,0.0,0,0,0,0,0,0.0,0.0,0,0,0,0,0,0.0,0.0,0,0,0,0,0,helix reef,Central,-18.62361111111111,1.5577947094927682,,,,,,,,,,,,,,,,,,,,,,,,,False,False,False,,,,,,,,,,,,,,,,,,,,,,,,,,,,,,,,,,,,,,,,,,,,,,,,,,,,,,,-1.6090725019229197,-1.4183007083924293,0.5667823527853031,-0.8572574253355764,-0.5777592859729849,0.9213638212092281,-2.716686203571208
Helix_Reef,1989,Storm_Only,0.52,25.275819623241777,1988,1989,0,5.75423060382448,5.825057914015069,-0.0708273101905891,0.0,-0.0123087368350365,-0.0123087368350365,1,,,,,0.0,22.353065166911385,0,1,0,0,1,0.0,22.353065166911385,0,1,0,0,1,0.0,22.353065166911385,0,1,0,0,1,0.0,22.353065166911385,0,1,0,0,1,helix reef,Central,-18.62361111111111,1.0123087368350365,,,,,,,,,,,,,,,,,,,,,,,,,False,False,False,,,,,,,,,,,,,,,,,,,,,,,,,,,,,,,,,,,,,,,,,,,,,,,,,,,,,,,-1.4547134768950203,-1.262209756521845,0.8439034812599188,-0.8572574253355764,1.3420104933676291,-0.9047452623535249,-2.6152163503501717
Helix_Reef,2000,Storm_Only,0.0,22.481028,1999,2002,2,28.523775729475,32.00437932590721,-3.48060359643221,0.0,-0.1220246446137751,-0.1220246446137751,11,,,,,3.4,0.0,0,0,0,0,0,6.4,0.0,0,0,0,0,0,7.64,0.0,0,0,0,0,0,7.640000000000001,0.0,0,0,0,0,0,helix reef,Central,-18.62361111111111,1.1220246446137752,,,,,,,,,,,,,,,,,,,,,,,,,False,False,False,,,,,,,,,,,,,,,,,,,,,,,,,,,,,,,,,,,,,,,,,,,,,,,,,,,,,,,0.25111339961242896,-1.4183007083924293,0.6614850555567849,-0.8572574253355764,-0.5777592859729849,1.1242648304939784,-1.4990479649187731
Helix_Reef,2017,Heatwave_Only,5.41,0.0,2016,2020,3,27.464202364706875,31.067842203335672,-3.6036398386287978,0.0,-0.1312122518897431,-0.1312122518897431,17,69.43931447794512,1.0309491418792265,24.33027445413164,47.857334302422245,4.84,0.0,0,0,0,0,0,6.33,0.0,0,0,0,0,0,8.52,0.0,0,0,0,0,0,9.13,0.0,0,0,0,0,0,helix reef,Central,-18.62361111111111,1.1312122518897432,27.34795485582695,9.761256053450149,0.3569281909711192,1.3481036879092625,0.04929449734052146,8.232746641079292,0.3010370129861891,1.960889000905996,0.0717014859518168,3.536073193716006,0.1292993648833154,0.8974350649610907,30.980487978328526,17.43628382220638,0.5628150155156824,1.3135446733099674,0.042399095657525414,6.563090024208615,0.21184592149741568,1.272941945867104,0.04108850534431713,2.8742490340604854,0.09277610591773378,0.5025008347150683,True,True,True,0.3554174238824405,0.04908584891734032,0.2997628160379002,0.07139799564781296,0.12875208049952577,,12.572211225778409,0.1337435873433004,,0.0,0.0,1.0174361865747477,,55.34934776998398,0.0,,0.1049898340209047,0.0,,0.0,0.792445230940186,,0.0,9.761256053450149,,,,,,,0.9297299463705104,3.536073193716006,1.960889000905996,1.5791563323957338,,8.232746641079292,1.3481036879092625,,,,,,,,,0.0,0.7591139088742515,0.111390216081363,,,0.1443909583568093,0.0,0.3005584765777097,0.0520199362546141,0.17173330162282283,0.20564554087653114,-0.8058707579658089,-0.8572574253355764,-0.5777592859729849,2.3416708862024804,0.22593953983884282
Helix_Reef,2020,Concurrent,5.4,37.07313360443265,2018,2020,0,37.4045259675135,31.067842203335672,6.336683764177828,6.336683764177828,0.1694095460448115,0.1694095460448115,3,59.8504568680814,1.161889936101657,24.87106887468624,38.56327320867472,5.41,0.0,1,0,0,1,0,10.25,0.0,1,0,0,1,0,11.28,0.0,1,0,0,1,0,11.74,0.0,1,0,0,1,0,helix reef,Central,-18.62361111111111,0.8305904539551885,37.28075252455844,22.307991723852226,0.5983782572295715,1.7432616365278708,0.046760366099893216,5.845827280278166,0.15680550644537736,1.66165675306241,0.044571438089073045,3.634122727023445,0.09747986510276294,1.0161297563588365,30.980487978328526,17.43628382220638,0.5628150155156824,1.3135446733099674,0.042399095657525414,6.563090024208615,0.21184592149741568,1.272941945867104,0.04108850534431713,2.8742490340604854,0.09277610591773378,0.5025008347150683,True,True,True,0.5963981937166405,0.046605633715073,0.15628662919977576,0.044423948976270645,0.0971572993647813,,10.96211492945278,0.1972284337534706,,0.0,0.0314683232814599,1.0611158189968597,,47.26950700008511,0.0,,0.1642376109043841,0.0,,0.0251325827893794,0.826759562665073,,0.0,22.307991723852226,,,,,,,0.5656650988881178,3.634122727023445,1.66165675306241,1.5222273049262047,,5.845827280278166,1.7432616365278708,,,,,,,,,0.051577048075927,0.9764175374162544,0.1414955563422856,,,0.0496408187182269,0.0,0.1465237217753827,0.021439027543854,0.9164329023077292,0.20264379180209688,1.6139241962490998,0.01834597602858237,-0.5777592859729849,-0.4989432437840242,0.5303490995019515
Helix_Reef,2022,Heatwave_Only,4.87,0.0,2020,2025,3,31.067842203335672,24.692744557885817,6.375097645449856,6.375097645449856,0.2051992411872549,0.2051992411872549,2,63.11520090605973,0.6077199837253923,18.01019182327366,64.85066943331701,5.4,37.31422880098229,1,1,1,1,1,10.81,37.31422880098229,2,1,1,1,1,15.65,37.31422880098229,2,1,1,1,1,15.65,37.31422880098229,2,1,1,1,1,helix reef,Central,-18.62361111111111,0.794800758812745,30.980487978328526,17.43628382220638,0.5628150155156824,1.3135446733099674,0.042399095657525414,6.563090024208615,0.21184592149741568,1.272941945867104,0.04108850534431713,2.8742490340604854,0.09277610591773378,0.5025008347150683,24.600447655496847,8.76371275509137,0.3562420033089586,1.4726603713425768,0.05986315338507745,3.815676148674586,0.1551059640096424,3.648492163983832,0.1483099907398878,3.570702737584337,0.14514787647721855,0.9740426803777024,True,True,True,0.5612325345316159,0.04227988106521719,0.21125026904842312,0.04097297577140493,0.09251524503210863,,10.20329574868932,0.1982679758965893,,0.0,0.0301009105661158,0.4077094698152286,,51.912197355842274,0.0,,0.1593211185258444,0.0,,0.0256638456800675,0.3175158705091564,,0.0,17.43628382220638,,,,,,,0.2488915626196026,2.8742490340604854,1.272941945867104,1.2714869160563715,,6.563090024208615,1.3135446733099674,,,,,,,,,0.2400024708447032,0.711850965975473,0.2374171389275355,,,0.1087423628269841,0.1108926158860569,0.0521552553636005,0.0200412360300524,0.4417073242070947,0.04355109085707852,-0.8058707579658089,0.8939493773927413,1.3420104933676291,-0.7018442530687745,0.733288805944024
Helix_Reef,2024,Concurrent,6.11,23.818572,2023,2025,1,32.0710105286844,24.692744557885817,7.37826597079858,7.37826597079858,0.2300602896250942,0.2300602896250942,2,64.17100942444817,1.9191893977632053,13.568195323097877,64.45375707494046,6.15,0.0,1,0,0,1,0,11.55,37.31422880098229,2,1,1,1,1,16.96,37.31422880098229,3,1,1,1,1,19.520000000000003,37.31422880098229,3,1,1,1,1,helix reef,Central,-18.62361111111111,0.7699397103749057,31.99406703449721,16.25859277320288,0.5081752424808091,1.678667549701809,0.052468088783204914,4.192860565384715,0.13105119023673403,3.5995623957835883,0.11250718428208593,3.6533258398728106,0.11418760346828231,1.6932602941016852,24.600447655496847,8.76371275509137,0.3562420033089586,1.4726603713425768,0.05986315338507745,3.815676148674586,0.1551059640096424,3.648492163983832,0.1483099907398878,3.570702737584337,0.14514787647721855,0.9740426803777024,True,True,True,0.5069560486303091,0.0523422094293039,0.1307367774281577,0.11223726151578947,0.1139136491070422,,7.785072859632761,0.609052212839137,,0.0,0.1317590401842013,1.4226326312044413,,53.91358027063854,0.0,,0.4716704081828247,0.0,,0.1031041750135815,1.118485710905279,,0.0,16.25859277320288,,,,,,,0.6140406804299965,3.6533258398728106,3.5995623957835883,1.9970172301214104,,4.192860565384715,1.678667549701809,,,,,,,,,0.0,0.6370018550109047,0.1744223151334279,,,0.2595842215409044,0.0818215930972916,0.0,0.0828793784145525,0.5168617237173894,0.4157679760869327,0.7487876897709439,0.8939493773927413,1.3420104933676291,-0.7018442530687745,0.9362285123860965
Helix_Reef,2025,Heatwave_Only,4.92,0.0,2024,2025,0,28.593109897310093,24.692744557885817,3.900365339424276,3.900365339424276,0.1364092731931619,0.1364092731931619,1,67.76893869001064,0.8574705909310042,12.47466081259296,86.65171741246417,12.260000000000002,18.51984,2,1,1,1,1,17.66,55.83406880098229,3,2,2,1,1,17.66,55.83406880098229,3,2,2,1,1,23.07,55.83406880098229,4,2,2,1,1,helix reef,Central,-18.62361111111111,0.863590726806838,28.469864068962206,10.783954116818686,0.37878488252338843,1.4376237301714268,0.050496332778024094,4.144580843281853,0.14557782338694997,3.706143570887234,0.13017777541578307,5.2637253091771,0.18488761647849256,0.7370683274489789,24.600447655496847,8.76371275509137,0.3562420033089586,1.4726603713425768,0.05986315338507745,3.815676148674586,0.1551059640096424,3.648492163983832,0.1483099907398878,3.570702737584337,0.14514787647721855,0.9740426803777024,True,True,True,0.37715219350215523,0.05027867676284739,0.14495033447452163,0.12961666584004178,0.1840906892633,,6.341225264273406,0.6460042059325202,,0.0,0.0,0.3047660412485214,,60.20565016465096,0.0,,0.500083548582118,0.0,,0.0,0.2369847788668609,,0.0,10.783954116818686,,,,,,,0.759492641714025,5.2637253091771,3.706143570887234,2.374343856911881,,4.144580843281853,1.4376237301714268,,,,,,,,,0.0196103897613189,0.4122949348552692,0.335393356534023,,,0.1128084689508778,0.0,0.0,0.0787230923688014,0.2563077100960471,0.05855983622925,-0.8058707579658089,1.7695527787569,3.2617802727082434,-0.9047452623535249,1.0376983656071328
Horseshoe_Reef,1992,Storm_Only,1.23,22.481028,1991,1993,1,26.103336175580004,36.80273783314341,-10.699401657563406,0.0,-0.4098863679950928,-0.4098863679950928,10,,,,,1.23,0.0,0,0,0,0,0,1.23,0.0,0,0,0,0,0,1.23,0.0,0,0,0,0,0,1.23,0.0,0,0,0,0,0,horseshoe reef,South,-22.031388888888888,1.4098863679950928,,,,,,,,,,,,,36.53825900813462,4.871471447418089,0.1333252207318783,3.761857836774838,0.10295667989920715,2.6906907357352097,0.0736403651617931,11.477305896722672,0.31411748146422214,6.259054788123011,0.17130139634539074,0.2999664516941628,False,True,False,,,,,,,,,,,,,,,,,,,,,,,,,,,,,,,,,,,,,,,,,,,,,,,,,,,,,,,0.06978123767369453,-1.0490855722370094,0.6614850555567849,-0.8572574253355764,-0.5777592859729849,0.9213638212092281,-2.310806790687063
Horseshoe_Reef,1994,Storm_Only,0.32,29.117304,1993,1995,1,36.80273783314341,43.47760484208444,-6.674867008941028,0.0,-0.181368762269905,-0.181368762269905,2,50.16043746264744,0.3810786112602181,,,1.62,22.481028,0,1,0,0,1,2.46,22.481028,0,1,0,0,1,2.46,22.481028,0,1,0,0,1,2.46,22.481028,0,1,0,0,1,horseshoe reef,South,-22.031388888888888,1.1813687622699052,36.53825900813462,4.871471447418089,0.1333252207318783,3.761857836774838,0.10295667989920715,2.6906907357352097,0.0736403651617931,11.477305896722672,0.31411748146422214,6.259054788123011,0.17130139634539074,0.2999664516941628,43.246330732417285,13.71930000070855,0.31723616242948943,2.755294728885665,0.0637116417097626,3.149055533207648,0.07281671022432264,11.153239515551537,0.2579002501868005,4.884867023749831,0.11295448517874265,0.2822153752954307,True,True,True,0.1323670937065718,0.10221679305029922,0.07311115678225592,0.31186011075476466,0.1700703577136128,,4.484774352282529,0.09421538131098,,,0.0,0.0382239535925899,,45.32875028198217,0.1395226414249275,,0.1007378517715004,,,0.0,0.0500111740662727,,0.1492174258563897,4.871471447418089,,,,,,,,6.259054788123011,11.477305896722672,4.019951303629096,,2.6906907357352097,3.761857836774838,,3.4579269997317024,,,,0.1455539726997402,,,0.079793700450841,,0.0,,0.5867338473140191,0.7284086284138314,,4.598646401415488,0.0,0.8713487178013228,-1.3222447380105313,1.0946404330039583,-0.8572574253355764,1.3420104933676291,-0.7018442530687745,-2.1078670842449907
Horseshoe_Reef,2002,Heatwave_Only,4.54,0.0,2001,2003,1,23.147648240010177,10.712877207731909,12.434771032278269,12.434771032278269,0.5371937098467331,0.5371937098467331,8,69.59616140804745,1.6028926880760457,,41.62089540632623,0.3,0.0,0,0,0,0,0,3.29,0.0,0,0,0,0,0,3.63,0.0,0,0,0,0,0,3.95,29.117304,0,1,0,0,1,horseshoe reef,South,-22.031388888888888,0.4628062901532669,22.958285884645253,5.187567851257409,0.22595623546646876,2.57219294967269,0.1120376740056626,2.4536145774562543,0.1068727251583385,4.793246290779052,0.20878066920426436,3.8244583292545,0.1665829212368306,1.5718798545792445,10.593229205455799,0.6709889689538037,0.06334130565288121,4.205493750244795,0.3969982777375243,0.4322367701498181,0.04080311695013684,1.0346678136374716,0.0976725598559304,1.537195183816932,0.145111103895046,0.4322532038736033,True,True,True,0.2241077710128158,0.11112113520140304,0.10599843889174183,0.20707271171047245,0.1652201679237553,,11.720159236885136,0.0274735878555691,,,0.0,0.0,,56.254004523947245,1.5420328012836018,,0.0346584307577245,,,0.0,0.0,,1.53722142382152,5.187567851257409,,,,,,,,3.8244583292545,4.793246290779052,2.5513851333354363,,2.4536145774562543,2.57219294967269,,1.5758207528899102,,,,0.1850246760344433,,,0.4818526949241843,,0.1825682477474986,,0.433503506717404,0.6683572400456906,,0.2119189314373115,1.6294180118965398,-0.1516501475929351,-0.05550662859925365,-0.8058707579658089,-0.8572574253355764,-0.5777592859729849,0.5155618026397275,-1.2961082584767007
Horseshoe_Reef,2004,Heatwave_Only,4.05,0.0,2003,2006,2,10.712877207731909,9.294694509177994,1.418182698553915,1.418182698553915,0.1323811214348985,0.1323811214348985,2,81.65765708647015,0.4459087380761641,,47.62372667739911,4.54,0.0,1,0,0,1,0,4.84,0.0,1,0,0,1,0,7.83,0.0,1,0,0,1,0,8.17,0.0,1,0,0,1,0,horseshoe reef,South,-22.031388888888888,0.8676188785651014,10.593229205455799,0.6709889689538037,0.06334130565288121,4.205493750244795,0.3969982777375243,0.4322367701498181,0.04080311695013684,1.0346678136374716,0.0976725598559304,1.537195183816932,0.145111103895046,0.4322532038736033,,,,,,,,,,,,,True,False,False,0.06263387098934768,0.392564356773316,0.04034740264154765,0.09658169262788813,0.14349041382715347,,14.98824283227374,0.0,,,0.0,0.0,,66.26288236710577,0.4329984625847412,,0.0,,,0.0,0.0,,0.4322532038736033,0.6709889689538037,,,,,,,,1.537195183816932,1.0346678136374716,0.7167625889013689,,0.4322367701498181,4.205493750244795,,1.9958841297516097,,,,0.122699308574537,,,0.1890771195036785,,0.1120342762789007,,0.5010223915379428,0.3683327393126829,,1.0828719439537922,1.5875764905932477,-1.0832263610404815,-0.20259233324653478,-0.8058707579658089,0.01834597602858237,-0.5777592859729849,-0.7018442530687745,-1.0931685520346281
Horseshoe_Reef,2009,Storm_Only,0.6,42.338412,2007,2009,0,23.335274119617274,38.09504932130007,-14.759775201682793,0.0,-0.6325091844228513,-0.6325091844228513,5,71.26722686680465,0.964862323726794,26.614395938429027,56.42749153743479,2.12,0.0,0,0,0,0,0,6.169999999999999,0.0,1,0,0,1,0,10.71,0.0,2,0,0,1,0,10.71,0.0,2,0,0,1,0,horseshoe reef,South,-22.031388888888888,1.6325091844228514,23.18415242614453,7.759859005477998,0.33470531347642823,6.270691583385823,0.27047318651659785,2.370505847676021,0.10224681946978688,1.6003771590482412,0.0690289267268409,3.076687285486948,0.1327064810882368,0.9341114757996002,37.8674647560541,16.376476870996832,0.4324682673238278,7.65765204872636,0.2022224645367125,4.7752819657574825,0.12610514056117342,3.306641431529646,0.08732143682793007,3.66638049184579,0.09682138784481535,1.4194481631843847,True,True,True,0.33253772660654174,0.2687215736674907,0.10158465829562323,0.06858188812544745,0.13184705993663337,,13.202225617936902,0.0,,,0.0,0.3283922991166936,,57.051169229159896,0.6008408084454122,,0.0,,,0.0,0.3302708323081689,,0.6038406434914313,7.759859005477998,,,,,,,,3.076687285486948,1.6003771590482412,1.4911721700796243,,2.370505847676021,6.270691583385823,,0.6148593749898743,,,,0.1135554731848265,,,0.8095562986129685,,0.1984841392650929,,0.2715100065471864,0.0625285925485917,,0.6513366046516368,1.490663250618926,-0.13759377244815524,-1.238195763926371,1.9575933942746824,0.01834597602858237,-0.5777592859729849,-0.09314122521452356,-0.5858192859294471
Horseshoe_Reef,2020,Heatwave_Only,6.5200000000000005,0.0,2019,2021,1,5.853870173943207,5.613189157899254,0.2406810160439532,0.2406810160439532,0.0411148537450103,0.0411148537450103,11,90.47898172047964,0.8835878434602292,13.753820476474578,49.67352542817596,1.08,0.0,0,0,0,0,0,2.19,0.0,0,0,0,0,0,2.19,0.0,0,0,0,0,0,2.19,0.0,0,0,0,0,0,horseshoe reef,South,-22.031388888888888,0.9588851462549897,5.716797867813361,0.1004733775832128,0.017575114584494348,2.8681404881738404,0.50170402286252,0.821349479084212,0.14367299633043926,0.5234567987974832,0.09156468549371714,0.7492522866801399,0.13106153199828352,0.8539794334332914,5.47997069825821,0.6225376971785669,0.113602376993811,2.3010594939943942,0.41990361275577226,0.5929953752281586,0.10821141350566713,0.1872535245341205,0.03417053390333609,1.0465102799918278,0.19097005031878317,1.3443507915330026,True,True,True,0.017163581459397698,0.4899562858330084,0.14030879651896094,0.08942063681690418,0.12799263810379968,,10.796764536621051,0.0895707163123814,,,0.0,0.7757919912370939,,78.7644811286336,0.0,,0.0984214744582147,,,0.0,0.7555579589750767,,0.0,0.1004733775832128,,,,,,,,0.7492522866801399,0.5234567987974832,0.5242063871811488,,0.821349479084212,2.8681404881738404,,0.1299190503133248,,,,0.1831426038224382,,,0.3705629138305609,,0.1092080023335692,,0.4764477937714602,0.6668006577185603,,0.0576680236542365,0.7032518117634915,-1.4472487754381298,0.5388396881387394,-0.8058707579658089,-0.8572574253355764,-0.5777592859729849,1.1242648304939784,0.5303490995019515
Horseshoe_Reef,2024,Heatwave_Only,9.19,0.0,2023,2026,2,14.298156399795618,16.542599788068422,-2.2444433882728045,0.0,-0.1569743207106678,-0.1569743207106678,4,80.6752174049744,3.064630611599028,33.649573032725954,56.73369287382861,0.36,0.0,0,0,0,0,0,6.880000000000001,0.0,1,0,0,1,0,7.960000000000001,0.0,1,0,0,1,0,8.49,0.0,1,0,0,1,0,horseshoe reef,South,-22.031388888888888,1.1569743207106677,14.124961013665391,3.9436825675032967,0.2791995364580423,3.710568405044024,0.2626958333870219,2.8842542472786974,0.204195554556808,0.6278945846300875,0.04445283665014169,2.2007300658063182,0.15580432849883205,3.016638298371113,,,,,,,,,,,,,True,False,False,0.2758175569795606,0.2595137653618801,0.20172210784601055,0.043914373788711866,0.15391705086103102,,26.925316610109768,0.1935644209195654,,,0.360718468093647,2.519182498722796,,50.6398303100753,0.0,,0.1954870211475119,,,0.3641054243574187,2.4570458528661825,,0.0,3.9436825675032967,,,,,,,,2.2007300658063182,0.6278945846300875,0.725896435360262,,2.8842542472786974,3.710568405044024,,0.0319347080427058,,,,0.3295322477266144,,,0.5167561876426453,,0.237903789996733,,0.3969107017147295,1.1600651270629252,,0.0,0.7645551165914234,-0.8146278637118942,1.340306691012699,-0.8058707579658089,0.01834597602858237,-0.5777592859729849,-0.2960422344992739,0.9362285123860965
Hoskyn_Island,2009,Heatwave_Only,6.17,0.0,2008,2012,3,71.20142237005047,13.616385294964836,57.58503707508563,57.58503707508563,0.8087624538706925,0.8087624538706925,5,31.072647479117183,0.4996906203998333,9.471100859468276,31.07976735966996,4.43,0.0,0,0,0,0,0,17.66,0.0,1,0,0,1,0,17.66,0.0,1,0,0,1,0,17.66,0.0,1,0,0,1,0,hoskyn island,South,-23.805308333333333,0.19123754612930755,71.10957099707414,65.35166619886739,0.9190277100892134,0.0517975307548374,0.0007284185522222972,0.5597153925115342,0.007871168179801902,2.05640860487658,0.028918872326781336,2.268254174066445,0.03189801516535339,0.43266389271604533,13.380434671340913,5.653816719200531,0.42254357635408096,0.0800553341546138,0.00598301446260797,0.3887031346461881,0.029050112660296293,3.47718559418745,0.259870899533265,2.865209627236484,0.21413427124108134,1.068188094939567,True,True,True,0.9178421444900283,0.0007274788765543686,0.007861014202814128,0.028881566356763817,0.03185686603671759,,9.419441035086784,0.0,,,0.0,1.1012121569528217,,19.498570942094062,0.5250648789885844,,0.0,,,0.0,0.3157740513050966,,0.1168898414109487,65.35166619886739,,,,,,0.2662176914437998,,2.268254174066445,2.05640860487658,0.555511404553549,,0.5597153925115342,0.0517975307548374,,,,,,,,,0.140568088198089,0.1137112669278843,0.0311122594706091,,0.4974599391472169,0.0389760116949629,,0.2433262160006502,0.0,3.4483962730225572,0.4337784705335384,-0.8058707579658089,0.01834597602858237,-0.5777592859729849,-0.09314122521452356,-0.5858192859294471
Hyde_Reef,2003,Storm_Only,0.0,29.117304,2002,2005,2,18.003569862806184,14.515498103489394,3.4880717593167905,3.4880717593167905,0.1937433401207193,0.1937433401207193,10,22.943183246033406,1.3748953895980331,,36.86994009482512,3.02,0.0,0,0,0,0,0,4.11,0.0,0,0,0,0,0,4.27,0.0,0,0,0,0,0,4.41,0.0,0,0,0,0,0,hyde reef,Central,-19.75438888888889,0.8062566598792806,17.404030308540634,4.0006126289171,0.2298670226375031,3.605501241394725,0.2071647300927422,2.3406431973700106,0.13448857281186147,,,3.1568143626834133,0.18138409935624383,1.3362261633285397,13.998800126672602,2.543561784854462,0.18169855715048666,4.259825649593823,0.3042993407325938,1.6088809363807606,0.11492991698019037,,,3.228432286255977,0.23062207168060683,0.3121680610573806,True,True,True,0.22221218677202564,0.20026590664351396,0.13000994887161665,,0.17534380052064666,,7.526816053311464,0.1118383966556381,,,0.0,0.0,,12.313669140287727,2.5190761834364728,,0.0341634887905948,,,0.0,0.0,,1.3020626745379449,4.0006126289171,,,,,,0.8896656367311527,,3.1568143626834133,,2.356945751434795,,2.3406431973700106,3.605501241394725,,1.0538474900094363,,,,3.379906117222911,,0.0,,3.1776257631115885,1.7963654142820529,,,0.5159115040438829,,1.0241053187717608,37.672348785676725,-0.5370292626464993,-1.4183007083924293,1.0946404330039583,-0.8572574253355764,-0.5777592859729849,0.9213638212092281,-1.1946384052556644
Hyde_Reef,2009,Storm_Only,2.95,42.338412,2007,2011,2,16.60753488598341,5.633150756086711,10.974384129896698,10.974384129896698,0.6608075313548772,0.6608075313548772,10,31.164566771609326,1.815554585225285,16.2932880498386,43.63556236987535,1.32,0.0,0,0,0,0,0,4.5600000000000005,0.0,0,0,0,0,0,6.430000000000001,0.0,0,0,0,0,0,7.579999999999999,0.0,0,0,0,0,0,hyde reef,Central,-19.75438888888889,0.33919246864512287,16.037483041075436,3.22652605141764,0.20118656045676334,4.581912536744507,0.28570022646379395,1.3782550927665425,0.08593961341917153,,,4.683259015098052,0.29201957708096843,1.747495047871166,5.366424972575407,0.1670648474768283,0.031131497846442827,1.2059768640128077,0.22472630665216325,0.044380027739335,0.008269942832730321,,,1.9053324820132904,0.35504688722013383,17.38300771627219,True,True,True,0.19428085345410265,0.2758935969847996,0.08298974545161279,,0.28199603657317474,,5.077191686991471,2.6595662675787954,,,0.0,0.1008124376696971,,22.652959668905343,0.0997794050477994,,1.686765658073632,,,0.0,0.0301876280155021,,0.0305417617820317,3.22652605141764,,,,,,0.3230152400960455,,4.683259015098052,,1.7966210956349284,,1.3782550927665425,4.581912536744507,,0.0478940093177215,,,,2.5848950109185984,,0.8114949958985648,,3.7237071287876495,1.9783497720070704,,,0.1520315122125001,,0.6525741022307185,29.12497070099558,-0.6416160679984446,-0.5327847314343085,1.9575933942746824,-0.8572574253355764,-0.5777592859729849,0.9213638212092281,-0.5858192859294471
Hyde_Reef,2010,Storm_Only,0.62,29.117304,2009,2013,3,9.638452085950869,3.5968414344920743,6.041610651458795,6.041610651458795,0.6268237469650468,0.6268237469650468,10,66.04161708428963,5.954315867019725,5.826562753522787,57.56662490816949,3.27,0.0,0,0,0,0,0,4.42,0.0,0,0,0,0,0,7.510000000000001,0.0,0,0,0,0,0,9.38,0.0,0,0,0,0,0,hyde reef,Central,-19.75438888888889,0.3731762530349532,9.23824979330471,0.235352501286635,0.025475875469096253,3.008144534190893,0.32561844521361644,0.8995918328691198,0.09737686823764888,,,2.5504416383374338,0.27607411527082,5.923403740641657,3.403095322624907,0.4679107848706721,0.13749564455625027,0.5337348852117173,0.15683806494142866,0.2303805492547567,0.06769735414788718,,,0.9525397660168654,0.27990393324690754,0.8406248429627338,True,True,True,0.02441808074448882,0.31209830244169634,0.09333364163114702,,0.2646111238188329,,5.977747963495804,3.872517078559537,,,0.0,0.2257471711291603,,55.24699550975964,0.5256015956303676,,5.675025903393142,,,0.0,0.0914077086860837,,0.1569701285624307,0.235352501286635,,,,,,0.4561977251890019,,2.5504416383374338,,1.9508067616481064,,0.8995918328691198,3.008144534190893,,0.1377147997835202,,,,0.8010905555418567,,0.0,,0.9865686671636716,1.6973437471793047,,,0.0,,0.4445233515719731,9.036808627330498,-1.163719108673995,-1.2321922657775022,1.0946404330039583,-0.8572574253355764,-0.5777592859729849,0.9213638212092281,-0.4843494327084108
Hyde_Reef,2017,Storm_Only,2.61,35.75358,2015,2017,0,6.83272281432588,13.900461086581048,-7.067738272255168,0.0,-1.0343955790854769,-1.0,10,84.39179417984774,0.8835446989003723,31.426395666799884,66.07475163072215,2.78,0.0,0,0,0,0,0,2.78,0.0,0,0,0,0,0,3.69,0.0,0,0,0,0,0,6.640000000000001,0.0,0,0,0,0,0,hyde reef,Central,-19.75438888888889,2.034395579085477,6.519081769801634,1.7556160579951532,0.2693041934414291,0.9636569018836316,0.1478209563726571,0.5304339042125874,0.0813663523396375,,,1.4157488455330058,0.21716997815416036,0.8305706375954716,13.463805238010679,6.29751173726876,0.4677363959105545,1.675814244036914,0.12446809905611209,2.3719600101973444,0.1761730779869636,,,1.4347001546132494,0.10655978226444035,0.825603312286458,True,True,True,0.2569423794441401,0.1410355619670643,0.07763140970689593,,0.20720127012391976,,27.671417917714937,0.4231723625675097,,,0.0,1.1335312699694935,,54.874578059534265,0.2124338573099159,,0.1532960828727345,,,0.0,0.6162926528720271,,0.06098190185071,1.7556160579951532,,,,,,0.3843530165671337,,1.4157488455330058,,1.3896336382882606,,0.5304339042125874,0.9636569018836316,,0.0796394053218619,,,,0.1375263221354433,,0.0,,0.425037969677319,0.1414640224136984,,,0.3101990810800021,,0.3088226421355141,1.8190395033863545,-1.373916035021457,-0.634844199965075,1.5277958104511309,-0.8572574253355764,-0.5777592859729849,0.9213638212092281,0.22593953983884282
Hyde_Reef,2020,Concurrent,5.84,38.377224,2019,2021,1,21.496294436330963,35.301662561280864,-13.8053681249499,0.0,-0.6422208332621924,-0.6422208332621924,10,59.34258098240469,0.672754473793275,23.60748408443833,69.93790088919813,2.61,0.0,0,0,0,0,0,5.39,0.0,0,0,0,0,0,5.39,0.0,0,0,0,0,0,5.39,0.0,0,0,0,0,0,hyde reef,Central,-19.75438888888889,1.6422208332621924,20.828906419968202,10.801456598758644,0.5185801107831342,1.9701052496151288,0.09458515055434852,4.186449788812703,0.2009922990867753,,,2.102859551822969,0.1009587113900039,0.6094192327028481,34.47083429703371,25.20000491785189,0.7310529446634368,1.8946417035409424,0.054963616117175915,3.7986984018291,0.11020036153160315,,,1.6018491538809336,0.04646969493334184,0.7182627801445475,True,True,True,0.5024799334950988,0.09164859810839988,0.1947521607136702,,0.09782428120583048,,29.87770295400891,0.1047114145627996,,,0.108376629370353,1.1071503404517038,,27.831200093730825,0.0,,0.0288420690088643,,,0.0600453798479468,0.520531783846037,,0.0,10.801456598758644,,,,,,0.516184189421477,,2.102859551822969,,1.1742595984560882,,4.186449788812703,1.9701052496151288,,0.0775914430811917,,,,0.4962213286777169,,2.2641897804498474,,0.9406905651148638,0.3813352652460625,,,0.2217307508944423,,0.5111438199808027,6.082937294192307,-0.27536468318835494,0.3347207510772063,1.6990432852558273,-0.8572574253355764,-0.5777592859729849,0.9213638212092281,0.5303490995019515
Hyde_Reef,2022,Heatwave_Only,5.25,0.0,2021,2025,3,35.301662561280864,29.39764183332194,5.9040207279589225,5.9040207279589225,0.1672448349340492,0.1672448349340492,2,40.72211293444631,0.7590399004450515,35.25531028725904,46.01342336771283,5.84,0.0,1,0,0,1,0,8.45,0.0,1,0,0,1,0,11.23,0.0,1,0,0,1,0,11.23,0.0,1,0,0,1,0,hyde reef,Central,-19.75438888888889,0.8327551650659508,34.47083429703371,25.20000491785189,0.7310529446634368,1.8946417035409424,0.054963616117175915,3.7986984018291,0.11020036153160315,,,1.6018491538809336,0.04646969493334184,0.7182627801445475,28.604659830495713,21.91659571172641,0.7661896992168006,1.4602002650490893,0.05104763607404816,1.9398018632256848,0.06781419092974644,,,1.3744034975464996,0.04804823779380289,0.9099256550819219,True,True,True,0.7138475383165508,0.05367004175092309,0.10760678467295594,,0.04537602587697538,,20.340662269534004,0.0,,,0.0953205820398825,1.3464687147427945,,18.479123689444567,0.0,,0.0,,,0.0320415316082302,0.6862212485363173,,0.0,25.20000491785189,,,,,,0.6742204562445892,,1.6018491538809336,,1.252113967996648,,3.7986984018291,1.8946417035409424,,0.0493056956896115,,,,1.013816465974814,,4.95823880355998,,0.7720262585166887,0.765487363473153,,,0.9423559170467346,,0.0692910939544367,7.137428275934352,0.7588926046785666,0.15761755568558217,-0.8058707579658089,0.01834597602858237,-0.5777592859729849,-0.7018442530687745,0.733288805944024
Hyde_Reef,2024,Heatwave_Only,9.25,0.0,2023,2025,1,40.16599117409249,29.39764183332194,10.768349340770548,10.768349340770548,0.2680961934711636,0.2680961934711636,2,37.12174839698421,0.7777839805053789,23.64762315990224,55.02560043550695,6.03,0.0,1,0,0,1,0,11.87,0.0,2,0,0,1,0,14.48,0.0,2,0,0,1,0,16.630000000000003,0.0,2,0,0,1,0,hyde reef,Central,-19.75438888888889,0.7319038065288365,39.39828081464693,28.910487469045325,0.7338007362569332,2.715096415148276,0.06891408353378953,3.5484763221570708,0.09006678080323416,,,1.961892395384896,0.049796396056335825,0.725263870633939,28.604659830495713,21.91659571172641,0.7661896992168006,1.4602002650490893,0.05104763607404816,1.9398018632256848,0.06781419092974644,,,1.3744034975464996,0.04804823779380289,0.9099256550819219,True,True,True,0.7197752781386088,0.06759689816641556,0.08834529457462705,,0.04884461550771684,,12.313955826528636,0.5597209935828238,,,0.3092843237911974,0.7110548805096989,,22.650799332639497,0.0,,0.2404942941168907,,,0.1197196953242353,0.365049881192813,,0.0,28.910487469045325,,,,,,0.7178081042192865,,1.961892395384896,,1.467204112960028,,3.5484763221570708,2.715096415148276,,0.0773159957320498,,,,1.2032774928605356,,2.565500079475868,,2.413573143095459,1.176799603769774,,,0.7265332453111167,,0.2962426414526988,9.390916148237151,1.1233136960138816,1.3583171854593052,-0.8058707579658089,0.8939493773927413,-0.5777592859729849,-0.7018442530687745,0.9362285123860965
Jenkins_Reef,2009,Storm_Only,0.6,42.338412,2008,2012,3,21.81748016533304,17.947807077982432,3.869673087350609,3.869673087350609,0.1773657204235409,0.1773657204235409,5,69.82652970750915,1.0495237345313455,17.476993625767037,57.27947715772005,2.67,0.0,0,0,0,0,0,17.56,0.0,1,0,0,1,0,17.56,0.0,1,0,0,1,0,17.560000000000002,0.0,1,0,0,1,0,jenkins reef,South,-21.955277777777777,0.8226342795764591,21.485840686494388,6.361225158614051,0.29606591854758574,6.7988243147549445,0.31643278073026776,1.5819768055654464,0.07362880646135705,0.9360877191121052,0.043567656149499104,4.08653525976102,0.19019666576648048,0.9284078917194443,,,,,,,,,,,,,True,False,False,0.29156552958493076,0.3116228025983477,0.07250960209782309,0.042905400257886105,0.1873055563150842,,11.245049393636048,0.0,,0.0,0.1049254337018586,0.9794591105754518,,56.70116287466782,0.3292396292021421,,0.0,,,0.0615847364725371,0.683950220940916,0.0,0.1828729343059912,6.361225158614051,,,,,0.1887555903876622,,,4.08653525976102,0.9360877191121052,1.5324358382991572,,1.5819768055654464,6.7988243147549445,,,0.4742796735526954,,,,,,0.2083987043873462,0.4490855862005876,0.6906163608720561,,,0.1181232513426583,,1.1166511641313006,1.55479910182556,-0.25130239973653606,-1.238195763926371,1.9575933942746824,0.01834597602858237,-0.5777592859729849,-0.09314122521452356,-0.5858192859294471
Jenkins_Reef,2012,Heatwave_Only,4.48,0.0,2010,2012,0,28.75005314350552,17.947807077982432,10.80224606552309,10.80224606552309,0.3757296034064291,0.3757296034064291,2,62.334700881834806,1.0762946784042802,24.07892553186456,56.61320912061658,2.93,21.9496391480945,0,1,0,0,1,3.96,21.9496391480945,0,1,0,0,1,6.919999999999999,21.9496391480945,0,1,0,0,1,20.49,21.9496391480945,1,1,0,1,1,jenkins reef,South,-21.955277777777777,0.6242703965935709,28.334100268621498,9.183175391015578,0.3241032996973422,8.219551207197002,0.2900939549613903,2.110920344933259,0.07450105438043468,2.726965742761166,0.09624324460308115,4.525462171974278,0.15971787101304166,0.9526181933833024,,,,,,,,,,,,,True,False,False,0.31941420578173807,0.2858969048220265,0.0734231806249758,0.09485080702806188,0.157407088932514,,12.596382727310088,0.0,,0.0985067872166591,0.0,1.4443811673192364,,47.50683082594327,0.1033817876821068,,0.0,,,0.0,0.896206500194485,0.0281449835946278,0.0282667095941896,9.183175391015578,,,,,0.1460159705568095,,,4.525462171974278,2.726965742761166,1.4220094401834051,,2.110920344933259,8.219551207197002,,,0.7390107433064678,,,,,,0.0582547421876948,0.3917430919652369,0.1489083527686107,,,0.2282051510153134,,0.3438529495810219,4.027256894430072,0.26806543322881604,-0.07351712304585938,-0.8058707579658089,-0.8572574253355764,1.3420104933676291,-0.7018442530687745,-0.2814097262663383
Jenkins_Reef,2020,Heatwave_Only,6.41,0.0,2018,2020,0,2.5652794565274464,2.435292710138349,0.1299867463890973,0.1299867463890973,0.0506715734452795,0.0506715734452795,8,94.60743186835684,0.4889975016211454,7.893150021674079,61.48155811663352,2.5700000000000003,0.0,0,0,0,0,0,3.23,0.0,0,0,0,0,0,3.75,0.0,0,0,0,0,0,8.23,0.0,1,0,0,1,0,jenkins reef,South,-21.955277777777777,0.9493284265547204,2.439071619216344,0.6082120794598282,0.24936212396060856,1.3853979352295644,0.5680021547192955,0.0852613817908158,0.03495648964100925,0.0511173606768045,0.02095771205489576,0.050692812686684,0.020783650749448362,0.4138723602413908,2.3122862569540072,0.0257095299125277,0.011118662248330389,1.4198810567994264,0.6140593763117578,0.1505829574936559,0.06512297387089953,0.0499721062088213,0.02161155698544433,0.1408267783039089,0.060903695587163645,2.517406239982865,True,True,True,0.23709388772915582,0.5400573148880015,0.033236683657940316,0.019926624581479622,0.019761126826823606,,5.1658354650046245,0.205877961088725,,0.0,0.0,0.5812360362121861,,88.4185892213827,0.1004889241922861,,0.0552102471802202,,,0.0,0.3303977933601358,0.0,0.0282643197010348,0.6082120794598282,,,,,0.1451547540052475,,,0.050692812686684,0.0511173606768045,0.1132352953673995,,0.0852613817908158,1.3853979352295644,,,0.2583705657545809,,,,,,0.0559523474776513,0.0272843820765836,0.0292932827921678,,,0.0815993273951913,,0.3410543465447386,1.2837111536435262,-1.6936202510492593,0.5058204483199619,-0.8058707579658089,-0.8572574253355764,-0.5777592859729849,0.5155618026397275,0.5303490995019515
Jenkins_Reef,2024,Heatwave_Only,9.33,0.0,2022,2026,2,9.516700018015184,29.51679798201327,-20.000097963998087,0.0,-2.1015791110508637,-1.0,4,,,,,0.35,0.0,0,0,0,0,0,6.76,38.377224,1,1,1,1,1,9.33,38.377224,1,1,1,1,1,9.7,38.377224,1,1,1,1,1,jenkins reef,South,-21.955277777777777,3.1015791110508633,,,,,,,,,,,,,,,,,,,,,,,,,False,False,False,,,,,,,,,,,,,,,,,,,,,,,,,,,,,,,,,,,,,,,,,,,,,,,,,,,,,,,-1.172840412969226,1.3823311780547796,-0.8058707579658089,0.01834597602858237,1.3420104933676291,-0.2960422344992739,0.9362285123860965
John_Brewer_Reef,1988,Storm_Only,0.0,18.779630938754828,1987,1989,1,5.650646745670086,6.712980643161737,-1.0623338974916514,0.0,-0.1880021783888162,-0.1880021783888162,10,,,,,0.0,0.0,0,0,0,0,0,0.0,0.0,0,0,0,0,0,0.0,0.0,0,0,0,0,0,0.0,0.0,0,0,0,0,0,john brewer reef,Central,-18.6275,1.1880021783888162,,,,,,,,,,,,,,,,,,,,,,,,,False,False,False,,,,,,,,,,,,,,,,,,,,,,,,,,,,,,,,,,,,,,,,,,,,,,,,,,,,,,,-1.4624736727284033,-1.4183007083924293,0.4198917220146735,-0.8572574253355764,-0.5777592859729849,0.9213638212092281,-2.716686203571208
John_Brewer_Reef,2000,Storm_Only,0.0,26.442216,1999,2003,3,28.33420095434713,1.716715506013504,26.617485448333625,26.617485448333625,0.939411896288181,0.939411896288181,10,57.157733794889,5.866210684673883,,32.93703790359144,3.47,0.0,0,0,0,0,0,6.59,0.0,0,0,0,0,0,7.680000000000001,0.0,0,0,0,0,0,7.68,0.0,0,0,0,0,0,john brewer reef,Central,-18.6275,0.060588103711818976,27.689539363081348,18.818697364446223,0.679632012569242,1.1255483594937834,0.040648865433799336,2.192120617605261,0.07916782539647554,0.5445888755254622,0.0196676755212319,1.4179139216685666,0.05120756626089204,4.944960262643906,1.4278441911038795,0.1152765622785417,0.08073469290050501,0.2410412736229701,0.16881482946442417,0.666345143796627,0.4666791712627058,0.0566698306130766,0.03968908580232738,0.0642548159102884,0.0450012797689168,11.318009451081261,True,True,True,0.6641689806170092,0.039724019791745634,0.07736659386079982,0.019220195282828666,0.05004248836779092,,11.172421421755033,4.5462399394018,,0.0,0.0,0.0,,37.61825391975138,3.66529022530749,,2.7067303995896457,0.0,,0.0,0.0,0.0,2.23822986305426,18.818697364446223,,,,,,,,1.4179139216685666,0.5445888755254622,1.1112985130584654,,2.192120617605261,1.1255483594937834,,2.479371711283588,,,,,,,0.4153314906842636,0.3461940116303929,0.5042644249852322,,0.1845439255420707,1.186656359974454,,0.1860856939228233,0.1543071563897917,0.23691101898793954,-1.4183007083924293,0.9200351645756402,-0.8572574253355764,-0.5777592859729849,0.9213638212092281,-1.4990479649187731
John_Brewer_Reef,2017,Heatwave_Only,5.7,0.0,2016,2020,3,42.46505071665256,9.109232100777296,33.355818615875265,33.355818615875265,0.7854887266811826,0.7854887266811826,10,68.30366288650171,1.6005691643051971,20.19475685602922,46.54256080233331,4.09,0.0,0,0,0,0,0,6.3,0.0,0,0,0,0,0,8.719999999999999,0.0,0,0,0,0,0,9.2,0.0,0,0,0,0,0,john brewer reef,Central,-18.6275,0.2145112733188173,,,,,,,,,,,,,8.742631865119233,4.465604359590968,0.5107849019020848,0.7924864125155032,0.0906462063989349,2.3687671751746646,0.2709444034382156,0.0610114799607491,0.006978617068867856,0.5017533680139703,0.05739156992482233,2.0722063152916212,False,True,False,,,,,,,,,,,,,,,,,,,,,,,,,,,,,,,,,,,,,,,,,,,,,,,,,,,,,,,1.2955524270358678,0.29269626403512605,-0.8058707579658089,-0.8572574253355764,-0.5777592859729849,0.9213638212092281,0.22593953983884282
John_Brewer_Reef,2020,Concurrent,4.21,37.27278029703682,2019,2020,0,11.091062785755089,9.109232100777296,1.981830684977792,1.981830684977792,0.1786871757252312,0.1786871757252312,3,80.88569912671808,3.14117242809592,5.998375251776402,37.28838984885417,5.7,0.0,1,0,0,1,0,9.79,0.0,1,0,0,1,0,11.53,0.0,1,0,0,1,0,12.0,0.0,1,0,0,1,0,john brewer reef,Central,-18.6275,0.8213128242747687,10.640955495086699,5.724972888413039,0.5380130469539564,0.6644607271090807,0.062443708877072686,2.654931955429711,0.2495012742657918,0.2368680556537277,0.022260036306241293,0.7937449911244451,0.07459339450211448,2.5897317393867363,8.742631865119233,4.465604359590968,0.5107849019020848,0.7924864125155032,0.0906462063989349,2.3687671751746646,0.2709444034382156,0.0610114799607491,0.006978617068867856,0.5017533680139703,0.05739156992482233,2.0722063152916212,True,True,True,0.5161789270335718,0.059909563217195656,0.23937579352986785,0.02135665988276177,0.07156617958595446,,5.714814593565729,3.489648588667987,,0.0,0.1316805145305574,0.914251613256302,,70.59158679863432,0.0607482320957955,,1.9720503927722584,0.0,,0.0749390067186665,0.5064614849207253,0.0,0.0362808549750863,5.724972888413039,,,,,,,,0.7937449911244451,0.2368680556537277,0.4449994897846253,,2.654931955429711,0.6644607271090807,,0.1209773875720691,,,,,,,0.4956871183052121,0.3979981574362752,0.2146923680119004,,0.5538563457911718,1.201098215067529,,0.3081129735695017,0.1821149640878256,-1.0548938177358416,-0.15456434805558583,1.626955305638016,0.01834597602858237,-0.5777592859729849,-0.4989432437840242,0.5303490995019515
John_Brewer_Reef,2022,Heatwave_Only,5.07,0.0,2021,2022,0,12.378213419849086,9.487783290287096,2.89043012956199,2.89043012956199,0.2335094760062094,0.2335094760062094,2,79.58290054989547,5.508582188643333,11.287575855609626,34.370181863508975,4.21,0.0,1,0,0,1,0,9.91,0.0,2,0,0,1,0,14.0,0.0,2,0,0,1,0,14.0,0.0,2,0,0,1,0,john brewer reef,Central,-18.6275,0.7664905239937906,11.930779362853311,5.677585114375567,0.47587713607820353,0.8668200341042823,0.07265409976511188,3.064461864712052,0.25685345202621945,0.3190259065597788,0.026739737351364614,0.8084493764675522,0.0677616567937442,4.590799829301675,9.128413236234142,2.778900305775512,0.30442314933169334,0.8260339858846111,0.09049042418519883,3.2887251259895645,0.3602734715093051,0.2190600327010895,0.023997602544060668,0.9435436610791458,0.10336338163722282,5.280901208213062,True,True,True,0.4586756522771917,0.0700278792022032,0.24756899568382248,0.0257731787083429,0.06531228288334107,,9.265647077009872,5.263758288237273,,0.1283949207626921,1.388844678586787,1.668872589183918,,61.872137161556125,0.0,,2.926988349208232,0.0698120558535797,,0.7147730075221861,0.8792264167176775,0.0,0.0,5.677585114375567,,,,,,,,0.8084493764675522,0.3190259065597788,1.1366605354671253,,3.064461864712052,0.8668200341042823,,0.057776531166953,,,,,,,0.1747933096357926,0.1979200329700259,0.0825475258430226,,0.1769823024312203,1.3482230810220268,,0.0208222969852029,0.4456006485115307,-0.9584643048213443,0.10358607234576472,-0.8058707579658089,0.8939493773927413,-0.5777592859729849,-0.7018442530687745,0.733288805944024
John_Brewer_Reef,2024,Concurrent,5.79,23.818572,2023,2024,0,10.476615274087733,12.834414016637997,-2.357798742550264,0.0,-0.2250534815745224,-0.2250534815745224,2,83.18885964780193,4.452779667826935,8.288797096767832,86.56452689180668,6.5200000000000005,0.0,1,0,0,1,0,10.73,0.0,2,0,0,1,0,16.43,0.0,3,0,0,1,0,18.35,0.0,3,0,0,1,0,john brewer reef,Central,-18.6275,1.2250534815745224,10.080454482752947,2.3418161487110427,0.23231255621636404,1.0785254199881886,0.10699174544495796,3.202627154302048,0.31770662322631893,0.5939834054089682,0.058924268387426204,1.211797400751501,0.12021257601279921,3.6668804912057844,12.388490252008536,2.142169676786986,0.17291612078717,1.2691291971552818,0.10244421808779475,4.217055110692258,0.34040105169462037,0.6728034817022369,0.05430875498272728,1.3521722648124097,0.10914746166048628,8.080115477863508,True,True,True,0.2235279322037489,0.10294597938093158,0.30569292376548796,0.05669611700623322,0.11566687990812187,,7.679991280610022,4.232848220146883,,0.0276168333464004,0.7297582429194461,1.5994927847052511,,68.87437948635723,0.0,,2.3606260786730413,0.0189682106257555,,0.3952663434805566,0.8920198584264312,0.0,0.0,2.3418161487110427,,,,,,,,1.211797400751501,0.5939834054089682,1.4214592071929015,,3.202627154302048,1.0785254199881886,,0.2302457463982961,,,,,,,0.334738969655151,0.6339962092026098,0.3102281520909183,,0.529642893402873,1.3276626862738328,,0.0,0.1454625498582862,-1.1009264052917758,0.3197120057050348,0.7487876897709439,0.8939493773927413,-0.5777592859729849,-0.7018442530687745,0.9362285123860965
Kelso_Reef,2006,Storm_Only,0.8200000000000001,19.06081035281096,2003,2007,1,10.29933866900547,5.389843570512482,4.909495098492989,4.909495098492989,0.4766806157435603,0.4766806157435603,10,,,,,3.37,0.0,0,0,0,0,0,7.55,0.0,0,0,0,0,0,8.05,0.0,0,0,0,0,0,11.72,0.0,0,0,0,0,0,kelso reef,Central,-18.435819444444444,0.5233193842564396,,,,,,,,,,,,,,,,,,,,,,,,,False,False,False,,,,,,,,,,,,,,,,,,,,,,,,,,,,,,,,,,,,,,,,,,,,,,,,,,,,,,,-1.1142074434441214,-1.172157284288816,0.4382445414612817,-0.8572574253355764,-0.5777592859729849,0.9213638212092281,-0.8902288455925558
Kelso_Reef,2011,Storm_Only,1.27,24.86900479664721,2010,2012,1,9.015775871949565,7.088470626386338,1.9273052455632265,1.9273052455632265,0.2137703147168483,0.2137703147168483,10,71.46242096768667,2.600064419207618,16.374662638400387,40.80692629866586,2.68,0.0,0,0,0,0,0,4.77,0.0,0,0,0,0,0,7.99,0.0,0,0,0,0,0,8.14,0.0,0,0,0,0,0,kelso reef,Central,-18.435819444444444,0.7862296852831516,8.766314738689829,3.0918628533344457,0.35269813433558517,0.9571251638155892,0.1091821583351725,0.9766320221683152,0.11140736458593979,1.360403104290564,0.1551852910649525,0.9376037434654294,0.10695529095337492,2.523043235268991,6.845661302210851,1.1549401814367704,0.16871126549363097,1.0970872485497278,0.16026022908778972,0.9653776129591458,0.14102035878511412,1.30249848663426,0.1902662765704768,1.322565082510429,0.19319756326292362,2.80456407404329,True,True,True,0.3429391876248875,0.10616115322847097,0.1083247893513938,0.15089140675325943,0.10399590193702128,,7.834468942266468,1.5571170512318664,,0.0,0.0,0.0944414188140371,,60.86596344505524,0.9604366856951736,,1.5070103408764697,0.0,,0.0,0.0836696770429294,,0.9323632173495916,3.0918628533344457,,,,,,,,0.9376037434654294,1.360403104290564,0.8458726930211682,,0.9766320221683152,0.9571251638155892,0.5968151585943172,,,,,,,,0.4756166965496154,1.511540999641786,1.711814285874981,,1.5505284089847768,1.4770995811051997,,1.6872294557412613,2.611003242840121,-1.210368166235042,-1.0370785759392722,0.8173503316072106,-0.8572574253355764,-0.5777592859729849,0.9213638212092281,-0.38287957948737456
Kelso_Reef,2017,Heatwave_Only,7.640000000000001,0.0,2016,2018,1,15.715763396486294,13.375795641096666,2.339967755389628,2.339967755389628,0.1488930379234898,0.1488930379234898,10,66.93232557031378,1.1933175174603774,24.29831280758326,36.71447374197382,7.6,0.0,0,0,0,0,0,10.63,0.0,0,0,0,0,0,13.25,0.0,0,0,0,0,0,14.09,0.0,0,0,0,0,0,kelso reef,Central,-18.435819444444444,0.8511069620765102,15.4533527128627,4.913428627012754,0.31795227341980165,1.4835231981451376,0.0960000865644073,2.71239183687247,0.17552125336625451,1.9533643440515696,0.12640391896482592,2.280606694095288,0.14758005828709328,1.1198864831008977,13.113424229877495,4.7199708163355645,0.3599342729705663,1.726414170456625,0.13165243037918198,1.8248568391465163,0.1391594450966347,1.125342756251809,0.0858160871275589,2.158857198013342,0.16462955519235192,1.9745510230545216,True,True,True,0.3126433316062325,0.0943971451286179,0.17259052382265455,0.12429331587470321,0.1451158710244507,,10.96369630522456,0.2307140842408429,,0.0,0.1267971999006117,0.6247853771310207,,54.62967456893497,0.2408715726653536,,0.2173484515482772,0.0,,0.1133233146983242,0.5774021644733639,,0.2118125523809324,4.913428627012754,,,,,,,,2.280606694095288,1.9533643440515696,1.0348783620229307,,2.71239183687247,1.4835231981451376,1.075159650662548,,,,,,,,0.386561076072969,2.9224187661929086,0.4834586725003859,,0.5686919186879771,1.1485825612690483,,2.6730569569797367,1.4140676703490778,-0.7084249465286343,0.8750355844753818,-0.8058707579658089,-0.8572574253355764,-0.5777592859729849,0.9213638212092281,0.22593953983884282
Kelso_Reef,2020,Concurrent,5.4,27.573317814333805,2018,2020,0,13.375795641096666,19.15171396984454,-5.775918328747874,0.0,-0.4318186733506578,-0.4318186733506578,3,71.78103012342251,2.053648859766917,25.701698485627567,34.24239017064741,7.950000000000001,0.0,1,0,0,1,0,14.53,0.0,1,0,0,1,0,17.639999999999997,0.0,1,0,0,1,0,18.58,0.0,1,0,0,1,0,kelso reef,Central,-18.435819444444444,1.431818673350658,13.113424229877495,4.7199708163355645,0.3599342729705663,1.726414170456625,0.13165243037918198,1.8248568391465163,0.1391594450966347,1.125342756251809,0.0858160871275589,2.158857198013342,0.16462955519235192,1.9745510230545216,18.87764052463565,7.227822642669748,0.3828774381648657,1.9313219397589163,0.1023073798464648,2.368699650917947,0.12547646766696044,2.358654212760499,0.12494433346595483,2.3645013100651746,0.1252540701248898,2.216864662667029,True,True,True,0.35287402282325686,0.12907001697545958,0.13642977869217046,0.08413277134664293,0.16140028271517012,,7.420288140080741,0.690177651066976,,0.0,0.2385871724031951,1.0876927823558349,,62.12613159387245,0.0951318450160773,,0.6697144972098079,0.0,,0.2190900955138723,0.9996937178364136,,0.0860527124944278,4.7199708163355645,,,,,,,,2.158857198013342,1.125342756251809,0.9386722131091024,,1.8248568391465163,1.726414170456625,0.6193102365645363,,,,,,,,0.7667980984179582,2.2077727374139293,0.2647407481214438,,0.6055110592279883,0.9546842360718768,,1.10384025653738,0.6610955055258638,-0.8837283996840428,0.20264379180209688,0.9938631417904128,0.01834597602858237,-0.5777592859729849,-0.4989432437840242,0.5303490995019515
Kelso_Reef,2021,Heatwave_Only,5.21,0.0,2020,2024,3,19.15171396984454,16.968826368802517,2.1828876010420224,2.1828876010420224,0.1139787073093877,0.1139787073093877,1,64.54492314767815,2.311447867227106,15.954002907968436,39.2047049283431,5.71,0.0,1,0,0,1,0,16.87,0.0,2,0,0,1,0,20.950000000000003,0.0,2,0,0,1,0,23.04,0.0,2,0,0,1,0,kelso reef,Central,-18.435819444444444,0.8860212926906122,18.87764052463565,7.227822642669748,0.3828774381648657,1.9313219397589163,0.1023073798464648,2.368699650917947,0.12547646766696044,2.358654212760499,0.12494433346595483,2.3645013100651746,0.1252540701248898,2.216864662667029,16.717875676852692,3.919833736568215,0.23446960680510115,2.3691057534342,0.14171093261056047,2.4848904478979925,0.14863673447090725,1.4952840812069803,0.08944222998842653,3.47605074369005,0.20792418910633095,3.2044195841533623,True,True,True,0.3773982137604167,0.10084329490299888,0.12368081805354858,0.12315629903800432,0.12346160316451134,,9.782472260152344,0.8058836520319393,,0.3117728860916575,0.5210687487274845,0.7283328552555823,,52.30317885120285,0.0,,0.7581293829915705,0.2830743510057336,,0.4940580717274085,0.6816028569423163,,0.0,7.227822642669748,,,,,,,,2.3645013100651746,2.358654212760499,1.2144442060259946,,2.368699650917947,1.9313219397589163,1.4121965624373698,,,,,,,,1.0231632593401914,1.967538414664444,1.0852846718287874,,0.9879078141995102,1.865152124715672,,0.4179711695901696,1.035601613174031,-0.4510137069961,0.14561055938784492,-0.8058707579658089,0.8939493773927413,-0.5777592859729849,-0.9047452623535249,0.6318189527229878
Kelso_Reef,2022,Heatwave_Only,5.24,0.0,2021,2024,2,22.89053264393153,16.968826368802517,5.921706275129012,5.921706275129012,0.258696744511924,0.258696744511924,1,64.54492314767815,2.311447867227106,15.954002907968436,39.2047049283431,10.77,0.0,2,0,0,2,0,18.56,0.0,3,0,0,2,0,25.14,0.0,3,0,0,2,0,26.16,0.0,3,0,0,2,0,kelso reef,Central,-18.435819444444444,0.741303255488076,,,,,,,,,,,,,16.717875676852692,3.919833736568215,0.23446960680510115,2.3691057534342,0.14171093261056047,2.4848904478979925,0.14863673447090725,1.4952840812069803,0.08944222998842653,3.47605074369005,0.20792418910633095,3.2044195841533623,False,True,False,,,,,,,,,,,,,,,,,,,,,,,,,,,,,,,,,,,,,,,,,,,,,,,,,,,,,,,-0.1709124864644351,0.15461580661114793,-0.8058707579658089,1.7695527787569,-0.5777592859729849,-0.9047452623535249,0.733288805944024
Kelso_Reef,2024,Concurrent,6.72,20.598173142982528,2023,2024,0,19.679519160974653,16.968826368802517,2.710692792172136,2.710692792172136,0.1377418203157909,0.1377418203157909,2,65.94795243636605,3.555928376272699,20.545075991438264,54.519484799505314,12.09,0.0,2,0,0,2,0,17.65,0.0,3,0,0,3,0,25.440000000000005,0.0,4,0,0,3,0,28.96,0.0,4,0,0,3,0,kelso reef,Central,-18.435819444444444,0.862258179684209,19.40780180952779,6.65519571693616,0.3429134212236727,2.0965047210843366,0.10802381133421861,2.377742656597773,0.12251478451467275,2.072671325320689,0.10679577963863798,3.829040485471357,0.19729387815530877,3.438260593581742,16.717875676852692,3.919833736568215,0.23446960680510115,2.3691057534342,0.14171093261056047,2.4848904478979925,0.14863673447090725,1.4952840812069803,0.08944222998842653,3.47605074369005,0.20792418910633095,3.2044195841533623,True,True,True,0.3381787767525186,0.10653231432817714,0.12082320899958474,0.10532123820539717,0.1945698192191866,,7.112301675525318,0.838897772047329,,0.1631890387651091,1.1126661042226655,1.533530739581403,,55.015737094763054,0.0,,0.7927514000253945,0.1488623172972595,,1.062311716220727,1.4343351600383611,,0.0,6.65519571693616,,,,,,,,3.829040485471357,2.072671325320689,1.4668547347444043,,2.377742656597773,2.0965047210843366,0.90979216937307,,,,,,,,0.795327208105283,0.7692467532474694,0.4184233377527465,,1.3262018521176946,2.864292224663434,,0.0190523879795492,1.0026291581558868,-0.41147210545678614,0.5988746696274253,0.538589518018918,1.7695527787569,-0.5777592859729849,-0.7018442530687745,0.9362285123860965
Kelso_Reef,2025,Heatwave_Only,6.66,0.0,2024,2025,0,16.968826368802517,18.406850903792133,-1.4380245349896157,0.0,-0.0847450792255997,-0.0847450792255997,1,66.83885953048892,3.300411184001625,26.3237588073251,50.56563684127831,13.6,0.0,2,0,0,1,0,24.21,0.0,4,0,0,3,0,24.52,0.0,4,0,0,3,0,32.16,0.0,5,0,0,3,0,kelso reef,Central,-18.435819444444444,1.0847450792255997,16.717875676852692,3.919833736568215,0.23446960680510115,2.3691057534342,0.14171093261056047,2.4848904478979925,0.14863673447090725,1.4952840812069803,0.08944222998842653,3.47605074369005,0.20792418910633095,3.2044195841533623,18.081504275735416,3.919195301073604,0.2167516176368684,2.2619696671601948,0.12509853343317562,2.1447761291103915,0.11861712921687532,2.32602273313048,0.1286409967699369,3.753320821019973,0.20757790744527624,3.0120102863965785,True,True,True,0.23100205349351075,0.13961518032795964,0.14643855702752118,0.08811947560239558,0.204849213972796,,10.947611273339811,0.5537678573078028,,0.0589649881171751,0.7292613402702456,2.0832943411999447,,52.43024827858934,0.0,,0.5172864215846481,0.0514440310984862,,0.6897031826371985,1.9459859488330296,,0.0,3.919833736568215,,,,,,,,3.47605074369005,1.4952840812069803,1.7871792452295403,,2.4848904478979925,2.3691057534342,1.1855316688257127,,,,,,,,0.7927559035430415,1.1338358916221611,0.7614438434491297,,1.7600400142327923,2.233039342744177,,0.0509705721856334,0.8193957661090459,-0.6145491802655059,0.5808641751808196,-0.8058707579658089,2.6451561801210586,-0.5777592859729849,-0.9047452623535249,1.0376983656071328
Knife_Reef,1988,Storm_Only,0.47,22.481028,1987,1989,1,16.896367728581595,15.922379660932355,0.9739880676492394,0.9739880676492394,0.0576448194839923,0.0576448194839923,10,,,,,0.0,0.0,0,0,0,0,0,0.0,0.0,0,0,0,0,0,0.0,0.0,0,0,0,0,0,0.0,0.0,0,0,0,0,0,knife reef,Central,-18.58,0.9423551805160076,,,,,,,,,,,,,,,,,,,,,,,,,False,False,False,,,,,,,,,,,,,,,,,,,,,,,,,,,,,,,,,,,,,,,,,,,,,,,,,,,,,,,-0.6199775669654577,-1.277218501894017,0.6614850555567849,-0.8572574253355764,-0.5777592859729849,0.9213638212092281,-2.716686203571208
Knife_Reef,1989,Storm_Only,0.34,32.78825652142947,1988,1989,0,18.76756175422157,15.922379660932355,2.845182093289216,2.845182093289216,0.151601051353899,0.151601051353899,1,,,,,0.47,22.481028,0,1,0,0,1,0.47,22.481028,0,1,0,0,1,0.47,22.481028,0,1,0,0,1,0.47,22.481028,0,1,0,0,1,knife reef,Central,-18.58,0.848398948646101,,,,,,,,,,,,,,,,,,,,,,,,,False,False,False,,,,,,,,,,,,,,,,,,,,,,,,,,,,,,,,,,,,,,,,,,,,,,,,,,,,,,,-0.47979325311629606,-1.3162412398616627,1.3342466255448397,-0.8572574253355764,1.3420104933676291,-0.9047452623535249,-2.6152163503501717
Knife_Reef,2016,Heatwave_Only,4.94,0.0,2014,2016,0,13.251938731067517,22.6901496810667,-9.438210949999185,0.0,-0.7122135969337434,-0.7122135969337434,16,82.48758810962458,2.761748332343936,30.03275548665052,70.48782000593516,3.72,0.0,0,0,0,0,0,7.279999999999999,0.0,0,0,0,0,0,9.66,0.0,0,0,0,0,0,9.66,0.0,0,0,0,0,0,knife reef,Central,-18.58,1.7122135969337433,13.01183398196271,1.6189210213850471,0.12441912674487171,2.2709164913699684,0.17452701091313974,1.854355807323943,0.14251302390535353,1.2006111275818223,0.09227070751487729,3.7450400949016207,0.2878180047557537,2.6068562334230543,22.392726378713277,4.917455417235463,0.21960056734806707,3.226983420597437,0.1441085540912533,4.65133921621088,0.2077165208713703,1.5978783626647473,0.07135702618970527,5.844095002269678,0.26098184309638717,0.867213770000827,True,True,True,0.1221648435175518,0.17136484988766876,0.13993090708883502,0.09059890420162744,0.282603185156738,,25.469966094703228,0.8773388064462682,,0.0,0.2731784050736562,1.290383159729225,,51.741575738348686,0.1746281774568944,,0.8465594493309987,0.0,,0.3151106115286433,1.2434782507891209,,0.2017079217742916,1.6189210213850471,,,,,,0.1149404465375543,,3.7450400949016207,1.2006111275818223,2.207048992862754,,1.854355807323943,2.2709164913699684,,,,,,,,0.0,0.0,0.5124858620193389,0.2160107071274321,,,1.7311993480123375,,1.218757096590775,0.3874015113570261,-0.8930073925142894,0.06456333437811876,-0.8058707579658089,-0.8572574253355764,-0.5777592859729849,2.13876987691773,0.12446968661780661
Knife_Reef,2017,Heatwave_Only,6.15,0.0,2016,2018,1,22.6901496810667,30.21029731567192,-7.52014763460522,0.0,-0.3314278548316604,-0.3314278548316604,1,72.11865184016635,0.9254868161281192,34.178347684230566,63.05929818447651,7.430000000000001,0.0,1,0,0,1,0,9.96,0.0,1,0,0,1,0,13.170000000000002,0.0,1,0,0,1,0,14.6,0.0,1,0,0,1,0,knife reef,Central,-18.58,1.3314278548316605,22.392726378713277,4.917455417235463,0.21960056734806707,3.226983420597437,0.1441085540912533,4.65133921621088,0.2077165208713703,1.5978783626647473,0.07135702618970527,5.844095002269678,0.26098184309638717,0.867213770000827,29.880254140114488,13.2385236171139,0.44305257763323613,4.023244641601747,0.13464559647772567,6.02193865348513,0.2015357240687129,0.9781201265664206,0.03273466557479129,4.195885775048867,0.14042336304683084,1.5364878955351946,True,True,True,0.2167220351718846,0.14221957395416052,0.2049937652060572,0.07042167571058652,0.2575608836616074,,24.397873469064702,0.1018123435836603,,0.0,0.0,0.7246783551671514,,44.260818340628425,0.0,,0.1432326084043395,0.0,,0.0,0.7239811615964875,,0.0,4.917455417235463,,,,,,0.5573245299048801,,5.844095002269678,1.5978783626647473,1.59765042983019,,4.65133921621088,3.226983420597437,,,,,,,,0.0824297790846189,0.3152598106062081,0.3755290981793417,0.1479411949723196,,,1.3856228905155528,,3.206272591053379,0.1216309467149611,-0.18592458449989174,0.42777497238466994,-0.8058707579658089,0.01834597602858237,-0.5777592859729849,-0.9047452623535249,0.22593953983884282
Knife_Reef,2020,Concurrent,6.3500000000000005,34.350012976784974,2018,2020,0,30.21029731567192,38.39037825073012,-8.180080935058204,0.0,-0.2707712820427854,-0.2707712820427854,3,64.66710344542221,1.6333335043722923,24.2623197732044,64.24546044528445,6.3100000000000005,0.0,1,0,0,1,0,13.740000000000002,0.0,2,0,0,2,0,14.97,0.0,2,0,0,2,0,16.27,0.0,2,0,0,2,0,knife reef,Central,-18.58,1.2707712820427854,29.880254140114488,13.2385236171139,0.44305257763323613,4.023244641601747,0.13464559647772567,6.02193865348513,0.2015357240687129,0.9781201265664206,0.03273466557479129,4.195885775048867,0.14042336304683084,1.5364878955351946,38.01783326609355,21.2333836151238,0.5585111457170004,3.014397045554626,0.0792890279794834,6.5445358890627485,0.17214384216102963,1.6934348235883272,0.044543170352073384,3.5421254822427195,0.09317010407854535,1.0895633536196512,True,True,True,0.43821229161641756,0.13317461260186422,0.19933397511984047,0.032377044037200195,0.13888925789790907,,17.916121649024575,0.4888098396116596,,0.0,0.103281812399672,0.9042951154032802,,42.7903147830776,0.0,,0.517054252650203,0.0,,0.1414348365238549,0.8779988063611367,,0.0,13.2385236171139,,,,,,0.3728567029398529,,4.195885775048867,0.9781201265664206,1.0496846233585704,,6.02193865348513,4.023244641601747,,,,,,,,0.1160535855628199,0.6087813785129718,0.9448842013971468,0.1524190372405845,,,1.7763602503086555,,0.7531380106667129,0.482838669182136,0.3774626013056925,0.48780995387335613,1.436183797371339,0.8939493773927413,-0.5777592859729849,-0.4989432437840242,0.5303490995019515
Knife_Reef,2022,Heatwave_Only,5.24,0.0,2020,2025,3,38.39037825073012,39.013416689578776,-0.6230384388486527,0.0,-0.0162290257933784,-0.0162290257933784,2,55.364692058640365,1.1776471981645409,16.421408978720716,64.23097812180579,6.3500000000000005,35.07150498087003,1,1,1,1,1,12.66,35.07150498087003,2,1,1,1,1,20.090000000000003,35.07150498087003,3,1,1,2,1,20.09,35.07150498087003,3,1,1,2,1,knife reef,Central,-18.58,1.0162290257933784,38.01783326609355,21.2333836151238,0.5585111457170004,3.014397045554626,0.0792890279794834,6.5445358890627485,0.17214384216102963,1.6934348235883272,0.044543170352073384,3.5421254822427195,0.09317010407854535,1.0895633536196512,38.584505588056146,17.820069205529574,0.46184521309625864,3.7280484541481616,0.09662035050935526,7.596981185313418,0.1968920184288967,2.3242553198746947,0.0602380485236584,4.48829006819444,0.11632363820112789,1.88191044075336,True,True,True,0.5530912843954585,0.07851959743317448,0.1704733369991811,0.044110917910951314,0.0922659698508012,,20.90805375026629,0.5982374434824398,,0.0,0.1051700849568377,0.3162318486456928,,30.97105519673714,0.0,,0.619911210423279,0.0,,0.1063778119321269,0.3632743312642452,,0.0,21.2333836151238,,,,,,0.5358048788551371,,3.5421254822427195,1.6934348235883272,1.4541515316661895,,6.5445358890627485,3.014397045554626,,,,,,,,0.4905527917500258,1.8726528189084688,1.084369228755129,0.1201433386574344,,,1.5105301020017623,,0.1524695411569312,0.2813783005214578,0.9902900352322985,0.15461580661114793,-0.8058707579658089,0.8939493773927413,1.3420104933676291,-0.7018442530687745,0.733288805944024
Knife_Reef,2024,Concurrent,6.54,23.818572,2023,2025,1,44.2425731653497,39.013416689578776,5.229156475770921,5.229156475770921,0.118192864963522,0.118192864963522,2,47.190685158116416,1.9988806308678568,32.37164532103236,71.78686209369062,6.050000000000001,0.0,1,0,0,1,0,12.4,35.07150498087003,2,1,1,1,1,18.71,35.07150498087003,3,1,1,1,1,23.65,35.07150498087003,4,1,1,2,1,knife reef,Central,-18.58,0.8818071350364779,43.85025381643032,25.153333420939127,0.5736188786098745,3.36844851117231,0.07681708127103659,6.653942644035528,0.15174239747598342,2.7028759669790383,0.061638775873317606,3.560395295424722,0.0811944056317109,1.8861014900547939,38.584505588056146,17.820069205529574,0.46184521309625864,3.7280484541481616,0.09662035050935526,7.596981185313418,0.1968920184288967,2.3242553198746947,0.0602380485236584,4.48829006819444,0.11632363820112789,1.88191044075336,True,True,True,0.5685323348380411,0.07613590870004917,0.15039682748938354,0.061092196352989285,0.08047441730204755,,13.786363032315222,0.6234430859034967,,0.0,0.0322507384992709,1.29353272844952,,29.27430897859118,0.0,,0.6310661180750541,0.0,,0.0476601534526404,1.2073752185270994,,0.0,25.153333420939127,,,,,,0.5314345301606473,,3.560395295424722,2.7028759669790383,1.8798234477189464,,6.653942644035528,3.36844851117231,,,,,,,,1.0853404077077409,1.675250864308293,0.8877766642175569,0.3488775203850491,,,3.26977844851564,,0.0202584880003209,0.3469924552545055,1.428719143799441,0.5448431862876079,0.7487876897709439,0.8939493773927413,1.3420104933676291,-0.7018442530687745,0.9362285123860965
Knife_Reef,2025,Heatwave_Only,4.75,0.0,2024,2025,0,39.91017311816793,39.013416689578776,0.8967564285891569,0.8967564285891569,0.0224693695498137,0.0224693695498137,1,53.86953317780544,1.7291026628901056,28.284835854471662,76.42495130090519,12.59,18.51984,2,1,1,1,1,18.94,53.59134498087003,3,2,2,1,1,19.1,53.59134498087003,3,2,2,1,1,25.25,53.59134498087003,4,2,2,1,1,knife reef,Central,-18.58,0.9775306304501863,39.48447738462668,16.04655578766306,0.406401625412188,3.894262819927979,0.09862769062366301,9.112604950164432,0.23078955462412765,1.718477966798694,0.043522874826444714,5.405540311107287,0.1369029215823416,1.6184868797041472,38.584505588056146,17.820069205529574,0.46184521309625864,3.7280484541481616,0.09662035050935526,7.596981185313418,0.1968920184288967,2.3242553198746947,0.0602380485236584,4.48829006819444,0.11632363820112789,1.88191044075336,True,True,True,0.40206680487583096,0.09757569350545439,0.22832787327640497,0.04305864476484587,0.13544266759009807,,14.556831268430544,0.484339708351141,,0.0,0.0325649135735276,1.007508527818972,,35.380145763042265,0.0,,0.5075083052817575,0.0,,0.0482092292884664,1.0627693451339233,,0.0,16.04655578766306,,,,,,1.1076038507239112,,5.405540311107287,1.718477966798694,2.199431698241318,,9.112604950164432,3.894262819927979,,,,,,,,0.2477064830162546,1.4827050905451329,1.0488381170639514,0.6147014296630059,,,2.031280726001374,,0.0,0.3892508221511061,1.1041485650073604,0.007530101963866795,-0.8058707579658089,1.7695527787569,3.2617802727082434,-0.9047452623535249,1.0376983656071328
Low_Isles,1999,Storm_Only,0.0,19.857384,1998,2000,1,29.974164221624267,8.740091408106741,21.23407281351753,21.23407281351753,0.7084125067346707,0.7084125067346707,10,42.59809338142677,6.88050902833397,,26.071951216749383,1.79,0.0,0,0,0,0,0,5.13,0.0,0,0,0,0,0,5.77,0.0,0,0,0,0,0,5.77,0.0,0,0,0,0,0,low isles,Central,-16.384999999999998,0.2915874932653293,29.893131396556882,2.2955570823625635,0.07679212498383384,7.730919388672206,0.2586185865279627,,,2.436866941033605,0.08151929313481977,5.04677044521001,0.16882709202527044,6.828005426787694,8.607266196881376,0.0,0.0,4.388261027609933,0.5098321496318898,,,0.9467076752651976,0.10998935708625034,0.6371537639747759,0.07402510267495065,21.91460153301215,True,True,True,0.07658452343790388,0.25791943126457173,,0.08129891205692319,0.16837068109372394,,0.3430452427516389,0.0808242285701133,,0.0,0.0,0.0862127778739418,,35.83482018719782,5.862685032408843,0.0,0.0349732404490057,0.0,,0.0,0.033550428836316,,6.759481757502373,2.2955570823625635,,,1.3262327510837428,,,,,5.04677044521001,2.436866941033605,8.835341680070325,2.2214431081244315,,7.730919388672206,,,6.039761587023719,,,,,,0.8097075836935346,,0.2322714002793483,0.0,2.0472782315436806,3.5210390933036115,,0.2356597939060082,,0.35977220933534176,-1.4183007083924293,0.49023758075208873,-0.8572574253355764,-0.5777592859729849,0.9213638212092281,-1.6005178181398094
Low_Isles,2014,Storm_Only,0.0,22.26294236357387,2013,2015,1,33.021744935820095,21.46605981216561,11.555685123654484,11.555685123654484,0.349941686791952,0.349941686791952,10,42.68994470447572,0.7430564935000755,9.054532826607826,20.49501291957098,1.62,0.0,0,0,0,0,0,3.75,0.0,0,0,0,0,0,4.5,0.0,0,0,0,0,0,5.1000000000000005,0.0,0,0,0,0,0,low isles,Central,-16.384999999999998,0.650058313208048,32.939152778719716,0.8106266239541897,0.0246098200946411,16.62606173729486,0.5047507399169082,,,1.1037199149441692,0.03350784163632847,4.362884869103656,0.13245285628361061,0.6716773551949163,21.35592608246173,0.0,0.0,12.063835721653248,0.5648940568098573,,,1.5579594637389595,0.07295209103661457,1.284948501791369,0.060168240741693524,0.7298258357027878,True,True,True,0.024548267377441597,0.5034882853588958,,0.033424033681118924,0.13212157254509735,,1.4722158021610274,0.2453702408976506,,0.0,0.0878180091669764,0.4046180791388409,,39.66753332327584,0.5805814986272643,0.0,0.0956667643463665,0.0,,0.0332308113806462,0.1595995570405231,,0.3831802224273806,0.8106266239541897,,,3.038228399933199,,,,,4.362884869103656,1.1037199149441692,4.866451736413543,2.131179497076101,,16.62606173729486,,,11.74497155726731,,,,,,0.3516839909805319,,0.6931975611291146,0.0,2.5822348252259086,1.968303163497368,,2.634059773927833,,0.5880879293865339,-1.4183007083924293,0.6472504206256932,-0.8572574253355764,-0.5777592859729849,0.9213638212092281,-0.07847001982426587
Low_Isles,2017,Heatwave_Only,11.54,0.0,2015,2020,3,21.46605981216561,18.97600826011352,2.4900515520520905,2.4900515520520905,0.1159994695738659,0.1159994695738659,10,57.80010561691808,0.8023150087861702,,32.65488721977492,4.12,0.0,0,0,0,0,0,5.4,0.0,0,0,0,0,0,6.69,0.0,0,0,0,0,0,7.87,0.0,0,0,0,0,0,low isles,Central,-16.384999999999998,0.8840005304261341,21.35592608246173,0.0,0.0,12.063835721653248,0.5648940568098573,,,1.5579594637389595,0.07295209103661457,1.284948501791369,0.060168240741693524,0.7298258357027878,,,,,,,,,,,,,True,False,False,0.0,0.5619958123295746,,0.07257780316329904,0.059859541668804125,,3.3448419898254818,0.1639422923266844,,0.0,0.2626816947333558,0.9517049904167196,,52.770687056604906,0.1603086423084827,0.0,0.0622617481632784,0.0,,0.1267932179790677,0.4773023203930273,,0.0634685491674144,0.0,,,2.046274131622984,,,,,1.284948501791369,1.5579594637389595,2.821545481418145,1.5813627822370218,,12.063835721653248,,,9.101721259300344,,,,,,0.2860728687469577,,0.2950921667745605,0.0,2.046630817849173,3.121174065899045,,0.1965127061941121,,-0.2776297716746532,2.045717723504761,-0.8058707579658089,-0.8572574253355764,-0.5777592859729849,0.9213638212092281,0.22593953983884282
Low_Isles,2020,Heatwave_Only,5.54,0.0,2019,2020,0,23.8397818964681,18.97600826011352,4.86377363635458,4.86377363635458,0.2040192170162074,0.2040192170162074,3,59.92021258395109,2.006547709625464,8.8057548753,20.44876168337347,12.01,0.0,1,0,0,1,0,16.13,0.0,1,0,0,1,0,17.409999999999997,0.0,1,0,0,1,0,17.41,0.0,1,0,0,1,0,low isles,Central,-16.384999999999998,0.7959807829837925,23.732236047655196,0.2918050430971548,0.012295724790163037,14.153314841254227,0.5963751082213178,,,0.0974817751072584,0.004107568073716756,1.876223706638331,0.07905802482626606,1.9165446409138698,,,,,,,,,,,,,True,False,False,0.012240256406892136,0.5936847452178688,,0.004089038042822886,0.07870137884593216,,1.5199184574293745,1.227654430451563,,0.0788011445016825,0.5598720702468502,0.9527376591891512,,55.27132283237095,0.1772440511187773,0.0318710917964529,0.9604516939647512,0.0,,0.3535754647682095,0.4461480255443417,,0.1244983648401146,0.2918050430971548,,,2.195845433444229,,,,,1.876223706638331,0.0974817751072584,4.373978300429651,0.743586947684346,,14.153314841254227,,,6.288301342358424,,,,,,0.4814947082565619,,0.4507688951682749,0.0,1.0262637052059362,1.3973006527158025,,0.7384091305780199,,-0.09979754417876974,0.2446682788441771,-0.8058707579658089,0.01834597602858237,-0.5777592859729849,-0.4989432437840242,0.5303490995019515
Low_Isles,2022,Heatwave_Only,4.33,0.0,2021,2025,3,24.5052537111994,30.851879150871547,-6.346625439672145,0.0,-0.258990399139251,-0.258990399139251,2,56.3709660484611,0.8382651953408263,10.358331301190734,36.694578468970114,6.66,0.0,1,0,0,1,0,18.36,0.0,2,0,0,1,0,22.48,0.0,2,0,0,1,0,22.48,0.0,2,0,0,1,0,low isles,Central,-16.384999999999998,1.258990399139251,24.374552616997164,1.406040476919195,0.05768477062995271,10.944289748232665,0.44900474360300086,,,0.2305872154254965,0.009460161958611728,3.2810190010391924,0.1346083783606035,0.7685492289311441,30.659792809117874,1.9277234506492484,0.0628746404990697,16.142212754102538,0.5264945152956816,,,1.0671590785618923,0.03480646738892936,3.2033596724830247,0.10448079973751101,0.8731744424547323,True,True,True,0.05737710343625644,0.4466099342293649,,0.009409705287813994,0.1338904318113507,,1.214578611674038,0.4834068451230149,,0.0,0.1659933035755953,0.2619373137645804,,53.56104802885064,0.3414199605250728,0.0,0.3505673911215213,0.0,,0.0634009231636126,0.1634972955904492,,0.191083619055561,1.406040476919195,,,3.187652703049744,,,,,3.2810190010391924,0.2305872154254965,4.050598229874941,1.2743652424559293,,10.944289748232665,,,7.66640254723179,,,,,,0.3209153727950937,,0.6173051448895504,0.0,0.7390592797319521,0.7963667619088146,,0.3229622179505992,,-0.04994236697331787,-0.1185433591623741,-0.8058707579658089,0.8939493773927413,-0.5777592859729849,-0.7018442530687745,0.733288805944024
Low_Isles,2024,Heatwave_Only,6.42,0.0,2023,2026,2,34.76479588652773,29.42468727854687,5.340108607980859,5.340108607980859,0.153606787320454,0.153606787320454,2,44.51505662567432,0.9202165575521908,5.068186694314598,48.777024910312846,5.750000000000001,0.0,1,0,0,1,0,11.6,0.0,2,0,0,1,0,23.3,0.0,3,0,0,1,0,25.92,0.0,3,0,0,1,0,low isles,Central,-16.384999999999998,0.846393212679546,34.637798428839844,2.8645743491299496,0.08270082046394932,17.16844116017005,0.495656246612816,,,0.8089049589560072,0.023353244018029254,3.358719642749955,0.09696689152026028,0.8666715178792089,,,,,,,,,,,,,True,False,False,0.08239871042188536,0.4938455907006568,,0.02326793350365906,0.09661266684012222,,3.410956228738387,0.7359545872882799,,0.0,0.4859476464875725,0.5548181702332592,,39.09872312598781,0.0,0.0,0.3555479729512929,0.0,,0.1937244210796189,0.3173991238482971,,0.0,2.8645743491299496,,,3.8720722803877097,,,,,3.358719642749955,0.8089049589560072,5.097801653492209,1.4672843839539638,,17.16844116017005,,,11.176262666584382,,,,,,0.5594233496132827,,0.3565484896668259,0.0,0.7741075993339019,1.0776742354676483,,0.0329201364867396,,0.7186721436266941,0.5088221973943962,-0.8058707579658089,0.8939493773927413,-0.5777592859729849,-0.7018442530687745,0.9362285123860965
Low_Isles,2025,Heatwave_Only,7.11,0.0,2024,2026,1,37.548853464081546,29.42468727854687,8.124166185534676,8.124166185534676,0.2163625633284937,0.2163625633284937,1,47.2128868609902,0.9593398508986158,10.378577682871237,61.74513517485917,11.36,0.0,2,0,0,1,0,17.71,0.0,3,0,0,1,0,18.18,0.0,3,0,0,1,0,29.72,0.0,4,0,0,1,0,low isles,Central,-16.384999999999998,0.7836374366715062,37.46393305664299,2.816611832881777,0.07518195776784156,17.98762683378137,0.48013183257041553,,,0.5896666132148034,0.01573958111454199,4.012182472043735,0.10709453452144439,0.8922865150229027,,,,,,,,,,,,,True,False,False,0.07501192641144394,0.47904596743514316,,0.015703984511241234,0.10685232974907491,,2.571902699090684,0.4245840339684849,,0.1661911951480029,0.0851443339956435,0.8705238966176171,,42.91434073385797,0.0,0.0,0.2523507526077538,0.0934017064385364,,0.0332629209706462,0.5132711350059662,,0.0,2.816611832881777,,,3.0566787296219387,,,,,4.012182472043735,0.5896666132148034,7.390609354311389,1.6105572207879824,,17.98762683378137,,,9.406283507754187,,,,,,0.5200130826632402,,0.6830009866722105,0.0,0.3590978233627993,0.4235148759738095,,0.0309277720577898,,0.9272454908467712,0.7159428835303635,-0.8058707579658089,1.7695527787569,-0.5777592859729849,-0.9047452623535249,1.0376983656071328
Lynchs_Reef,2017,Heatwave_Only,4.41,0.0,2016,2020,3,11.61473159223634,17.365527945074138,-5.750796352837797,0.0,-0.4951295092072393,-0.4951295092072393,3,80.6387840645825,2.1089197572120524,13.57376467622046,61.34620316689803,5.57,18.12193235791478,0,1,0,0,1,7.87,18.12193235791478,0,1,0,0,1,10.09,18.12193235791478,0,1,0,0,1,10.53,18.12193235791478,0,1,0,0,1,lynchs reef,Central,-18.735966666666663,1.4951295092072394,10.969833954206957,4.826779865360471,0.44000482464088625,0.8308748233795179,0.07574178668956748,1.4329708795891634,0.13062831083597357,1.1313346779344713,0.10313143140153018,1.961406717152056,0.17880003702333636,2.036893369957483,16.502315777131592,10.211813152425428,0.6188109166215718,0.9736664754347644,0.05900180850884224,1.444259463661199,0.08751859333964569,0.8671759222146413,0.05254874127523044,1.8466419196428216,0.11190198664128352,1.7652000207938663,True,True,True,0.41557394822510113,0.07153629137111539,0.12337529009684624,0.09740515042901995,0.16887232404605226,,15.579624425260636,1.0403341541282976,,,0.1170297745824593,0.9130036444699322,,62.78257188948013,0.1190018413730072,,0.972050740870773,,,0.1093202466040108,0.8478449237523191,,0.1076774587303799,4.826779865360471,,,,,,,,1.961406717152056,1.1313346779344713,0.5360310036890777,,1.4329708795891634,0.8308748233795179,0.250435987102198,,,,,,,,0.3096932755250133,0.4157940561524714,0.2492721356459506,,0.2463620773660102,0.1159834935041899,,0.2810051727825423,0.2802072427514648,-1.0156621018822831,-0.09452936656689961,-0.8058707579658089,-0.8572574253355764,1.3420104933676291,-0.4989432437840242,0.22593953983884282
Lynchs_Reef,2020,Concurrent,5.62,38.377224,2018,2020,0,18.78811613740709,17.365527945074138,1.4225881923329524,1.4225881923329524,0.0757174472378623,0.0757174472378623,3,72.62903935582459,2.3613143369053207,12.028846947416184,48.69511430337999,4.41,0.0,1,0,0,1,0,9.98,0.0,1,0,0,1,0,10.85,18.12193235791478,1,1,0,1,1,12.28,18.12193235791478,1,1,0,1,1,lynchs reef,Central,-18.735966666666663,0.9242825527621376,17.8785573153698,11.184261608261172,0.6255684623191777,0.9620947863521192,0.05381277523578637,1.8888977746665327,0.10565157698953087,1.0651636326591851,0.05957771725481941,1.742565223023898,0.09746676939787827,2.270570790363853,16.502315777131592,10.211813152425428,0.6188109166215718,0.9736664754347644,0.05900180850884224,1.444259463661199,0.08751859333964569,0.8671759222146413,0.05254874127523044,1.8466419196428216,0.11190198664128352,1.7652000207938663,True,True,True,0.5952838233735066,0.05120762397442237,0.10053683726734806,0.05669347713571171,0.09274826758998232,,11.656985552106914,1.2070535520285448,,,0.1807792205429182,1.0430082758414512,,58.38129236326921,0.020101939613643,,1.1298090637730411,,,0.1691709355438056,0.9536081046459084,,0.0179826864010978,11.184261608261172,,,,,,,,1.742565223023898,1.0651636326591851,0.6895429616849481,,1.8888977746665327,0.9620947863521192,0.3460313287219436,,,,,,,,0.1153108478324422,0.3404924069050208,0.3519419349998255,,0.2444492958949079,0.4509070236870631,,0.6465706698209761,0.4507115666819602,-0.47825337961094466,0.26868227143965157,1.6990432852558273,0.01834597602858237,-0.5777592859729849,-0.4989432437840242,0.5303490995019515
Macgillivray_Reef,1990,Storm_Only,0.54,23.43235980053449,1989,1993,3,31.26641220066925,22.18540582688125,9.081006373788,9.081006373788,0.2904396678296726,0.2904396678296726,10,,,,,1.25,0.0,0,0,0,0,0,1.25,0.0,0,0,0,0,0,1.25,0.0,0,0,0,0,0,1.25,0.0,0,0,0,0,0,macgillivray reef,North-Central,-14.651944444444444,0.7095603321703274,,,,,,,,,,,,,21.98899644445193,1.12926712955136,0.051356010375647985,9.247430170889498,0.4205480770461777,1.056159407691674,0.04803126920138071,,,4.566485525085804,0.20767139312708285,0.6257891186156903,False,True,False,,,,,,,,,,,,,,,,,,,,,,,,,,,,,,,,,,,,,,,,,,,,,,,,,,,,,,,0.45658360023502664,-1.2562062583729767,0.7235792911096788,-0.8572574253355764,-0.5777592859729849,0.9213638212092281,-2.5137464971291354
Macgillivray_Reef,2014,Storm_Only,0.0,41.000868,2013,2015,1,27.38507252554137,11.704742324012075,15.680330201529296,15.680330201529296,0.5725867691934956,0.5725867691934956,10,49.094920752020506,1.2197410100077546,17.523693333799468,28.83864042834099,3.21,0.0,0,0,0,0,0,6.89,0.0,0,0,0,0,0,8.85,0.0,0,0,0,0,0,8.85,0.0,0,0,0,0,0,macgillivray reef,North-Central,-14.651944444444444,0.42741323080650434,27.24411565834436,1.4012284091753,0.05143233227855316,15.682233047281322,0.5756190894189714,1.7927319407027174,0.06580253744274638,,,3.454517285332845,0.12679865731941245,1.1457243855584023,11.569007674074548,0.1170411530459728,0.010116784113494454,6.703922690503869,0.5794725770237803,0.4346202778820913,0.037567636752117405,,,1.1248763918513889,0.0972318822445048,1.0865002936263957,True,True,True,0.05116759898548413,0.5726562539739449,0.06546383760826929,,0.12614599731700193,,3.2900331123327407,0.3872784690464379,,0.0,0.292549867248586,0.6242115689746869,,44.14540142328548,0.0321499402059832,,0.3326993699101868,0.0,,0.2544335262614926,0.5312216179159702,0.0,0.0273698714707526,1.4012284091753,,,,,,,0.9601323159008835,3.454517285332845,,1.7383415895991392,,1.7927319407027174,15.682233047281322,2.214931070352153,,,,,0.864214762444055,,,0.2734736754943453,2.061839610660302,0.399891343398092,,0.4910541575549527,0.3085201988041486,,1.5858086152511892,,0.165805128458302,-1.4183007083924293,1.8702907600605234,-0.8572574253355764,-0.5777592859729849,0.9213638212092281,-0.07847001982426587
Macgillivray_Reef,2015,Storm_Only,1.69,29.117304,2013,2015,0,27.38507252554137,11.704742324012075,15.680330201529296,15.680330201529296,0.5725867691934956,0.5725867691934956,10,49.094920752020506,1.2197410100077546,17.523693333799468,28.83864042834099,1.32,0.0,0,0,0,0,0,5.2,0.0,0,0,0,0,0,7.71,0.0,0,0,0,0,0,8.85,0.0,0,0,0,0,0,macgillivray reef,North-Central,-14.651944444444444,0.42741323080650434,27.24411565834436,1.4012284091753,0.05143233227855316,15.682233047281322,0.5756190894189714,1.7927319407027174,0.06580253744274638,,,3.454517285332845,0.12679865731941245,1.1457243855584023,11.569007674074548,0.1170411530459728,0.010116784113494454,6.703922690503869,0.5794725770237803,0.4346202778820913,0.037567636752117405,,,1.1248763918513889,0.0972318822445048,1.0865002936263957,True,True,True,0.05116759898548413,0.5726562539739449,0.06546383760826929,,0.12614599731700193,,3.2900331123327407,0.3872784690464379,,0.0,0.292549867248586,0.6242115689746869,,44.14540142328548,0.0321499402059832,,0.3326993699101868,0.0,,0.2544335262614926,0.5312216179159702,0.0,0.0273698714707526,1.4012284091753,,,,,,,0.9601323159008835,3.454517285332845,,1.7383415895991392,,1.7927319407027174,15.682233047281322,2.214931070352153,,,,,0.864214762444055,,,0.2734736754943453,2.061839610660302,0.399891343398092,,0.4910541575549527,0.3085201988041486,,1.5858086152511892,,0.165805128458302,-0.9110051148130313,1.0946404330039583,-0.8572574253355764,-0.5777592859729849,0.9213638212092281,0.022999833396770367
Macgillivray_Reef,2016,Heatwave_Only,8.61,0.0,2015,2019,3,11.704742324012075,9.73613274031132,1.968609583700756,1.968609583700756,0.1681890578370262,0.1681890578370262,10,68.55161216909104,1.1550673080493548,5.96975351703047,29.39381180454676,3.01,0.0,0,0,0,0,0,4.9,0.0,0,0,0,0,0,8.58,0.0,0,0,0,0,0,9.4,0.0,0,0,0,0,0,macgillivray reef,North-Central,-14.651944444444444,0.8318109421629738,11.569007674074548,0.1170411530459728,0.010116784113494454,6.703922690503869,0.5794725770237803,0.4346202778820913,0.037567636752117405,,,1.1248763918513889,0.0972318822445048,1.0865002936263957,9.601549169432031,0.4064066969611034,0.042327200516241684,5.306843301446652,0.5527069859040854,0.6296407152340667,0.06557699222523612,,,1.1542000748363166,0.12020977599228312,2.6004304564400447,True,True,True,0.009999464303102591,0.5727526933037123,0.03713198170885619,,0.09610432769149685,,2.65602693388558,0.0633231965913652,,0.0,0.0332376673796638,0.6737375533713961,,64.31023608889426,0.4890535538386389,,0.0553645600089389,0.0,,0.0277740766203787,0.5919312555791371,0.0,0.411430401417941,0.1170411530459728,,,,,,,0.6253223546374937,1.1248763918513889,,0.9548847460423504,,0.4346202778820913,6.703922690503869,1.6083400601113815,,,,,0.3285882973950623,,,0.2185836446341902,0.3994150762885683,0.0269521432462373,,0.1496553118288936,1.0257976421085762,,0.304200604804128,,-1.0089187644730442,1.1662052446955093,-0.8058707579658089,-0.8572574253355764,-0.5777592859729849,0.9213638212092281,0.12446968661780661
Macgillivray_Reef,2017,Heatwave_Only,8.66,0.0,2015,2019,2,11.704742324012075,9.73613274031132,1.968609583700756,1.968609583700756,0.1681890578370262,0.1681890578370262,1,68.55161216909104,1.1550673080493548,5.96975351703047,29.39381180454676,10.3,0.0,1,0,0,1,0,11.62,0.0,1,0,0,1,0,15.5,0.0,1,0,0,1,0,17.189999999999998,0.0,1,0,0,1,0,macgillivray reef,North-Central,-14.651944444444444,0.8318109421629738,11.569007674074548,0.1170411530459728,0.010116784113494454,6.703922690503869,0.5794725770237803,0.4346202778820913,0.037567636752117405,,,1.1248763918513889,0.0972318822445048,1.0865002936263957,9.601549169432031,0.4064066969611034,0.042327200516241684,5.306843301446652,0.5527069859040854,0.6296407152340667,0.06557699222523612,,,1.1542000748363166,0.12020977599228312,2.6004304564400447,True,True,True,0.009999464303102591,0.5727526933037123,0.03713198170885619,,0.09610432769149685,,2.65602693388558,0.0633231965913652,,0.0,0.0332376673796638,0.6737375533713961,,64.31023608889426,0.4890535538386389,,0.0553645600089389,0.0,,0.0277740766203787,0.5919312555791371,0.0,0.411430401417941,0.1170411530459728,,,,,,,0.6253223546374937,1.1248763918513889,,0.9548847460423504,,0.4346202778820913,6.703922690503869,1.6083400601113815,,,,,0.3285882973950623,,,0.2185836446341902,0.3994150762885683,0.0269521432462373,,0.1496553118288936,1.0257976421085762,,0.304200604804128,,-1.0089187644730442,1.181213990067681,-0.8058707579658089,0.01834597602858237,-0.5777592859729849,-0.9047452623535249,0.22593953983884282
Macgillivray_Reef,2020,Heatwave_Only,5.98,0.0,2019,2020,0,9.73613274031132,10.017025483633374,-0.2808927433220543,0.0,-0.0288505457776937,-0.0288505457776937,3,75.27759568651544,2.705227521772793,13.4730787386621,37.34759301838731,9.46,0.0,1,0,0,1,0,19.76,0.0,2,0,0,2,0,21.08,0.0,2,0,0,2,0,21.08,0.0,2,0,0,2,0,macgillivray reef,North-Central,-14.651944444444444,1.0288505457776937,9.601549169432031,0.4064066969611034,0.042327200516241684,5.306843301446652,0.5527069859040854,0.6296407152340667,0.06557699222523612,,,1.1542000748363166,0.12020977599228312,2.6004304564400447,,,,,,,,,,,,,True,False,False,0.04174210724124826,0.5450668600145814,0.06467051467233113,,0.11854810381307622,,4.112434536089324,0.5887756206016581,,0.1651667908091298,0.5590170195263869,1.644432074416207,,67.82798990006623,0.064615882342458,,0.5055057187559473,0.1436138316876633,,0.4806695443120741,1.4138952134332563,0.0,0.0567461482511036,0.4064066969611034,,,,,,,0.2136139798557021,1.1542000748363166,,0.5423759553398074,,0.6296407152340667,5.306843301446652,1.3484684457583822,,,,,0.1804486074868476,,,0.1205617478792832,0.2181580211100389,0.2150405956573531,,0.1490801308043343,0.3389710797494049,,0.276308356417779,,-1.1564011633833278,0.37674523811928673,-0.8058707579658089,0.8939493773927413,-0.5777592859729849,-0.4989432437840242,0.5303490995019515
Macgillivray_Reef,2021,Heatwave_Only,4.13,0.0,2020,2021,0,10.017025483633374,13.548841093925612,-3.531815610292238,0.0,-0.3525812743576228,-0.3525812743576228,1,75.27759568651544,2.705227521772793,13.4730787386621,37.34759301838731,6.78,0.0,1,0,0,1,0,24.05,0.0,3,0,0,2,0,25.74,0.0,3,0,0,2,0,27.06,0.0,3,0,0,2,0,macgillivray reef,North-Central,-14.651944444444444,1.3525812743576229,,,,,,,,,,,,,13.420633746722576,1.411354335913091,0.10516301707866477,6.628638133182764,0.49391394313264303,1.3166264373508665,0.09810463963167142,,,1.1440236199920353,0.08524363614880816,2.609163647612211,False,True,False,,,,,,,,,,,,,,,,,,,,,,,,,,,,,,,,,,,,,,,,,,,,,,,,,,,,,,,-1.135357511069216,-0.1785783406510603,-0.8058707579658089,1.7695527787569,-0.5777592859729849,-0.9047452623535249,0.6318189527229878
Macgillivray_Reef,2024,Heatwave_Only,5.93,0.0,2023,2024,0,17.418461843245634,16.591368016196395,0.8270938270492394,0.8270938270492394,0.0474837465266752,0.0474837465266752,3,61.77678921152086,2.358934913561137,16.52085531834991,23.513028809930155,9.49,0.0,1,0,0,1,0,15.94,0.0,2,0,0,2,0,24.93,0.0,3,0,0,2,0,33.54,0.0,4,0,0,2,0,macgillivray reef,North-Central,-14.651944444444444,0.9525162534733248,17.272604527375734,2.488560466155454,0.14407557714942637,6.952182520856454,0.40249763779618675,2.761003075476418,0.159848682409213,,,1.7218212150083068,0.09968509452522659,2.261257610643871,16.421582113091027,3.700941484594906,0.2253705799543257,5.32110292862135,0.32403107641982015,2.700573098900335,0.16445267455365828,,,2.0264610061683848,0.12340230022982511,3.2203705348629166,True,True,True,0.1428691286607746,0.39912723542534295,0.1585101543594134,,0.09885035949233245,,3.651663731639132,0.9149416702663512,,0.064912130096984,0.7933352421366613,0.8520124578554333,,55.11056156941383,0.029483145299992,,0.7857826196136324,0.0547564742326203,,0.6705452711626634,0.723684351734108,0.0,0.0264888939008472,2.488560466155454,,,,,,,0.537444180615494,1.7218212150083068,,1.3689813059936062,,2.761003075476418,6.952182520856454,1.4426117632700015,,,,,0.3388850723184066,,,0.1865796402841416,0.3161571011766168,0.2151831245507441,,0.3045340382443404,0.8282037954774341,,0.028899735836595,,-0.5808638223585445,0.361736492747115,-0.8058707579658089,0.8939493773927413,-0.5777592859729849,-0.4989432437840242,0.9362285123860965
Mackay_Reef,1999,Storm_Only,0.0,19.857384,1998,2001,2,28.201161932996577,20.91628210197898,7.284879831017598,7.284879831017598,0.2583184284507786,0.2583184284507786,10,53.92654805386725,5.128701418481215,,32.33213281172017,1.37,0.0,0,0,0,0,0,5.58,0.0,0,0,0,0,0,5.58,0.0,0,0,0,0,0,6.359999999999999,0.0,0,0,0,0,0,mackay reef,Central,-16.044722222222223,0.7416815715492214,28.02187663753882,2.6937550235796777,0.09613042903668538,4.001569228313026,0.1428016146125068,3.200321962084635,0.11420798126694348,,,8.034071271198453,0.2867071101310826,5.05558814525972,20.7692841482367,1.4924081812280037,0.07185650552884887,2.7109803043368395,0.13052834584898296,1.2644949293310226,0.060882932714769446,,,5.816675673151094,0.28006144225461554,2.522522339157656,True,True,True,0.095519292076681,0.1418937715339671,0.11348191857088413,,0.28488440619172656,,0.7767996003966856,0.0,,0.0,0.1503028044405341,0.2198900630741865,,47.68121427307995,4.910723169864911,0.0,0.0,0.0,,0.1026807484307515,0.1014306930118434,,4.851476703817125,2.6937550235796777,,2.4191070182513714,,2.2524674790844834,,,,8.034071271198453,,5.420584655027175,,3.200321962084635,4.001569228313026,,,,,,,,,0.0345623993316687,0.4406525406843861,0.2343454051289422,,0.5367090454895856,1.9975808801224544,,0.4113548252869895,0.0,0.22694412957527563,-1.4183007083924293,0.49023758075208873,-0.8572574253355764,-0.5777592859729849,0.9213638212092281,-1.6005178181398094
Mackay_Reef,2014,Storm_Only,0.0,24.80804457444268,2013,2015,1,28.76823099594264,14.493836800885791,14.27439419505685,14.27439419505685,0.4961860253788304,0.4961860253788304,15,61.51392318106069,1.720144275183814,13.13951627988255,39.21990561318808,2.31,0.0,0,0,0,0,0,4.12,0.0,0,0,0,0,0,4.12,0.0,0,0,0,0,0,4.119999999999999,0.0,0,0,0,0,0,mackay reef,Central,-16.044722222222223,0.5038139746211696,28.606057156129474,2.294054007604191,0.08019469425945126,2.219533429198345,0.07758963135269976,3.630320764597124,0.12690741491506977,,,10.686016866261731,0.3735578380459195,1.6470811590960381,14.345240045581411,0.0815748351247183,0.005686543750088365,1.2759917950881154,0.08894879353943914,1.092891950441213,0.0761849886769823,,,4.7874054095563405,0.33372780060455987,1.1012908421775314,True,True,True,0.0797426163578753,0.07715223885373346,0.12619200551848775,,0.37145199744012225,,2.2107892404252905,0.2418571560796988,,0.0,0.1437391304745904,0.4205667925019837,,57.31925910255679,0.9091332644385126,0.0,0.2258012177690629,0.0,,0.0633513254854755,0.2856971428871969,,1.072231472954303,2.294054007604191,,1.8750591116052144,,2.6882899760221,,,,10.686016866261731,,5.212783000840766,,3.630320764597124,2.219533429198345,,,,,,,,,0.2942377148963473,0.8974783643001787,0.3937748690641507,,0.7870903268447434,0.8542397310335705,,1.3151553512494816,0.0668819431120287,0.2694272640898767,-1.4183007083924293,0.8133714060685098,-0.8572574253355764,-0.5777592859729849,1.9358688676329796,-0.07847001982426587
Mackay_Reef,2017,Heatwave_Only,9.13,0.0,2016,2019,2,16.72495900304035,13.966008758171286,2.758950244869064,2.758950244869064,0.1649600602529146,0.1649600602529146,3,74.39701831520044,1.1938361130289707,12.58718908387052,44.9686009673494,3.55,26.5676931218178,0,1,0,0,1,5.02,26.5676931218178,0,1,0,0,1,6.569999999999999,26.5676931218178,0,1,0,0,1,7.67,26.5676931218178,0,1,0,0,1,mackay reef,Central,-16.044722222222223,0.8350399397470853,,,,,,,,,,,,,13.819342628942813,0.4755443563707081,0.03441150343683804,0.7870687580832693,0.05695413879057143,0.308836662100265,0.022348144220221217,,,4.234401076815436,0.306411179642296,1.358085244439824,False,True,False,,,,,,,,,,,,,,,,,,,,,,,,,,,,,,,,,,,,,,,,,,,,,,,,,,,,,,,-0.6328190009634849,1.3222961965660938,-0.8058707579658089,-0.8572574253355764,1.3420104933676291,-0.4989432437840242,0.22593953983884282
Mackay_Reef,2022,Heatwave_Only,4.14,0.0,2021,2025,3,17.32301125436286,17.90270280594579,-0.5796915515829291,0.0,-0.0334636711291711,-0.0334636711291711,5,73.04396757582234,1.0566107233677704,8.793885957672465,58.66294137031982,3.95,0.0,0,0,0,0,0,13.080000000000002,0.0,1,0,0,1,0,16.63,0.0,1,0,0,1,0,16.630000000000003,26.5676931218178,1,1,0,1,1,mackay reef,Central,-16.044722222222223,1.0334636711291711,17.191745375726544,1.2122505545983089,0.07051352425856165,0.8706986958325583,0.05064632338389095,0.5645563562487246,0.032838803967271166,,,5.230493900109841,0.3042444955876851,1.0051283959040687,17.771550262828157,0.5431845951546024,0.03056484027118072,1.314586235304009,0.07397138774402039,1.284206506981204,0.07226192920644144,,,5.892503570791639,0.3315694738863996,1.9303570994107642,True,True,True,0.06997920493141742,0.05026254864397608,0.032589966487872546,,0.3019390695594291,,2.7921524685282333,0.0,,0.2904232574189933,0.4398618827411867,1.0062910999446468,,68.4076981075848,0.0,0.0,0.0,0.164992625438674,,0.1986700436164512,0.6414657268489434,,0.0,1.2122505545983089,,4.270120034011615,,1.4049451472134706,,,,5.230493900109841,,3.638680687712025,,0.5645563562487246,0.8706986958325583,,,,,,,,,0.4847478500248926,0.2014711849804072,0.7396861501697806,,0.5460334952204233,0.823039410902419,,0.195607949733865,0.0307058437185277,-0.5880146977491676,-0.17557659157662606,-0.8058707579658089,0.01834597602858237,-0.5777592859729849,-0.09314122521452356,0.733288805944024
Mackay_Reef,2024,Storm_Only,3.52,18.51984,2023,2025,1,20.2462850390892,17.90270280594579,2.343582233143412,2.343582233143412,0.1157536915349503,0.1157536915349503,2,68.77510584466869,1.9780736165917403,12.983621695717614,45.73500037275913,4.93,0.0,1,0,0,1,0,8.56,0.0,1,0,0,1,0,17.69,0.0,2,0,0,1,0,20.44,0.0,2,0,0,1,0,mackay reef,Central,-16.044722222222223,0.8842463084650496,20.110411698339405,2.15907355357574,0.10736098225945435,1.3862888210311146,0.06893388568199157,1.482042997915446,0.07369530868618786,,,6.477458695602182,0.32209478317826035,1.9173510119535344,17.771550262828157,0.5431845951546024,0.03056484027118072,1.314586235304009,0.07397138774402039,1.284206506981204,0.07226192920644144,,,5.892503570791639,0.3315694738863996,1.9303570994107642,True,True,True,0.10664047994025812,0.0684712685983936,0.073200737570082,,0.3199331967862869,,2.281160766970056,0.2353175489657831,,0.3449177993229385,0.7015807884990761,0.8131817022590582,,64.25271329041516,0.0,0.0,0.225066037934513,0.3947127281063388,,0.7080889657206274,0.5894832801920552,,0.0,2.15907355357574,,3.248770241456003,,1.9451812033655125,,,,6.477458695602182,,3.4115961853934054,,1.482042997915446,1.3862888210311146,,,,,,,,,0.7874029895336865,0.422384049511519,0.3850152136859714,,0.7842635986802142,0.6242428517948903,,0.0,0.0,-0.3690116846517166,-0.361685034191553,0.4029349465379297,0.01834597602858237,-0.5777592859729849,-0.7018442530687745,0.9362285123860965
Mackay_Reef,2025,Heatwave_Only,4.63,0.0,2024,2025,0,24.081235373383223,17.90270280594579,6.178532567437433,6.178532567437433,0.2565704155803614,0.2565704155803614,1,65.45263734604325,0.7498643683527411,12.229868933413536,93.53426119827864,8.129999999999999,18.51984,1,1,0,1,1,11.43,18.51984,1,1,0,1,1,12.08,18.51984,1,1,0,1,1,21.21,18.51984,2,1,0,1,1,mackay reef,Central,-16.044722222222223,0.7434295844196386,23.963939566084374,2.6590688807480203,0.11096125799412968,1.335354192924502,0.055723483580070406,1.6447520398012456,0.06863445950802789,,,7.99512976566184,0.3336316945556468,0.6806546472745943,17.771550262828157,0.5431845951546024,0.03056484027118072,1.314586235304009,0.07397138774402039,1.284206506981204,0.07226192920644144,,,5.892503570791639,0.3315694738863996,1.9303570994107642,True,True,True,0.11042078363168469,0.05545206349340605,0.068300152143323,,0.3320066284680223,,1.3951203448166505,0.2235215647940535,,0.0692021676550152,0.1391613178794571,0.8375198839763194,,62.65873897608954,0.0,0.031297986946013,0.1330158368320792,0.0,,0.0643780089204278,0.4519628145760743,,0.0,2.6590688807480203,,3.4772346426470326,,2.1896830517911114,,,,7.99512976566184,,4.662716992510623,,1.6447520398012456,1.335354192924502,,,,,,,,,0.5259481892714811,0.2690425642237281,0.5882296259171608,,0.2312358561840841,1.9897509352169345,,0.0,0.064310215115948,-0.08170856488317568,-0.028490886929344927,-0.8058707579658089,0.01834597602858237,1.3420104933676291,-0.9047452623535249,1.0376983656071328
Mantis_Reef,2020,Heatwave_Only,7.15,0.0,2019,2023,3,31.81317741334733,16.928654804240633,14.884522609106696,14.884522609106696,0.4678728696512358,0.4678728696512358,3,63.95000223727239,1.866987997085066,29.29860878560132,61.99393480385922,15.03,0.0,1,0,0,1,0,24.9,0.0,2,0,0,2,0,24.9,18.51984,2,1,0,2,1,24.9,18.51984,2,1,0,2,1,mantis reef,North,-12.334002777777778,0.5321271303487641,30.93500403402089,12.462143722402448,0.4028492677323448,2.41063798695258,0.07792589858082681,5.073929496978471,0.16401903459907094,1.4821104563547545,0.04791046591507788,3.6427347417799822,0.11775446150819541,1.7693281365576314,16.281004602745607,3.852128783920176,0.2366026469441915,1.430058091393065,0.08783598594105807,2.7615076812867003,0.16961531236352598,2.076732364507731,0.12755554188330082,2.164190773887974,0.13292734856932648,4.631629121370574,True,True,True,0.391728985774741,0.07577482612413272,0.15949144063961643,0.04658794175437911,0.11450395835820097,,11.467242029508654,0.2020938378406812,0.2375910973444314,0.0555793750624817,0.3518178268507372,1.273641448814628,,50.16443822186384,,,0.173547387650738,0.2075892095621392,,0.3068841553111168,1.0327484281596613,,0.0485589558739762,12.462143722402448,,,,,,4.662513465254091,,3.6427347417799822,1.4821104563547545,1.2009341642985616,,5.073929496978471,2.41063798695258,,,,,,,,,0.2098289203207174,0.2033793152506244,0.0,,0.0615832590498183,0.6927917272138833,,0.073096253018357,0.0612761980911406,0.49754563042836947,0.7279498798281007,-0.8058707579658089,0.8939493773927413,-0.5777592859729849,-0.4989432437840242,0.5303490995019515
Mantis_Reef,2021,Heatwave_Only,8.4,0.0,2020,2023,2,28.197487949208423,16.928654804240633,11.26883314496779,11.26883314496779,0.3996396120557305,0.3996396120557305,1,69.23663184571829,2.5701131986238366,16.670578713942508,51.58636431535974,12.19,0.0,1,0,0,1,0,32.05,0.0,3,0,0,2,0,32.05,0.0,3,0,0,2,0,32.05,18.51984,3,1,0,2,1,mantis reef,North,-12.334002777777778,0.6003603879442695,27.269118408731664,10.701777276161785,0.3924504311344014,1.743990274040958,0.06395477286433017,4.270515330266265,0.1566062850384936,1.9875432409726617,0.07288623017369875,3.490066554080109,0.12798604273772848,2.472970100104135,16.281004602745607,3.852128783920176,0.2366026469441915,1.430058091393065,0.08783598594105807,2.7615076812867003,0.16961531236352598,2.076732364507731,0.12755554188330082,2.164190773887974,0.13292734856932648,4.631629121370574,True,True,True,0.37952945650473136,0.06184913624867482,0.151450204995518,0.07048653569966176,0.12377225093124242,,13.779746492380507,0.5115806070734854,0.1095135651012161,0.0180753276995281,0.8198727095746303,1.8358613639273424,,51.971077722094506,,,0.4051488240619615,0.0855934309704725,,0.6449508903522763,1.3238372372504466,,0.013439717468978,10.701777276161785,,,,,,3.92883943754941,,3.490066554080109,1.9875432409726617,1.1463862956604745,,4.270515330266265,1.743990274040958,,,,,,,,,0.067162868600012,0.3297511378770094,0.0,,0.0573466006353725,0.3368759649210134,,0.0616644468863676,0.0,0.2266688855923545,1.103168514132389,-0.8058707579658089,1.7695527787569,-0.5777592859729849,-0.9047452623535249,0.6318189527229878
Mantis_Reef,2022,Heatwave_Only,10.3,0.0,2021,2023,1,31.50802050314896,16.928654804240633,14.579365698908326,14.579365698908326,0.4627191891490372,0.4627191891490372,1,64.48377513410253,1.3401827474451518,27.001219222484828,71.92014042908629,17.03,0.0,2,0,0,2,0,30.58,0.0,3,0,0,2,0,40.45,0.0,4,0,0,2,0,40.45,0.0,4,0,0,2,0,mantis reef,North,-12.334002777777778,0.5372808108509628,30.492682505977804,11.20297160342791,0.36739868987360075,1.923171774772296,0.06306994389212153,6.016277632623704,0.19730234069909294,2.3075980742046527,0.07567710954102742,3.8221032109486006,0.12534493186026888,1.2784533399199909,16.281004602745607,3.852128783920176,0.2366026469441915,1.430058091393065,0.08783598594105807,2.7615076812867003,0.16961531236352598,2.076732364507731,0.12755554188330082,2.164190773887974,0.13292734856932648,4.631629121370574,True,True,True,0.3555593599511676,0.06103753089090733,0.19094432263754646,0.07323843381319457,0.12130572311156818,,10.781375364290554,0.241593006871145,0.0,0.0,0.0953597367465644,1.2450311145833604,,52.01735575595252,,,0.213516025060702,0.0,,0.0818309936035297,0.9831063212557593,,0.0,11.20297160342791,,,,,,4.052905595751851,,3.8221032109486006,2.3075980742046527,1.1676546142487894,,6.016277632623704,1.923171774772296,,,,,,,,,0.1366127688144067,0.2637447455396572,0.0,,0.1499779911422226,0.5304527490861851,,0.0333665273461367,0.0316832361012284,0.47468417860331996,1.6735008382749077,-0.8058707579658089,1.7695527787569,-0.5777592859729849,-0.9047452623535249,0.733288805944024
Mantis_Reef,2024,Heatwave_Only,8.91,0.0,2023,2025,1,16.928654804240633,17.027397418840128,-0.0987426145994945,0.0,-0.0058328683372266,-0.0058328683372266,2,81.0572376242049,4.7313650275957615,20.261962350029787,89.98801627796882,21.67,0.0,2,0,0,2,0,30.3,0.0,3,0,0,3,0,43.85,0.0,4,0,0,3,0,53.72,0.0,5,0,0,3,0,mantis reef,North,-12.334002777777778,1.0058328683372266,16.281004602745607,3.852128783920176,0.2366026469441915,1.430058091393065,0.08783598594105807,2.7615076812867003,0.16961531236352598,2.076732364507731,0.12755554188330082,2.164190773887974,0.13292734856932648,4.631629121370574,16.386037357871942,4.14494227130102,0.25295574401395876,1.591056842882966,0.09709832878652712,2.779660905600472,0.1696359433884183,1.5473896421437845,0.0944334257483192,2.209798404372236,0.13485862116081632,3.1977965373775734,True,True,True,0.22755079056578179,0.08447558934421859,0.16312623260502315,0.12267556923586798,0.12784186333256933,,17.632419931443426,1.440161050840184,0.0,0.0,0.6443903222415617,3.5050244397385923,,57.77994141394136,,,1.270350345075716,0.0,,0.5695872966858131,2.791691479609045,,0.0,3.852128783920176,,,,,,3.3786309804243726,,2.164190773887974,2.076732364507731,0.6177559273255889,,2.7615076812867003,1.430058091393065,,,,,,,,,0.030635690447707,0.0370448141500932,0.0,,0.0335877641962296,0.4592207582107488,,0.0,0.0,-0.6175587148926961,1.2562577169285387,-0.8058707579658089,1.7695527787569,-0.5777592859729849,-0.7018442530687745,0.9362285123860965
Mantis_Reef,2025,Heatwave_Only,10.11,0.0,2024,2025,0,19.342623745333228,17.027397418840128,2.3152263264931,2.3152263264931,0.1196955675184289,0.1196955675184289,1,78.7403016588937,8.655562746543898,20.40345397654167,116.79490851462464,22.18,0.0,2,0,0,1,0,37.73,0.0,4,0,0,3,0,42.77000000000001,0.0,4,0,0,3,0,52.760000000000005,0.0,5,0,0,3,0,mantis reef,North,-12.334002777777778,0.8803044324815711,18.66728209408492,4.058760498444414,0.21742642972811282,1.704266624108976,0.09129698771997477,3.548117559333728,0.1900714598649589,3.083321447518005,0.16517248906283005,2.305624210533148,0.12351151061587741,8.499663612766991,16.386037357871942,4.14494227130102,0.25295574401395876,1.591056842882966,0.09709832878652712,2.779660905600472,0.1696359433884183,1.5473896421437845,0.0944334257483192,2.209798404372236,0.13485862116081632,3.1977965373775734,True,True,True,0.2098350540176157,0.08810938198186077,0.18343517436148124,0.15940554332821133,0.11919914489829352,,16.79926398756473,2.439802569099744,0.200916169702745,0.0,3.898438964348247,3.0330100100796296,,52.21687619300101,,,2.20472793550252,0.1790582873182423,,3.625173771927959,2.4907036180182693,,0.0,4.058760498444414,,,,,,2.80541361722615,,2.305624210533148,3.083321447518005,1.1617781369204994,,3.548117559333728,1.704266624108976,,,,,,,,,0.0355499894917277,0.1001355869353708,0.0,,0.0,0.3435199617472264,,0.0,0.0,-0.4367113120989027,1.6164676058606555,-0.8058707579658089,2.6451561801210586,-0.5777592859729849,-0.9047452623535249,1.0376983656071328
Masthead_Island,2015,Storm_Only,1.02,21.616374742620703,2014,2016,1,24.292700881424643,12.876205529943,11.416495351481643,11.416495351481643,0.4699557866046603,0.4699557866046603,9,60.664122273716295,0.6306219326905931,3.761575439031633,49.62325660369805,0.18,0.0,0,0,0,0,0,0.3299999999999999,0.0,0,0,0,0,0,0.3299999999999999,0.0,0,0,0,0,0,0.3299999999999999,0.0,0,0,0,0,0,masthead island,South,-23.54035555555556,0.5300442133953397,24.172549399675265,11.87964220269212,0.4914517706126484,,,1.731455840076701,0.07162901237467163,1.549991099907521,0.06412195396851039,3.404082007078766,0.14082428587877852,0.5490253378709913,12.766679807096013,6.230859681643167,0.4880563917785353,,,1.1149563474188928,0.08733330546906758,0.867470801760076,0.06794803463919537,1.8630276561491008,0.14592890902719965,0.1642011980867316,True,True,True,0.48902105454136063,,0.07127473591874894,0.06380480735646477,0.14012777021766604,0.0,1.087602618730243,0.025407834513142,,0.0601101181507516,,0.3508542786848118,,59.15384331637976,0.1311861007929004,0.0,0.03282892672134,0.0,,0.0628286069253569,0.3248062243297222,,0.1285615798945722,11.87964220269212,,1.2849668576093456,,,,3.110273995693132,,3.404082007078766,1.549991099907521,1.2121373966176807,,1.731455840076701,,,,,,,0.0,,,0.1886642685997593,1.6323663764030654,0.4502808822119127,,1.2736358972878905,2.018542064956452,,0.7828535843670048,,-0.06586619539003227,-1.11212230280013,0.6050484022197242,-0.8572574253355764,-0.5777592859729849,0.7184628119244778,0.022999833396770367
Masthead_Island,2020,Heatwave_Only,8.85,0.0,2018,2020,0,14.792649543607933,21.46250267252677,-6.669853128918838,0.0,-0.4508896874259389,-0.4508896874259389,5,61.248941905488685,0.3088342062970611,6.000812420595945,46.19694712006667,1.74,0.0,0,0,0,0,0,2.76,18.004590595452743,0,1,0,0,1,2.94,18.004590595452743,0,1,0,0,1,2.94,18.004590595452743,0,1,0,0,1,masthead island,South,-23.54035555555556,1.450889687425939,14.640598608439312,8.28498243321885,0.5658909621661999,,,1.4103064214034602,0.09632846710178326,1.370585174169252,0.0936153780883797,0.7488023930468579,0.051145613172894726,0.2697521327174679,21.367680940544094,11.103523781731134,0.5196410322967131,,,3.848874563333472,0.1801259843800095,1.2382852649386376,0.05795131761767623,1.501148312851334,0.07025321638919557,0.3344265158799999,True,True,True,0.5600742726173001,,0.09533832443241172,0.09265312276403499,0.05061989678315767,0.0,0.7020603443363271,0.0619414129209858,,0.0,,0.2058338877888849,,60.44752530536901,0.0,0.0,0.0672465908943993,0.0,,0.0,0.2025055418230686,,0.0,8.28498243321885,,0.5567614786794166,,,,1.302541440239193,,0.7488023930468579,1.370585174169252,0.9666192676822812,,1.4103064214034602,,,,,,,0.1563570479370294,,,0.0,0.9967039158629748,0.1852752418967253,,2.114290723400426,0.1544277936492712,,1.9570242137633649,,-0.7775819020860091,1.2382472224819328,-0.8058707579658089,-0.8572574253355764,1.3420104933676291,-0.09314122521452356,0.5303490995019515
Masthead_Island,2024,Heatwave_Only,11.17,0.0,2023,2025,1,29.446671619513232,31.966227201498565,-2.519555581985333,0.0,-0.085563340215188,-0.085563340215188,4,52.59450615076465,0.1475109352466721,2.62980528296096,73.36089381101357,0.91,0.0,0,0,0,0,0,9.76,0.0,1,0,0,1,0,11.5,0.0,1,0,0,1,0,11.5,0.0,1,0,0,1,0,masthead island,South,-23.54035555555556,1.085563340215188,29.28632244099792,22.778891234994347,0.7777996462644343,,,2.694307366811835,0.09199882888129628,1.2441599696163526,0.042482628951549514,1.1813564753400596,0.0403381639234525,0.1282296911790695,31.833789148851587,24.31730232329987,0.7638833759184186,,,2.684141782503303,0.0843173827015228,1.6217960737111596,0.050945744037186554,1.34807197298924,0.042347204308157964,0.9149437142280604,True,True,True,0.7735642088628994,,0.09149785760596509,0.04225129365017584,0.0401185061118153,0.0,0.5035384652468798,0.0,,0.0,,0.1303069905257887,,52.114358388546464,0.0,0.0,0.0,0.0,,0.0,0.1282296911790695,,0.0,22.778891234994347,,0.2457367236001308,,,,0.6046429640041364,,1.1813564753400596,1.2441599696163526,0.53722770663106,,2.694307366811835,,,,,,,0.3189415141147468,,,0.1845347850128118,1.6556269380131432,0.0212160510566217,,3.418592642566483,2.867720064849892,,0.0,,0.32025402603943603,1.9346530077506923,-0.8058707579658089,0.01834597602858237,-0.5777592859729849,-0.2960422344992739,0.9362285123860965
McCulloch_Reef,2010,Storm_Only,1.02,18.51984,2008,2012,2,16.68647734293733,10.008386791704774,6.678090551232556,6.678090551232556,0.4002097275527782,0.4002097275527782,10,,,10.588324941213196,60.337834418685205,1.3199999999999998,0.0,0,0,0,0,0,2.44,0.0,0,0,0,0,0,2.44,0.0,0,0,0,0,0,2.44,0.0,0,0,0,0,0,mcculloch reef,Central,-17.29170277777778,0.5997902724472217,16.552999153435906,7.72529670951601,0.46670072522250267,1.6395479174345098,0.09904839009758476,3.1701769091702032,0.19151676864021164,0.0511318321333827,0.003088976907412532,2.4377291163330166,0.14726812305956152,10.829983075145545,9.89471936523095,1.8235786626277235,0.18429816908558275,1.171317178870204,0.11837800908089369,2.161702385872731,0.2184703078562022,0.6837460007090309,0.06910211148702668,2.6960135680525097,0.2724699376038931,1.7994460333305864,True,True,True,0.4629675006142502,0.09825608387791088,0.18998479091885762,0.003064267615179103,0.14609009836128192,,13.615455618776585,6.363175494240271,,0.0,0.0,1.052182152751674,,31.24553255658412,3.5253629847624266,0.0,6.38446555305001,,,0.0,1.1113317935454623,0.0,3.3341857285500724,7.72529670951601,,,,,,,0.2167975436091659,2.4377291163330166,0.0511318321333827,1.3123191252396165,,3.1701769091702032,1.6395479174345098,,,,,,,,,4.464295673762223,1.3961817263892826,0.9338010229238888,,0.7104285364054443,6.6818551974869465,,10.650789811421332,0.3770850952459268,-0.6357019329541819,-1.11212230280013,0.4029349465379297,-0.8572574253355764,-0.5777592859729849,0.9213638212092281,-0.4843494327084108
McCulloch_Reef,2011,Storm_Only,2.01,41.000868,2010,2012,1,21.215134299733982,10.008386791704774,11.206747508029208,11.206747508029208,0.5282430622260887,0.5282430622260887,10,,,17.696999215237277,43.75202680016097,2.34,0.0,0,0,0,0,0,2.79,0.0,0,0,0,0,0,3.46,0.0,0,0,0,0,0,3.46,0.0,0,0,0,0,0,mcculloch reef,Central,-17.29170277777778,0.47175693777391126,21.08355834189934,10.645763820312506,0.5049320255943792,1.7792142400878346,0.08438870760027274,4.928960177807036,0.2337821774615586,0.6444961015674451,0.030568658815368865,2.380326610042859,0.11289966197558017,11.083187999336866,9.89471936523095,1.8235786626277235,0.18429816908558275,1.171317178870204,0.11837800908089369,2.161702385872731,0.2184703078562022,0.6837460007090309,0.06910211148702668,2.6960135680525097,0.2724699376038931,1.7994460333305864,True,True,True,0.50180044443301,0.08386533004931976,0.23233226375893554,0.030379072433000174,0.11219945989560415,,6.661405092343675,7.4797794319285265,,0.0236060609459536,0.0243520950872669,2.098222354559267,,32.65711602475092,1.5210069631165926,0.0,7.407021720800823,,,0.0208591447036057,2.22856528048941,0.0193864792600357,1.4073553740829925,10.645763820312506,,,,,,,0.1516767660898546,2.380326610042859,0.6444961015674451,0.5531206259918048,,4.928960177807036,1.7792142400878346,,,,,,,,,0.5124351885120726,0.4481162994744618,1.1106387272636642,,1.0386115850362427,13.432810817788935,,7.263034688193263,0.7365219912244558,-0.2964283678145946,-0.8149491444311335,1.8702907600605234,-0.8572574253355764,-0.5777592859729849,0.9213638212092281,-0.38287957948737456
McCulloch_Reef,2017,Heatwave_Only,8.34,0.0,2016,2020,3,11.436886730970691,4.3853321477774685,7.051554583193223,7.051554583193223,0.6165624220180356,0.6165624220180356,10,,,20.95512364301969,106.64473826394983,4.54,0.0,0,0,0,0,0,7.78,0.0,0,0,0,0,0,10.81,0.0,0,0,0,0,0,11.98,0.0,0,0,0,0,0,mcculloch reef,Central,-17.29170277777778,0.38343757798196443,11.309792562821837,3.234215141279509,0.28596591169242097,1.4140292413728068,0.12502698290162106,3.444946680977702,0.30459857347889097,0.2800812013142585,0.02476448615290758,1.877741628540555,0.16602794596897993,3.1782847207416527,4.267331426544372,0.4183951976035677,0.09804609855259791,1.041427842662332,0.2440466274037839,0.9495371872617124,0.2225131100329451,0.0210881934391712,0.004941775393398056,1.0329639799027182,0.2420632185907338,7.82493742516557,True,True,True,0.28278807138321715,0.12363760126640626,0.3012136748411529,0.02448928698015417,0.16418293480652352,,10.56995911298774,0.6715855675036763,,0.0,0.2251146023043835,1.664250797051696,,48.72915972380466,0.5315052305419927,0.0,0.6550584095293414,,,0.2307146343943781,1.7841827999521978,0.0,0.5083288768657355,3.234215141279509,,,,,,,0.3795590220060869,1.877741628540555,0.2800812013142585,0.6792196473309181,,3.444946680977702,1.4140292413728068,,,,,,,,,0.3101605209116975,0.9008492032073736,0.7744602466568771,,0.9345668306430962,10.174130742076166,,8.801141291542582,0.7057816485256182,-1.0289857121046906,1.085158019685783,-0.8058707579658089,-0.8572574253355764,-0.5777592859729849,0.9213638212092281,0.22593953983884282
McCulloch_Reef,2020,Heatwave_Only,5.53,0.0,2018,2020,0,5.006284729550398,4.3853321477774685,0.6209525817729293,0.6209525817729293,0.1240346115568811,0.1240346115568811,3,,,10.598767148642212,78.89822224266909,8.950000000000001,0.0,1,0,0,1,0,13.49,0.0,1,0,0,1,0,16.06,0.0,1,0,0,1,0,16.73,0.0,1,0,0,1,0,mcculloch reef,Central,-17.29170277777778,0.8759653884431189,4.9005630995494,0.3856445663870023,0.07869392936139559,0.8489219821434076,0.17322947687817036,1.341055997950864,0.27365344975849254,0.0192043642771903,0.00391880767313375,1.201683692566117,0.24521339041152437,9.226060538933911,4.267331426544372,0.4183951976035677,0.09804609855259791,1.041427842662332,0.2440466274037839,0.9495371872617124,0.2225131100329451,0.0210881934391712,0.004941775393398056,1.0329639799027182,0.2420632185907338,7.82493742516557,True,True,True,0.07703208810930658,0.16957125453382818,0.2678744958382143,0.0038360511466384367,0.2400350274671727,,7.762530575507751,2.454516565379457,,0.0,0.1930116823939184,6.487339152263666,,64.21170272103045,0.0592005009522706,0.0,2.3859304525271083,,,0.1885388485757399,6.601163706037372,0.0,0.0504275317936906,0.3856445663870023,,,,,,,0.3803179632069799,1.201683692566117,0.0192043642771903,0.7237345330178385,,1.341055997950864,0.8489219821434076,,,,,,,,,0.2768941154178092,0.8162287113159752,0.5462318459461944,,0.4434908267235948,3.881647391516058,,7.004200119559146,0.4374549102078218,-1.5107473663499436,0.24166652976974284,-0.8058707579658089,0.01834597602858237,-0.5777592859729849,-0.4989432437840242,0.5303490995019515
McSweeney_Reef,2021,Heatwave_Only,6.04,0.0,2020,2022,1,8.331747591831121,10.325403342156095,-1.993655750324974,0.0,-0.2392842231898213,-0.2392842231898213,1,73.7914653530649,0.8471987543968803,13.542358033579582,36.83797827857655,14.57,0.0,1,0,0,1,0,18.22,0.0,1,0,0,1,0,18.22,0.0,1,0,0,1,0,18.22,0.0,1,0,0,1,0,mcsweeney reef,North,-11.024166666666668,1.2392842231898213,8.08791047812773,,,3.481828818153005,0.4304979422768059,,,,,1.1170885896782126,0.13811831779038278,0.7607018594504815,10.094792695893021,,,5.102046399952378,0.5054136873982664,,,,,1.2914301210975745,0.12793032606038374,0.7914350519499094,True,True,True,,0.41789897974907103,,,0.13407614397410025,,1.1343590492415252,0.0226029345427709,0.0202681521891061,0.0217356042726906,0.5190904075161602,0.2108110518055579,,71.72752524097604,,,0.0276231498583492,0.0269687596610352,,0.480932811224823,0.1975064828941449,0.0,0.0276706558121292,,,,0.8368237268197971,,0.7790516784110183,,0.4620001474170309,1.1170885896782126,,0.9084275665817044,,,3.481828818153005,0.5026899510669619,,0.1985670063781232,0.0268068987423793,,0.0766581488994588,,,0.1247808761353286,,0.1009441531423823,,0.1040772268744898,0.1730274140838771,,,,-1.2616135388623035,0.39475573256589247,-0.8058707579658089,0.01834597602858237,-0.5777592859729849,-0.9047452623535249,0.6318189527229878
McSweeney_Reef,2022,Heatwave_Only,6.72,0.0,2021,2022,0,11.077063376672276,10.325403342156095,0.7516600345161812,0.7516600345161812,0.0678573380828657,0.0678573380828657,1,71.75420159984408,0.3848759489841442,16.037893814599276,56.0520124038695,19.64,0.0,2,0,0,2,0,24.26,0.0,2,0,0,2,0,24.26,0.0,2,0,0,2,0,24.26,0.0,2,0,0,2,0,mcsweeney reef,North,-11.024166666666668,0.9321426619171342,10.84801783464581,,,4.275405935442452,0.3941186307592427,,,,,1.5555435285499473,0.14339426356600712,0.3261776429606497,10.094792695893021,,,5.102046399952378,0.5054136873982664,,,,,1.2914301210975745,0.12793032606038374,0.7914350519499094,True,True,True,,0.3859692582825007,,,0.14042923432449086,,1.2210502412768072,0.0638851835140357,0.0,0.0,0.0592034667298667,0.2131569648478165,,70.33765113603015,,,0.0675702385864472,0.0,,0.0652246529640506,0.1933827514101519,0.0,0.0,,,,1.2665085481490117,,0.7722020043958265,,0.9858619074308486,1.5555435285499473,,1.5266696701196767,,,4.275405935442452,0.4658262405580485,,0.1580342777603985,0.1306046479390858,,0.0633405685982258,,,0.1836055112160269,,0.1873205128450651,,0.1590388671028529,0.1289913736758798,,,,-1.0559426119975144,0.5988746696274253,-0.8058707579658089,0.8939493773927413,-0.5777592859729849,-0.9047452623535249,0.733288805944024
McSweeney_Reef,2024,Heatwave_Only,5.43,0.0,2023,2024,0,11.49443628832074,11.04710697501257,0.4473293133081704,0.4473293133081704,0.0389170292555096,0.0389170292555096,2,66.8016138690392,2.5015757697905863,19.184690960046463,38.89130622682818,13.53,0.0,2,0,0,2,0,27.13,0.0,3,0,0,3,0,31.75,0.0,3,0,0,3,0,31.75,0.0,3,0,0,3,0,mcsweeney reef,North,-11.024166666666668,0.9610829707444903,11.22415159144568,,,5.279869610241038,0.4704025571309115,,,,,1.577835960697399,0.14057507579458595,2.443939971230855,10.74891738340317,,,5.529194230074802,0.5143954533144088,,,,,1.5790140670389932,0.14689982355591127,0.35773435749405713,True,True,True,,0.4593413263428851,,,0.13726953815913578,,0.5373092012819692,0.1293345051579754,0.0,0.0,2.1047843897065843,0.4217610127320069,,63.6430354451262,,,0.1330249411784613,0.0,,1.908116455551286,0.4027985745011077,0.0,0.0,,,,0.9620982869323502,,0.8711579999561146,,0.9330045611900432,1.577835960697399,,1.4880795956269792,,,5.279869610241038,0.1121055768017562,,0.0317829379872443,0.1247950580605363,,0.1214278088044841,,,0.1898833006378084,,0.1183076878000668,,0.0600542143636993,0.2528252869643539,,,,-1.024674269732123,0.2116490390253996,-0.8058707579658089,1.7695527787569,-0.5777592859729849,-0.7018442530687745,0.9362285123860965
McSweeney_Reef,2025,Heatwave_Only,12.2,0.0,2024,2025,0,11.04710697501257,11.97396097435345,-0.9268539993408798,0.0,-0.0839001560713885,-0.0839001560713885,1,65.8151456937414,0.4190038579026557,24.871002732491224,44.012380720416,12.92,0.0,2,0,0,1,0,28.87,0.0,4,0,0,3,0,33.53,0.0,4,0,0,3,0,37.18,0.0,4,0,0,3,0,mcsweeney reef,North,-11.024166666666668,1.0839001560713886,10.74891738340317,,,5.529194230074802,0.5143954533144088,,,,,1.5790140670389932,0.14689982355591127,0.35773435749405713,11.702043869956826,,,5.243142914101718,0.4480536026328418,,,,,1.5945082666150912,0.1362589547889786,0.1629157831610586,True,True,True,,0.5005106081240343,,,0.14293462266732476,,0.2819494566097066,0.3172019323550867,0.0,0.0247780197988632,0.0264951894156176,0.0,,65.2844019621438,,,0.2926977688857456,0.0,,0.0336850842272318,0.0,0.0313515043810797,0.0,,,,0.8694855879407233,,0.3976573199630077,,0.9901861259798443,1.5790140670389932,,1.2883620124601332,,,5.529194230074802,0.0950180399456656,,0.1190338676134146,0.3477807876122777,,0.0934696504885672,,,0.2804762236195931,,0.2809838416751317,,0.1862647501067034,0.2150656670713719,,,,-1.058186856877796,2.2438331624174257,-0.8058707579658089,2.6451561801210586,-0.5777592859729849,-0.9047452623535249,1.0376983656071328
Michaelmas_Cay,1999,Storm_Only,0.99,19.857384,1998,2000,1,22.83942255415852,20.912119083609184,1.9273034705493368,1.9273034705493368,0.0843849473855642,0.0843849473855642,8,37.48439801616226,2.5245007344852564,,30.54946215790444,1.57,0.0,0,0,0,0,0,6.66,0.0,0,0,0,0,0,6.66,0.0,0,0,0,0,0,6.66,18.00877013333791,0,1,0,0,1,michaelmas cay,Central,-16.565555555555555,0.9156150526144358,22.682228151162356,8.8532981967007,0.3903187172661876,0.3999114322543945,0.017631047073031973,3.283656038264091,0.14476778984765742,1.173839532190884,0.05175150890679717,2.99701112687178,0.13213036686248997,2.4017735136796454,20.78033258344169,9.958206250938378,0.47921303525590997,1.2721061620918868,0.06121683360859845,2.5638797087452514,0.12338010945927869,0.8886213730437454,0.04276261553926341,2.8692822054368143,0.13807681825665932,5.461590975132776,True,True,True,0.3876323131947451,0.01750969978799136,0.14377141236726296,0.05139532443989726,0.13122096759517657,,11.729349655330068,0.0216097712555933,,,0.0,0.8903747470896485,,23.266140807117864,1.416804497063869,,0.0719419265784261,,,0.0,0.8056584392789673,,1.524173147822252,8.8532981967007,,,,,,,,2.99701112687178,1.173839532190884,3.416600832788312,,3.283656038264091,0.3999114322543945,,2.557910992092192,,,,,,,4.031377145221511,1.529600166078062,1.7535022053794562,,0.8503550631401315,13.040032037490038,,0.4499218305193608,8.328674389814939,-0.1747415030000922,-1.1211275500234328,0.49023758075208873,-0.8572574253355764,-0.5777592859729849,0.5155618026397275,-1.6005178181398094
Michaelmas_Cay,2006,Storm_Only,0.44,20.0110980221287,2005,2007,1,22.577720211864328,20.8429029612934,1.7348172505709272,1.7348172505709272,0.0768375741346684,0.0768375741346684,7,45.49073448327401,1.1622116760636922,,45.18506699319267,2.8200000000000003,0.0,0,0,0,0,0,7.840000000000001,0.0,0,0,0,0,0,8.83,19.857384,0,1,0,0,1,8.830000000000002,19.857384,0,1,0,0,1,michaelmas cay,Central,-16.565555555555555,0.9231624258653316,22.463245628361445,10.518471051986284,0.46825250571564625,1.3697615948854318,0.06097790219397371,3.807595418355969,0.16950335144573273,1.7791993639469366,0.07920491069645656,2.319706265608839,0.10326674533087261,1.087921391385257,20.68658026547307,8.1755235747288,0.3952090422782037,1.4346651658568934,0.06935245688004898,3.139764931684619,0.15177786233353624,1.019013663897378,0.04925964808200621,3.727904232571375,0.1802088206330281,5.142254245756224,True,True,True,0.46587835057230226,0.06066872926194019,0.16864392784684798,0.07880332235723198,0.10274315758372542,,11.335906402950576,0.1935108066692089,,,0.0,0.0,,33.214513774429875,0.6618168421623672,,0.2993719157946348,,,0.0,0.0,,0.7885494755906222,10.518471051986284,,,,,,,,2.319706265608839,1.7791993639469366,1.6621116390682429,,3.807595418355969,1.3697615948854318,,1.0064002945097426,,,,,,,1.3275985010385305,0.6278649846964335,0.6987681148716612,,0.7721037659514226,6.383321904429668,,8.389482025101314,9.88862195017009,-0.19434746731193445,-1.2862237491173196,0.5002706256818173,-0.8572574253355764,-0.5777592859729849,0.3126607933549771,-0.8902288455925558
Michaelmas_Cay,2010,Storm_Only,1.5,18.51984,2009,2013,3,22.720904318528262,13.099113936686338,9.621790381841924,9.621790381841924,0.4234774394078858,0.4234774394078858,4,41.08973419567821,1.8515705372294948,13.318728987801755,32.74950363097544,3.37,0.0,0,0,0,0,0,4.470000000000001,22.4598952695551,0,1,0,0,1,6.630000000000001,22.4598952695551,0,1,0,0,1,9.93,22.4598952695551,0,1,0,0,1,michaelmas cay,Central,-16.565555555555555,0.5765225605921142,22.649865459122644,8.948145006159274,0.3950639363535489,1.5747246247636155,0.06952467897019524,3.896839469372269,0.17204691464525879,1.2900912949119252,0.056958011394823434,4.2417700694291804,0.1872757291686574,1.7462964942933108,12.978498392682038,2.734101162872397,0.21066390580392777,1.307974487572732,0.1007801093776948,2.358394777976031,0.1817155349270466,1.191409237961712,0.09179869673008485,3.321754024012465,0.2559428620714277,5.576085252281653,True,True,True,0.3938287350148432,0.06930730408822115,0.1715089951853063,0.05677992727868194,0.18669019551172245,,11.29011227536772,0.1554477317178199,,,0.0,0.5900013786974148,,28.077449974722946,0.8570122256266934,,0.2082424753604896,,,0.0,0.6368524521749677,,0.9012015667578536,8.948145006159274,,,,,,,,4.2417700694291804,1.2900912949119252,2.419363141463654,,3.896839469372269,1.5747246247636155,,0.2789318530227245,,,,,,,0.9292081673339616,2.5146102316322443,1.7362348434488128,,1.382236836805408,1.043076585108624,,15.458398157581096,9.47431610005069,-0.18362053815774168,-0.9680383472272831,0.4029349465379297,-0.8572574253355764,1.3420104933676291,-0.2960422344992739,-0.4843494327084108
Michaelmas_Cay,2016,Heatwave_Only,5.48,0.0,2015,2019,3,16.793778632321224,8.354838764196574,8.43893986812465,8.43893986812465,0.5025039363019296,0.5025039363019296,6,54.947279946100025,3.085838300455145,13.68809143576016,54.76159426699988,3.97,0.0,0,0,0,0,0,5.84,0.0,0,0,0,0,0,10.25,18.51984,0,1,0,0,1,10.71,18.51984,0,1,0,0,1,michaelmas cay,Central,-16.565555555555555,0.4974960636980704,16.66695795435175,6.796473518786307,0.4077812842272002,0.923448784739328,0.05540595873995201,2.7426143115359145,0.16455398273923266,0.7961303996572207,0.04776698914329178,3.1664256001668383,0.18998221564122222,2.914802197560564,8.220151982375606,0.7894898600871683,0.09604321936867734,0.7093568752760898,0.08629486131120014,2.0524330718460737,0.24968310515992734,0.1767994794775296,0.021508054821443207,2.9658348707406907,0.3608004909276107,6.42404329159218,True,True,True,0.40470186415973397,0.054987552531034496,0.16331132924769487,0.047406269731636926,0.18854753712620403,,12.021212033547942,0.5864809383152574,,,0.021444180024285,1.3599708030045,,40.50083594648504,0.3185009524174738,,0.9031944324929592,,,0.0683913501723118,1.5553631760029838,,0.3878532388923089,6.796473518786307,,,,,,,,3.1664256001668383,0.7961303996572207,2.094913499415236,,2.7426143115359145,0.923448784739328,,0.1469518400509089,,,,,,,0.6236213887083966,2.2531026674678385,0.8506746530837849,,0.5551495915035088,14.758873715623292,,0.6234882998959501,4.374420520047375,-0.6276632381842651,0.22665778439757137,-0.8058707579658089,-0.8572574253355764,-0.5777592859729849,0.10975978407022678,0.12446968661780661
Michaelmas_Cay,2017,Heatwave_Only,10.96,0.0,2015,2019,2,16.793778632321224,8.354838764196574,8.43893986812465,8.43893986812465,0.5025039363019296,0.5025039363019296,1,54.947279946100025,3.085838300455145,,54.76159426699988,7.720000000000001,0.0,1,0,0,1,0,9.89,0.0,1,0,0,1,0,12.82,18.51984,1,1,0,1,1,15.73,18.51984,1,1,0,1,1,michaelmas cay,Central,-16.565555555555555,0.4974960636980704,16.66695795435175,6.796473518786307,0.4077812842272002,0.923448784739328,0.05540595873995201,2.7426143115359145,0.16455398273923266,0.7961303996572207,0.04776698914329178,3.1664256001668383,0.18998221564122222,2.914802197560564,8.220151982375606,0.7894898600871683,0.09604321936867734,0.7093568752760898,0.08629486131120014,2.0524330718460737,0.24968310515992734,0.1767994794775296,0.021508054821443207,2.9658348707406907,0.3608004909276107,6.42404329159218,True,True,True,0.40470186415973397,0.054987552531034496,0.16331132924769487,0.047406269731636926,0.18854753712620403,,12.021212033547942,0.5864809383152574,,,0.021444180024285,1.3599708030045,,40.50083594648504,0.3185009524174738,,0.9031944324929592,,,0.0683913501723118,1.5553631760029838,,0.3878532388923089,6.796473518786307,,,,,,,,3.1664256001668383,0.7961303996572207,2.094913499415236,,2.7426143115359145,0.923448784739328,,0.1469518400509089,,,,,,,0.6236213887083966,2.2531026674678385,0.8506746530837849,,0.5551495915035088,14.758873715623292,,0.6234882998959501,4.374420520047375,-0.6276632381842651,1.871616277187572,-0.8058707579658089,0.01834597602858237,-0.5777592859729849,-0.9047452623535249,0.22593953983884282
Michaelmas_Cay,2020,Heatwave_Only,7.83,0.0,2019,2021,1,8.354838764196574,15.465814457520736,-7.110975693324162,0.0,-0.8511206372763527,-0.8511206372763527,3,77.59775718825595,6.5926623871489305,5.578000557986339,77.66689378890388,11.590000000000002,0.0,1,0,0,1,0,19.31,0.0,2,0,0,2,0,21.040000000000003,0.0,2,0,0,2,0,21.48,0.0,2,0,0,2,0,michaelmas cay,Central,-16.565555555555555,1.8511206372763527,8.220151982375606,0.7894898600871683,0.09604321936867734,0.7093568752760898,0.08629486131120014,2.0524330718460737,0.24968310515992734,0.1767994794775296,0.021508054821443207,2.9658348707406907,0.3608004909276107,6.42404329159218,15.301320387479315,2.365303684913099,0.15458167171302206,0.5345400113635832,0.034934240825450845,5.393456438840758,0.35248307350351854,0.7692033589698725,0.050270391017973336,4.162715041308096,0.27204940069840905,6.61462239130502,True,True,True,0.09449492472199587,0.08490371810835343,0.24565801085730968,0.02116132752138529,0.3549840941814865,,16.92890805930961,1.0424216642733148,,,0.3298319523291722,5.317561022102336,,53.83337820959827,0.0856803122905531,,1.136021110489302,,,0.4823333949419663,4.609105696640285,,0.1965830895206269,0.7894898600871683,,,,,,,,2.9658348707406907,0.1767994794775296,1.477856155685604,,2.0524330718460737,0.7093568752760898,,0.0483816692624493,,,,,,,2.0313975674772164,0.6622487148331123,0.7775439932984676,,0.6516196033837084,6.341266295071424,,0.8797877837239245,0.9284374250901516,-1.2598836166256628,0.9320688168896335,-0.8058707579658089,0.8939493773927413,-0.5777592859729849,-0.4989432437840242,0.5303490995019515
Monsoon_Reef,2021,Heatwave_Only,5.87,0.0,2020,2022,1,11.532812085798067,12.787997574262755,-1.2551854884646882,0.0,-0.1088360305471698,-0.1088360305471698,1,66.01674368342265,0.9842437074830636,14.033614502174704,25.70492986770289,14.66,0.0,1,0,0,1,0,18.18,0.0,1,0,0,1,0,18.18,0.0,1,0,0,1,0,18.18,0.0,1,0,0,1,0,monsoon reef,North,-11.131944444444445,1.1088360305471698,11.21609075385554,0.3900596710475039,0.0347767934129296,5.820289933975611,0.5189232203720251,,,,,1.9396204464881008,0.17293195009333845,0.9088372570704296,12.474164206088378,0.2910890375829489,0.023335353998376454,6.4425201271087085,0.5164690812683265,,,,,1.909764053879607,0.1530975560629137,0.22292247493856548,True,True,True,0.033821731260829074,0.5046722248377681,,,0.1681827842210853,,0.6735208677132232,0.0856633200817971,0.2644619077177398,0.0846375185546699,0.2359226393737326,0.4312125882492261,,63.87776090958353,,,0.0635403988822168,0.2198823653178262,,0.190867496155838,0.3758123808858117,,0.0587346158287369,0.3900596710475039,,0.7618697049753862,,,,,0.6102680987139315,1.9396204464881008,,1.285995115112706,,,5.820289933975611,0.4079877835422988,,,0.0426893097704742,,0.2370447147448512,,,0.0449552117810083,0.153083623030903,0.4391264810921176,,0.0727702583732971,0.3165312220262406,,,,-1.0217992686557735,0.34372599830050926,-0.8058707579658089,0.01834597602858237,-0.5777592859729849,-0.9047452623535249,0.6318189527229878
Monsoon_Reef,2022,Heatwave_Only,6.55,0.0,2021,2022,0,17.59237284187743,12.787997574262755,4.804375267614676,4.804375267614676,0.273094215930792,0.273094215930792,1,66.88407042039712,0.8983703900650999,15.80062349052897,43.05202546421127,19.12,0.0,2,0,0,2,0,24.05,0.0,2,0,0,2,0,24.05,0.0,2,0,0,2,0,24.05,0.0,2,0,0,2,0,monsoon reef,North,-11.131944444444445,0.726905784069208,17.263519452061054,0.6956775227796044,0.04029754910123781,9.2353903738256,0.5349656771593586,,,,,2.439149540631468,0.14128923985660777,0.8600206801035406,12.474164206088378,0.2910890375829489,0.023335353998376454,6.4425201271087085,0.5164690812683265,,,,,1.909764053879607,0.1530975560629137,0.22292247493856548,True,True,True,0.03954426893020321,0.5249655891694945,,,0.13864812680784258,,2.4171347336994247,0.0,0.0,0.0,0.9491713749286802,0.2105478225648454,,63.25121622664265,,,0.0,0.0,,0.720444040010627,0.1395766400929136,,0.0,0.6956775227796044,,1.2127778938916896,,,,,1.328850545243886,2.439149540631468,,2.0322933155365988,,,9.2353903738256,0.3193802601522086,,,0.0821023423072731,,0.337968998956873,,,0.2800024662085035,0.3678627612302249,0.2181796909853179,,0.019986452611855,0.2491463740821292,,,,-0.5678349254724063,0.547844935362042,-0.8058707579658089,0.8939493773927413,-0.5777592859729849,-0.9047452623535249,0.733288805944024
Monsoon_Reef,2024,Heatwave_Only,5.4,0.0,2023,2025,1,16.333375212013646,16.597777983675083,-0.2644027716614374,0.0,-0.0161878832898519,-0.0161878832898519,2,60.7403290940992,0.3655961656177775,18.297142975868216,54.68384385697527,13.19,0.0,2,0,0,2,0,26.44,0.0,3,0,0,3,0,31.37,0.0,3,0,0,3,0,31.37,0.0,3,0,0,3,0,monsoon reef,North,-11.131944444444445,1.0161878832898519,15.932757299068664,1.3954782748466832,0.08758548496362614,7.0835293883587305,0.4445890472939541,,,,,2.34947667451656,0.1474620262152551,0.304897931087628,16.26081735448982,0.8615248424693203,0.05298164438403474,7.628746894789875,0.46914904266380436,,,,,2.905857595335833,0.1787030462237797,0.33976736578471833,True,True,True,0.08543722633765681,0.43368436078959355,,,0.14384514186562342,,0.9101019629950956,0.2032658240400503,0.0261855816397043,0.0,0.0266876669474684,0.1362045043301837,,59.423315901473806,,,0.1625462813645067,0.014688661911034,,0.019474779531492,0.1081882082805953,,0.0,1.3954782748466832,,1.277825732903734,,,,,0.9030209998400994,2.34947667451656,,2.387895763879773,,,7.0835293883587305,0.5355304647230842,,,0.0511749719656014,,0.5266653822501601,,,0.1759944815314907,0.214411997005907,0.3733724239159088,,0.2107147557690438,0.4089505137964005,,,,-0.6621552987003043,0.20264379180209688,-0.8058707579658089,1.7695527787569,-0.5777592859729849,-0.7018442530687745,0.9362285123860965
Monsoon_Reef,2025,Heatwave_Only,11.95,0.0,2024,2025,0,16.84383300987509,16.597777983675083,0.2460550262000076,0.2460550262000076,0.0146080186176004,0.0146080186176004,1,60.89425940373319,0.5987285240544632,22.25470825921257,45.06458757486617,12.72,0.0,2,0,0,1,0,28.49,0.0,4,0,0,3,0,33.25,0.0,4,0,0,3,0,36.77,0.0,4,0,0,3,0,monsoon reef,North,-11.131944444444445,0.9853919813823996,16.516292554515058,0.723350593075656,0.04379618432454526,8.334624113622668,0.5046304481537071,,,,,2.9276942315163303,0.17726098165511042,0.5437768100893251,16.26081735448982,0.8615248424693203,0.05298164438403474,7.628746894789875,0.46914904266380436,,,,,2.905857595335833,0.1787030462237797,0.33976736578471833,True,True,True,0.04294453600030199,0.49481754590753185,,,0.17381401429234672,,0.3908259574895844,0.0258170783088377,0.0,0.0,0.3574351337778771,0.3253618582922636,,59.75560913060188,,,0.0200413900300352,0.0,,0.2628170609627434,0.2609183590965465,,0.0,0.723350593075656,,0.5808621258518002,,,,,1.1933669452201745,2.9276942315163303,,2.348327711860558,,,8.334624113622668,0.4080668333678716,,,0.2997778271986176,,0.4380889704275734,,,0.4411149654205366,0.5084506504647569,0.2821815525598499,,0.1457850160758828,0.2093645718028281,,,,-0.6239133124810041,2.168789435556568,-0.8058707579658089,2.6451561801210586,-0.5777592859729849,-0.9047452623535249,1.0376983656071328
Moore_Reef,1990,Storm_Only,0.0,22.481028,1989,1990,0,12.64461314847428,20.83598673623655,-8.19137358776227,0.0,-0.6478152784571867,-0.6478152784571867,4,,,,,1.1,0.0,0,0,0,0,0,1.1,24.592774699882018,0,1,0,0,1,1.1,24.592774699882018,0,1,0,0,1,1.1,24.592774699882018,0,1,0,0,1,moore reef,Central,-16.86277777777778,1.6478152784571867,,,,,,,,,,,,,,,,,,,,,,,,,False,False,False,,,,,,,,,,,,,,,,,,,,,,,,,,,,,,,,,,,,,,,,,,,,,,,,,,,,,,,-0.9385064262394303,-1.4183007083924293,0.6614850555567849,-0.8572574253355764,1.3420104933676291,-0.2960422344992739,-2.5137464971291354
Moore_Reef,1991,Storm_Only,0.0,21.26643391905947,1990,1994,3,20.83598673623655,11.674692249518188,9.16129448671836,9.16129448671836,0.4396861354680003,0.4396861354680003,1,,,,,1.1,22.481028,0,1,0,0,1,1.1,47.073802699882016,0,2,0,0,1,1.1,47.073802699882016,0,2,0,0,1,1.1,47.073802699882016,0,2,0,0,1,moore reef,Central,-16.86277777777778,0.5603138645319997,,,,,,,,,,,,,,,,,,,,,,,,,False,False,False,,,,,,,,,,,,,,,,,,,,,,,,,,,,,,,,,,,,,,,,,,,,,,,,,,,,,,,-0.32483298022152596,-1.4183007083924293,0.5822074671058379,-0.8572574253355764,3.2617802727082434,-0.9047452623535249,-2.412276643908099
Moore_Reef,2010,Storm_Only,1.22,18.51984,2008,2012,2,26.35041071192442,18.63093681088769,7.719473901036732,7.719473901036732,0.2929545951078257,0.2929545951078257,4,49.64242311938945,4.981534795220677,5.168140622589725,37.38638003880328,2.32,0.0,0,0,0,0,0,3.72,26.170760163037063,0,1,0,0,1,5.369999999999999,26.170760163037063,0,1,0,0,1,7.24,26.170760163037063,0,1,0,0,1,moore reef,Central,-16.86277777777778,0.7070454048921743,26.22320772993553,12.436205060323388,0.4742442339015084,1.8299281665448968,0.06978277354131289,3.265448645406413,0.12452514120454786,1.523471017427381,0.05809628757538452,4.595447198541271,0.1752435188657436,4.5779725291406415,18.528904900558583,1.7163768724636592,0.09263239687802145,2.00204520889369,0.10804983994673832,2.163852655330091,0.11678254418936859,3.0334262730748334,0.16371319780390184,5.691857460518361,0.3071880119772632,3.8859956908037856,True,True,True,0.47195488511667105,0.06944590680390399,0.12392401321960006,0.05781583574095718,0.174397554891305,,14.533045744935636,1.9368711211078804,,0.0,0.0,0.8363123623270345,,29.570113112701623,2.615823105208951,,1.998589470230716,0.0,,0.0,0.969911224040974,0.0,1.609471834868951,12.436205060323388,,,,,,1.0233944823503471,,4.595447198541271,1.523471017427381,1.5493131593418328,,3.265448645406413,1.8299281665448968,,,,,,,,,2.823722324784628,4.533058193250579,0.7496007823932844,,1.4390152583322815,4.601466438023941,,5.382004173517905,4.384622074655171,0.08829133009192777,-1.052087321311444,0.4029349465379297,-0.8572574253355764,1.3420104933676291,-0.2960422344992739,-0.4843494327084108
Moore_Reef,2011,Storm_Only,1.7,23.242731572016485,2010,2012,1,31.645494528861622,18.63093681088769,13.014557717973933,13.014557717973933,0.4112609997642563,0.4112609997642563,1,47.47436252054992,8.040502049482454,6.473774420069473,30.320716745733243,3.54,18.51984,0,1,0,0,1,4.3,44.69060016303706,0,2,0,0,1,6.589999999999999,44.69060016303706,0,2,0,0,1,6.59,44.69060016303706,0,2,0,0,1,moore reef,Central,-16.86277777777778,0.5887390002357438,31.522930734112858,12.24249698714442,0.3883679817211944,2.407023056813939,0.07635784493251939,2.7235246491546885,0.08639820555159862,2.9016935734864955,0.09205024742025013,6.256091061665475,0.19846159338526803,7.10689286120268,18.528904900558583,1.7163768724636592,0.09263239687802145,2.00204520889369,0.10804983994673832,2.163852655330091,0.11678254418936859,3.0334262730748334,0.16371319780390184,5.691857460518361,0.3071880119772632,3.8859956908037856,True,True,True,0.38686382277827586,0.07606210908218429,0.08606358313252946,0.09169373450113304,0.19769294665184442,,11.64584054158986,3.2157499286506144,,0.1061996005357335,0.0607079982992734,3.1622588868216845,,27.832642785641248,1.4097333366213418,,2.739105024987837,0.0694472852377156,,0.1328753454064036,2.8575525691052954,0.0,1.3079126364654283,12.24249698714442,,,,,,2.403092540859573,,6.256091061665475,2.9016935734864955,2.589008864988268,,2.7235246491546885,2.407023056813939,,,,,,,,,0.2048481201298358,4.374144992075816,0.8351020428775822,,1.400209960376514,9.332743125829593,,3.7701650721245294,3.0457696782124217,0.48498332540613237,-0.908003365738597,0.7112020953905202,-0.8572574253355764,3.2617802727082434,-0.9047452623535249,-0.38287957948737456
Moore_Reef,2017,Heatwave_Only,10.7,0.0,2016,2018,1,28.63381377128944,11.772605094064188,16.86120867722525,16.86120867722525,0.5888565460368975,0.5888565460368975,6,41.93752722519712,6.105009886904184,18.91830945922026,36.93438329744748,4.87,0.0,0,0,0,0,0,8.129999999999999,0.0,0,0,0,0,0,11.05,44.372606275965325,0,2,0,0,2,13.37,44.372606275965325,0,2,0,0,2,moore reef,Central,-16.86277777777778,0.4111434539631024,28.544841419982234,9.427420793076752,0.3302670578676706,1.8131397713360384,0.06351899962095382,3.0066116720034537,0.10532942284621474,3.216762266974836,0.11269154449472638,6.720747765224247,0.23544526544538882,5.453981492880813,11.677403608222724,2.7882033140768896,0.23876911406175574,0.6800248841223387,0.05823425368662385,0.903772969692094,0.07739502718358524,1.130458418624069,0.09680734318612134,3.607989476267642,0.3089718911254426,9.21879493649654,True,True,True,0.329240836319521,0.06332163035697459,0.10500213824181967,0.11234138395494561,0.23471367869141513,,10.730582336270118,2.1289778277357585,,0.0241393789970246,0.3922506129910509,3.16498951812926,,25.068249252371377,0.3103539059974581,,1.938258734759964,0.0667853744854992,,0.3275140277043842,2.7399426970767675,0.0,0.381480658854198,9.427420793076752,,,,,,1.9188565594462088,,6.720747765224247,3.216762266974836,2.4413025919206968,,3.0066116720034537,1.8131397713360384,,,,,,,,,1.2211433834113332,4.435802991979733,0.7941396632945426,,2.1067093020679404,13.501322793858892,,4.617539405901444,3.223243626430268,0.25935712376807174,1.7935708012522795,-0.8058707579658089,-0.8572574253355764,-0.5777592859729849,0.10975978407022678,0.22593953983884282
Moore_Reef,2020,Heatwave_Only,5.6000000000000005,0.0,2018,2020,0,11.772605094064188,14.956806731098016,-3.184201637033828,0.0,-0.2704755329505888,-0.2704755329505888,3,73.16153290931337,9.739720959965757,5.730585615813202,38.50683184239324,11.57,0.0,1,0,0,1,0,16.44,0.0,1,0,0,1,0,19.23,0.0,1,0,0,1,0,19.7,0.0,1,0,0,1,0,moore reef,Central,-16.86277777777778,1.2704755329505888,11.677403608222724,2.7882033140768896,0.23876911406175574,0.6800248841223387,0.05823425368662385,0.903772969692094,0.07739502718358524,1.130458418624069,0.09680734318612134,3.607989476267642,0.3089718911254426,9.21879493649654,14.842838585125849,2.284649501763695,0.15392268053451474,1.0485799510226328,0.07064551332340331,0.9280924217862002,0.06252796029974014,1.1466130880056835,0.07725025650785662,5.875349820862559,0.3958373452063478,6.527922286103091,True,True,True,0.23683826067373287,0.0577633309440755,0.07676915707873198,0.09602449157103318,0.3064733291773127,,12.571067071001686,4.5130932597797,,0.0,0.942742281846986,6.106833601949284,,48.857309986631705,0.1398118847078946,,3.2754198392147083,0.0,,0.7842797798917197,5.015133325453489,0.0,0.1439619919366239,2.7882033140768896,,,,,,0.0199512983090877,,3.607989476267642,1.130458418624069,2.5470032471306023,,0.903772969692094,0.6800248841223387,,,,,,,,,0.8088370851837987,3.128478399309619,1.081723196245122,,1.57447191572155,5.760933141471957,,7.153302106596144,0.7924862872787326,-1.003834686752988,0.2626787732907831,-0.8058707579658089,0.01834597602858237,-0.5777592859729849,-0.4989432437840242,0.5303490995019515
Myrmidon_Reef,2000,Storm_Only,0.0,20.948618644133813,1999,2003,3,38.54377220177692,23.323470632064467,15.22030156971245,15.22030156971245,0.3948835492809076,0.3948835492809076,11,30.76560492699645,2.019823222879285,,36.96904795496065,1.58,0.0,0,0,0,0,0,3.5,0.0,0,0,0,0,0,5.67,0.0,0,0,0,0,0,5.82,0.0,0,0,0,0,0,myrmidon reef,Central,-18.26536388888889,0.6051164507190925,38.41040394087346,6.690449982222868,0.1741832757739732,3.3659778417465382,0.08763193032095969,4.105345201892441,0.10688107337303585,2.1949726185947864,0.05714526256931815,9.995780532162568,0.2602362773260453,1.9733378699251527,23.21693691359352,4.41482810275609,0.19015549377537427,2.879459999986911,0.1240241126856397,2.2777731756010144,0.09810825536883713,2.840820435655044,0.12235982921553028,3.82988130085221,0.16496066277415838,5.175430651332549,True,True,True,0.17358057086883752,0.08732870836112305,0.10651124597771412,0.05694752986563145,0.25933581383354454,,10.205043478003448,0.0699439461896114,,0.0,0.0,0.0,,18.374137121164868,2.046508009875452,0.0,0.0636012608816342,0.0,,0.0,0.0,,1.9097366090435184,6.690449982222868,,,,,,,,9.995780532162568,2.1949726185947864,8.389222538569763,,4.105345201892441,3.3659778417465382,3.668655225684492,,,,,2.356686368783858,,,0.5497644920403347,2.187197312915336,0.9964514029575304,,,2.0125741231844594,,0.7303960619226951,14.68182126478254,1.0017818556856863,-1.4183007083924293,0.561463393868242,-0.8572574253355764,-0.5777592859729849,1.1242648304939784,-1.4990479649187731
Myrmidon_Reef,2004,Heatwave_Only,4.03,0.0,2003,2007,3,23.323470632064467,24.116188653212305,-0.792718021147838,0.0,-0.0339879957684355,-0.0339879957684355,4,67.2363022995751,5.203970433760922,,56.53963092470189,6.68,0.0,0,0,0,0,0,7.61,21.22776573664167,0,1,0,0,1,8.26,21.22776573664167,0,1,0,0,1,8.98,21.22776573664167,0,1,0,0,1,myrmidon reef,Central,-18.26536388888889,1.0339879957684355,23.21693691359352,4.41482810275609,0.19015549377537427,2.879459999986911,0.1240241126856397,2.2777731756010144,0.09810825536883713,2.840820435655044,0.12235982921553028,3.82988130085221,0.16496066277415838,5.175430651332549,23.98865769394002,1.676665532783009,0.06989409554193463,3.8670571247524586,0.16120356437156336,1.769900301208264,0.07378071436049435,2.4435640178096323,0.10186330760920073,5.871861911860177,0.24477659345414388,3.4546601603430775,True,True,True,0.18928692785055348,0.12345761252308257,0.09766013006956153,0.12180093093647744,0.16420717830848872,,9.67145825366127,0.6264568254694627,,0.0,0.0,0.0,,52.01928449507025,4.853994401115957,0.0,0.5688037681290387,0.0,,0.0,0.0,,4.606626883203511,4.41482810275609,,,,,,,,3.82988130085221,2.840820435655044,4.530960513061612,,2.2777731756010144,2.879459999986911,2.4432133856806404,,,,,0.7808950361716638,,,0.8209128034544728,0.2327868624275874,0.2531548368579815,,,0.3818839329227284,,1.3424761696206633,1.1005091127124302,-0.13847805477320785,-0.20859583139540328,-0.8058707579658089,-0.8572574253355764,1.3420104933676291,-0.2960422344992739,-1.0931685520346281
Myrmidon_Reef,2006,Storm_Only,0.95,22.87766139079113,2005,2007,1,29.2718330714089,24.116188653212305,5.155644418196594,5.155644418196594,0.1761298790417174,0.1761298790417174,2,59.29442897268883,1.1636661634745258,,60.63868375199029,5.7700000000000005,0.0,1,0,0,1,0,12.16,0.0,1,0,0,1,0,13.09,21.22776573664167,1,1,0,1,1,13.74,21.22776573664167,1,1,0,1,1,myrmidon reef,Central,-18.26536388888889,0.8238701209582825,29.12222787642766,4.7307077922327645,0.1624431967329646,3.400638277612197,0.11677122684575818,3.41230287056698,0.11717176601481757,1.774054015760923,0.06091752400567168,6.376687829309498,0.21896291232824827,1.1330365721061955,23.98865769394002,1.676665532783009,0.06989409554193463,3.8670571247524586,0.16120356437156336,1.769900301208264,0.07378071436049435,2.4435640178096323,0.10186330760920073,5.871861911860177,0.24477659345414388,3.4546601603430775,True,True,True,0.16161296700114955,0.11617442164678617,0.1165729137031711,0.0606061810831287,0.2178438164003433,,11.282211576954666,0.1697876151496058,,0.0,0.0,0.0,,46.75968906201109,1.04735496512003,0.0,0.1587862723138434,0.0,,0.0,0.0,,0.974250299792352,4.7307077922327645,,,,,,,,6.376687829309498,1.774054015760923,6.906191962375266,,3.41230287056698,3.400638277612197,2.521645128570034,,,,,0.7671002502299136,,,0.0841290149183681,1.375332250716167,0.5166059813888,,,0.3433966660401356,,2.883663931364424,1.2841528660108856,0.30715563989425426,-1.13313454632117,0.687373654237172,0.01834597602858237,-0.5777592859729849,-0.7018442530687745,-0.8902288455925558
Myrmidon_Reef,2011,Storm_Only,2.2,24.724397130988542,2009,2011,0,28.47552558877029,19.65680965325989,8.818715935510397,8.818715935510397,0.3096945799303588,0.3096945799303588,5,57.66356463555372,2.3447062343450105,16.41675084327115,54.4825800079444,4.550000000000001,0.0,0,0,0,0,0,5.5,23.78027582505933,0,1,0,0,1,10.98,23.78027582505933,1,1,0,1,1,11.27,23.78027582505933,1,1,0,1,1,myrmidon reef,Central,-18.26536388888889,0.6903054200696412,28.37561687454024,3.0375801444436417,0.10704895537157758,3.690668801884821,0.13006479535591134,2.5548278015363484,0.09003602680541702,2.5545147431650848,0.09002499415112626,6.595681465198277,0.2324418705806601,2.286520673242273,19.538500169541727,0.5422980308843296,0.02775535615214262,3.2528364505501366,0.1664834261752053,0.5067644375249214,0.02593671126890839,2.17813493716177,0.11147912676312953,5.676190926698739,0.2905131344496579,2.178061662687509,True,True,True,0.10667336534225562,0.1296084523665574,0.08972012802966066,0.08970913408434127,0.23162632923619764,,10.673388040069128,1.3439983982631951,,0.0,0.0,0.9373517299897046,,44.43002439295663,0.1948104028321743,0.0,1.2346002179627016,0.0,,0.0,0.8693422615554512,,0.1825781937241203,3.0375801444436417,,,,,,,,6.595681465198277,2.5545147431650848,6.660743882903733,,2.5548278015363484,3.690668801884821,3.281600035408333,,,,,1.1440079762302615,,,0.2409693461528751,1.77343956765545,0.7558564719600057,,,0.3191066761958956,,1.7949469773815043,1.5632449621961038,0.2474986419896849,-0.7579159120168816,0.8079116663075553,-0.8572574253355764,1.3420104933676291,-0.09314122521452356,-0.38287957948737456
Myrmidon_Reef,2016,Heatwave_Only,7.24,0.0,2015,2017,1,23.031454911907243,24.706993005882914,-1.6755380939756712,0.0,-0.0727499891076972,-0.0727499891076972,5,65.74076692962197,2.043163871295887,23.83423872878893,44.14413922590956,4.59,0.0,0,0,0,0,0,7.9,27.18399846726588,0,1,0,0,1,12.16,27.18399846726588,0,1,0,0,1,12.45,27.18399846726588,0,1,0,0,1,myrmidon reef,Central,-18.26536388888889,1.0727499891076973,22.940474193171458,1.9949389496501009,0.08696153936712962,3.633141046772241,0.15837253476886257,2.0836491569829065,0.09082851293471227,2.6368616386884023,0.1149436413774437,5.018968619603657,0.21878225259605233,1.971543554912424,24.578009118241567,4.370690573233645,0.1778293169396605,3.8186454273267447,0.1553683786573495,3.590109423784808,0.14606998502251603,2.6557314379057244,0.10805315536866106,3.9454040712129066,0.16052577945724109,2.8486964380960718,True,True,True,0.08661801685045607,0.1577469187538782,0.09046971478582803,0.11448958169486492,0.21791800122053318,,14.57985025295726,1.1064671338025287,,0.0,0.0933404878797487,0.889874178368847,,48.89246425056487,0.0589298519469208,0.0,0.9926675662961284,0.0,,0.09351278470183,0.8213764940219942,,0.0639867098924716,1.9949389496501009,,,,,,,,5.018968619603657,2.6368616386884023,4.249078283735034,,2.0836491569829065,3.633141046772241,3.323836497739115,,,,,1.2078028531935985,,,0.4598799126804797,1.396321105647894,0.6491958013774274,,,1.470541057197411,,0.4015158882820673,1.8721825072607907,-0.16035500756510684,0.7549656214980094,-0.8058707579658089,-0.8572574253355764,1.3420104933676291,-0.09314122521452356,0.12446968661780661
Myrmidon_Reef,2017,Heatwave_Only,7.46,0.0,2015,2017,0,23.031454911907243,24.706993005882914,-1.6755380939756712,0.0,-0.0727499891076972,-0.0727499891076972,1,65.74076692962197,2.043163871295887,23.83423872878893,44.14413922590956,10.69,0.0,1,0,0,1,0,12.94,0.0,1,0,0,1,0,16.41,27.18399846726588,1,1,0,1,1,19.4,27.18399846726588,1,1,0,1,1,myrmidon reef,Central,-18.26536388888889,1.0727499891076973,22.940474193171458,1.9949389496501009,0.08696153936712962,3.633141046772241,0.15837253476886257,2.0836491569829065,0.09082851293471227,2.6368616386884023,0.1149436413774437,5.018968619603657,0.21878225259605233,1.971543554912424,24.578009118241567,4.370690573233645,0.1778293169396605,3.8186454273267447,0.1553683786573495,3.590109423784808,0.14606998502251603,2.6557314379057244,0.10805315536866106,3.9454040712129066,0.16052577945724109,2.8486964380960718,True,True,True,0.08661801685045607,0.1577469187538782,0.09046971478582803,0.11448958169486492,0.21791800122053318,,14.57985025295726,1.1064671338025287,,0.0,0.0933404878797487,0.889874178368847,,48.89246425056487,0.0589298519469208,0.0,0.9926675662961284,0.0,,0.09351278470183,0.8213764940219942,,0.0639867098924716,1.9949389496501009,,,,,,,,5.018968619603657,2.6368616386884023,4.249078283735034,,2.0836491569829065,3.633141046772241,3.323836497739115,,,,,1.2078028531935985,,,0.4598799126804797,1.396321105647894,0.6491958013774274,,,1.470541057197411,,0.4015158882820673,1.8721825072607907,-0.16035500756510684,0.8210041011355641,-0.8058707579658089,0.01834597602858237,-0.5777592859729849,-0.9047452623535249,0.22593953983884282
Myrmidon_Reef,2020,Concurrent,8.3,22.69490006038999,2019,2020,0,28.26376745530592,33.97855595306031,-5.714788497754388,0.0,-0.2021948597897042,-0.2021948597897042,3,59.99510861797195,3.567282262925408,17.863995526981448,80.33818832899568,7.92,0.0,1,0,0,1,0,18.610000000000003,0.0,2,0,0,2,0,19.75,0.0,2,0,0,2,0,20.86,0.0,2,0,0,2,0,myrmidon reef,Central,-18.26536388888889,1.2021948597897043,28.169607991236937,8.294491803778936,0.2944482509788281,3.370975450318956,0.11966710546229846,4.7705958359597895,0.16935258159942576,2.398623735529141,0.08514934734893399,4.069345015391349,0.14445870232405256,3.510242584546425,33.85923118455505,8.66983281628714,0.2560552178231944,3.867060633832578,0.11420993621368888,5.519327428550339,0.16300805527645856,2.643715029657765,0.07807959416585042,4.939691099144417,0.14588905082397932,2.9841043213662384,True,True,True,0.2934673099364827,0.11926843990807486,0.168788391126683,0.08486567614604579,0.14397744468518883,,15.115112120743678,1.635949381616704,,0.0,0.1304186002489596,2.05844220805053,,40.9499892920456,0.0,0.0,1.4900712371617786,0.0,,0.1281191134183309,1.8920522339663155,,0.0,8.294491803778936,,,,,,,,4.069345015391349,2.398623735529141,3.7531024674288087,,4.7705958359597895,3.370975450318956,1.512473682829956,,,,,0.3534279210111856,,,0.9778840330520292,0.6615537884310234,2.024211928653485,,,1.1297429576010587,,0.083156533785643,2.6060835421155364,0.23163434986662254,1.0731510233880461,0.6754446667971299,0.8939493773927413,-0.5777592859729849,-0.4989432437840242,0.5303490995019515
Myrmidon_Reef,2022,Heatwave_Only,6.3,0.0,2021,2024,2,35.09108567472428,34.836646340761845,0.2544393339624378,0.2544393339624378,0.0072508253612029,0.0072508253612029,2,53.67113422258998,4.868103451098356,24.08108723816071,78.70379524540289,8.450000000000001,25.044104949737143,1,1,1,1,1,16.369999999999997,25.044104949737143,2,1,1,1,1,27.06,25.044104949737143,3,1,1,2,1,27.06,25.044104949737143,3,1,1,2,1,myrmidon reef,Central,-18.26536388888889,0.992749174638797,34.97799050438582,12.073129720716103,0.3451636170809263,3.6880555125203385,0.10543931939308808,6.895423800037223,0.19713607616116824,2.224143472864742,0.0635869425542288,4.154882852621896,0.11878563613026666,4.764262571345961,34.74199322317562,5.394987972873329,0.15528723231902686,4.865986901160619,0.14006067153091914,4.585491953513316,0.13198701421812595,3.284216719825201,0.09453161477316656,8.146971019447399,0.23449924036058858,4.399025082889285,True,True,True,0.3440511881743301,0.10509949867914185,0.19650072568156304,0.0633820079971697,0.11840280153015077,,17.454490182344728,0.9024565289966848,,0.0270235551936237,1.076388082868229,3.1058565118920765,,30.962947062083035,0.0,0.0,0.8192892950831084,0.0285043582768394,,1.0190485209428453,2.897420397043168,,0.0,12.073129720716103,,,,,,,,4.154882852621896,2.224143472864742,3.892857761268608,,6.895423800037223,3.6880555125203385,2.049497384356912,,,,,0.2304114215812684,,,0.6103756181266845,0.6028502159117282,0.6855002400574042,,,2.402813744090354,,0.0728949535664809,1.3715855885110395,0.7431168080749349,0.4728012085011844,-0.8058707579658089,0.8939493773927413,1.3420104933676291,-0.7018442530687745,0.733288805944024
Myrmidon_Reef,2024,Concurrent,8.73,21.17579274229148,2023,2024,0,39.08073863596194,34.836646340761845,4.2440922952000975,4.2440922952000975,0.108598057338013,0.108598057338013,2,46.54044139977034,5.917032456718553,16.140040038281573,66.45114181240166,8.05,0.0,1,0,0,1,0,16.35,25.044104949737143,2,1,1,1,1,24.27,25.044104949737143,3,1,1,1,1,31.51,25.044104949737143,4,1,1,2,1,myrmidon reef,Central,-18.26536388888889,0.8914019426619869,38.95246766276529,12.88547297580486,0.3307999145872368,3.5967505608160297,0.09233691153934692,5.30292387839799,0.13613832952275476,3.001358802982117,0.07705182708748179,6.255542470865619,0.16059425361760327,5.845044852373007,34.74199322317562,5.394987972873329,0.15528723231902686,4.865986901160619,0.14006067153091914,4.585491953513316,0.13198701421812595,3.284216719825201,0.09453161477316656,8.146971019447399,0.23449924036058858,4.399025082889285,True,True,True,0.32971416164452166,0.09203384291990617,0.13569149569548464,0.0767989272398316,0.16006715044810574,,10.974065145067256,0.7620455179585071,,0.0,1.8480037963411613,3.6264087985141344,,29.21975916544114,0.0,0.0,0.6922592124695274,0.0,,1.7400708290645357,3.4127148108389447,,0.0,12.88547297580486,,,,,,,,6.255542470865619,3.001358802982117,6.354880170532084,,5.30292387839799,3.5967505608160297,1.5555388033665876,,,,,0.4639506698028072,,,0.7470963547030341,1.3995342265668624,1.5561226620202488,,,1.737016659643162,,0.1508194062083646,3.2107436393777102,1.0420097904187047,1.2022262335887213,0.5762912404246098,0.8939493773927413,1.3420104933676291,-0.7018442530687745,0.9362285123860965
Myrmidon_Reef,2025,Heatwave_Only,7.18,0.0,2024,2025,0,34.836646340761845,39.29424518494229,-4.4575988441804455,0.0,-0.1279571747687054,-0.1279571747687054,1,50.2759569253418,4.459797015490208,14.468860730189396,70.29089951969121,16.630000000000003,0.0,2,0,0,1,0,25.08,25.044104949737143,3,1,1,1,1,25.540000000000003,25.044104949737143,3,1,1,1,1,33.0,25.044104949737143,4,1,1,1,1,myrmidon reef,Central,-18.26536388888889,1.1279571747687054,34.74199322317562,5.394987972873329,0.15528723231902686,4.865986901160619,0.14006067153091914,4.585491953513316,0.13198701421812595,3.284216719825201,0.09453161477316656,8.146971019447399,0.23449924036058858,4.399025082889285,39.14483910046202,7.572567931801194,0.19344996954430746,5.178940531477087,0.13230200073592743,6.470778446765172,0.16530348815991935,4.311217582669077,0.1101350186062763,7.656800910787139,0.19560179800807423,4.50771338752999,True,True,True,0.15486530821885497,0.13968011884849546,0.13162839811442753,0.09427476708578539,0.2338620928018191,,8.546885224856581,2.632787281676925,,0.0,0.4631199369076782,1.6868490638954354,,36.86025119908065,0.0,0.0,2.405259108134254,0.0,,0.4364218384958198,1.5573441362592113,,0.0,5.394987972873329,,,,,,,,8.146971019447399,3.284216719825201,6.423962041577839,,4.585491953513316,4.865986901160619,2.040376614777919,,,,,0.5603288658233947,,,1.0337940167959534,0.5850902734360927,1.1599876352140976,,,1.9585625913538487,,0.0,2.9017141844305128,0.7240549668339856,0.7369551270514034,-0.8058707579658089,1.7695527787569,1.3420104933676291,-0.9047452623535249,1.0376983656071328
North_Direction_Island,2014,Storm_Only,0.0,41.000868,2013,2017,3,35.26129004495794,4.628370176594759,30.63291986836318,30.63291986836318,0.8687407587557457,0.8687407587557457,10,55.52162407455541,3.419769206015554,14.59367316715282,34.69525342021117,3.68,0.0,0,0,0,0,0,7.68,0.0,0,0,0,0,0,9.63,0.0,0,0,0,0,0,9.63,0.0,0,0,0,0,0,north direction island,North-Central,-14.743333333333332,0.13125924124425437,35.060818112818026,8.419135751971893,0.24012947230383958,5.368820374776714,0.15312878203529157,2.851066381303967,0.08131773685741903,,,10.519833121482664,0.30004528381602924,3.2965400214105123,4.530199983571487,0.0563564783467243,0.012440174506886642,0.7146563336725866,0.15775381578390518,0.3476628476219995,0.0767433775291994,,,0.7585628500135165,0.16744577563118662,1.7568152536807191,True,True,True,0.2387642579507881,0.1522581949761764,0.08085541900675994,,0.29833942853678747,,5.20728168771735,0.3115504424320617,,0.0244218219328354,0.4588448210116976,2.6962010783505743,,46.20781115317652,0.5436841448006059,,0.2594180961627735,0.0274491742178265,,0.3774785000321458,2.170663029304023,0.0,0.4615312216937435,8.419135751971893,,,,1.564751133806851,,,3.1035104818761003,10.519833121482664,,3.233700867599834,,2.851066381303967,5.368820374776714,,,,,,0.0248692344805324,,,0.0275646531971268,0.7219873174387565,0.086005677010039,,0.2919992739452787,0.2952235534712562,,0.718219934348727,,0.7558680153406663,-1.4183007083924293,1.8702907600605234,-0.8572574253355764,-0.5777592859729849,0.9213638212092281,-0.07847001982426587
North_Direction_Island,2015,Storm_Only,1.82,29.117304,2013,2017,2,35.26129004495794,4.628370176594759,30.63291986836318,30.63291986836318,0.8687407587557457,0.8687407587557457,1,55.52162407455541,3.419769206015554,14.59367316715282,34.69525342021117,1.48,41.000868,0,1,0,0,1,5.970000000000001,41.000868,0,1,0,0,1,8.5,41.000868,0,1,0,0,1,9.63,41.000868,0,1,0,0,1,north direction island,North-Central,-14.743333333333332,0.13125924124425437,35.060818112818026,8.419135751971893,0.24012947230383958,5.368820374776714,0.15312878203529157,2.851066381303967,0.08131773685741903,,,10.519833121482664,0.30004528381602924,3.2965400214105123,4.530199983571487,0.0563564783467243,0.012440174506886642,0.7146563336725866,0.15775381578390518,0.3476628476219995,0.0767433775291994,,,0.7585628500135165,0.16744577563118662,1.7568152536807191,True,True,True,0.2387642579507881,0.1522581949761764,0.08085541900675994,,0.29833942853678747,,5.20728168771735,0.3115504424320617,,0.0244218219328354,0.4588448210116976,2.6962010783505743,,46.20781115317652,0.5436841448006059,,0.2594180961627735,0.0274491742178265,,0.3774785000321458,2.170663029304023,0.0,0.4615312216937435,8.419135751971893,,,,1.564751133806851,,,3.1035104818761003,10.519833121482664,,3.233700867599834,,2.851066381303967,5.368820374776714,,,,,,0.0248692344805324,,,0.0275646531971268,0.7219873174387565,0.086005677010039,,0.2919992739452787,0.2952235534712562,,0.718219934348727,,0.7558680153406663,-0.8719823768453852,1.0946404330039583,-0.8572574253355764,1.3420104933676291,-0.9047452623535249,0.022999833396770367
North_Direction_Island,2016,Heatwave_Only,8.94,0.0,2015,2017,1,8.701848052216835,4.628370176594759,4.073477875622077,4.073477875622077,0.4681164105806628,0.4681164105806628,1,81.95539570057385,1.6653991772869854,4.290355434026616,30.055487449382543,3.3,70.118172,0,2,0,0,2,5.5,70.118172,0,2,0,0,2,9.5,70.118172,0,2,0,0,2,10.32,70.118172,0,2,0,0,2,north direction island,North-Central,-14.743333333333332,0.5318835894193372,8.55994141372194,0.349456395103899,0.04082462463396139,2.386803373433416,0.2788340781874128,0.6227714161517229,0.07275416805463114,,,2.1174103717156325,0.24736271773091065,1.5800938509135483,4.530199983571487,0.0563564783467243,0.012440174506886642,0.7146563336725866,0.15775381578390518,0.3476628476219995,0.0767433775291994,,,0.7585628500135165,0.16744577563118662,1.7568152536807191,True,True,True,0.04015887119689172,0.2742869513591848,0.07156771899654914,,0.2433288146391171,,2.9782966129001536,0.0615200931321762,,0.0,0.0268480784375405,1.7461958006291716,,77.03493729275552,0.0915752920546606,,0.0587334362832365,0.0,,0.029443900185407,1.4070517490492496,0.0,0.0848647653956552,0.349456395103899,,,,0.2428451376905347,,,0.8319658559981628,2.1174103717156325,,2.0086888636285725,,0.6227714161517229,2.386803373433416,,,,,,0.0556654293521556,,,0.0560606286492453,0.1166144048489642,0.0249167526609293,,0.1777438216595785,0.4160086657068186,,0.292819666283957,,-1.2338867086226197,1.2652629641518414,-0.8058707579658089,-0.8572574253355764,3.2617802727082434,-0.9047452623535249,0.12446968661780661
North_Direction_Island,2017,Heatwave_Only,8.74,0.0,2015,2017,0,8.701848052216835,4.628370176594759,4.073477875622077,4.073477875622077,0.4681164105806628,0.4681164105806628,1,81.95539570057385,1.6653991772869854,4.290355434026616,30.055487449382543,10.76,70.118172,1,2,0,1,2,12.239999999999998,70.118172,1,2,0,1,2,16.73,70.118172,1,2,0,1,2,18.44,70.118172,1,2,0,1,2,north direction island,North-Central,-14.743333333333332,0.5318835894193372,8.55994141372194,0.349456395103899,0.04082462463396139,2.386803373433416,0.2788340781874128,0.6227714161517229,0.07275416805463114,,,2.1174103717156325,0.24736271773091065,1.5800938509135483,4.530199983571487,0.0563564783467243,0.012440174506886642,0.7146563336725866,0.15775381578390518,0.3476628476219995,0.0767433775291994,,,0.7585628500135165,0.16744577563118662,1.7568152536807191,True,True,True,0.04015887119689172,0.2742869513591848,0.07156771899654914,,0.2433288146391171,,2.9782966129001536,0.0615200931321762,,0.0,0.0268480784375405,1.7461958006291716,,77.03493729275552,0.0915752920546606,,0.0587334362832365,0.0,,0.029443900185407,1.4070517490492496,0.0,0.0848647653956552,0.349456395103899,,,,0.2428451376905347,,,0.8319658559981628,2.1174103717156325,,2.0086888636285725,,0.6227714161517229,2.386803373433416,,,,,,0.0556654293521556,,,0.0560606286492453,0.1166144048489642,0.0249167526609293,,0.1777438216595785,0.4160086657068186,,0.292819666283957,,-1.2338867086226197,1.2052279826631556,-0.8058707579658089,0.01834597602858237,3.2617802727082434,-0.9047452623535249,0.22593953983884282
North_Direction_Island,2020,Heatwave_Only,6.57,0.0,2019,2021,1,5.061994263501633,9.94392595282751,-4.881931689325876,0.0,-0.9644285305745884,-0.9644285305745884,3,74.75894165144949,4.742738534680511,10.753910558838092,24.27419448801354,9.4,0.0,1,0,0,1,0,20.16,29.117304,2,1,0,2,1,21.64,70.118172,2,2,0,2,2,21.64,70.118172,2,2,0,2,2,north direction island,North-Central,-14.743333333333332,1.9644285305745883,4.942695511954317,0.817381195842928,0.16537154551924638,1.031688275054978,0.20872988687240696,0.5302474155805518,0.10727899671304952,,,0.9087066219499584,0.18384839198614936,4.610816156682004,9.7989110280787,4.279740379774771,0.4367567342443675,0.6315172653494776,0.06444769868201375,1.424829604940382,0.14540693357226575,,,0.7267404971691097,0.07416543482093477,5.761914642962381,True,True,True,0.1614741450294542,0.20381063694475782,0.10475069468248532,,0.17951553768086667,,4.015128119202281,2.636257283455189,,0.1635432903280806,0.9346068036405284,1.7586823436905246,,65.09962019491076,0.1287038921275503,,2.1521674327416744,0.1378161336721038,,0.7795288465862005,1.4283185623103771,0.0,0.112985181371648,0.817381195842928,,,,0.0242140355734101,,,0.5680846792125024,0.9087066219499584,,1.0623732887399877,,0.5302474155805518,1.031688275054978,,,,,,0.0540662024470372,,,0.0546300225649513,0.2894781791116547,0.054046551257406,,0.0250598040271079,0.1456258057137895,,0.3662119441517721,,-1.5065737730801916,0.5538484335109108,-0.8058707579658089,0.8939493773927413,1.3420104933676291,-0.4989432437840242,0.5303490995019515
North_Direction_Island,2022,Heatwave_Only,4.36,0.0,2021,2023,1,9.94392595282751,11.630218289505482,-1.6862923366779723,0.0,-0.1695801381343234,-0.1695801381343234,2,67.92572974177702,5.89206483832576,9.703291353143104,22.56253111125638,10.99,0.0,1,0,0,1,0,19.92,0.0,2,0,0,1,0,30.68,29.117304,3,1,0,2,1,30.68,70.118172,3,2,0,2,2,north direction island,North-Central,-14.743333333333332,1.1695801381343234,9.7989110280787,4.279740379774771,0.4367567342443675,0.6315172653494776,0.06444769868201375,1.424829604940382,0.14540693357226575,,,0.7267404971691097,0.07416543482093477,5.761914642962381,11.515571931192088,5.140486551792327,0.4463943764589194,0.5610332459385772,0.04871952945896793,1.72842908823546,0.15009494088206643,,,1.0842628309295193,0.0941562292700886,4.955305925100993,True,True,True,0.4303873942824209,0.0635078407004739,0.14328642547214848,,0.07308386050103927,,2.721003532051871,4.185869303251427,,0.0584366372125896,2.2546004387349945,0.522502353628246,,58.13089302882142,0.0,,3.4250153930788256,0.0567543665543419,,1.852263881860252,0.4278810014689619,0.0,0.0,4.279740379774771,,,,0.1180672635496569,,,1.063271243557176,0.7267404971691097,,1.554744773738128,,1.424829604940382,0.6315172653494776,,,,,,0.1447279918192121,,,0.1773877237835597,0.085002552265529,0.0838558059209689,,0.0854028106248205,0.3180864014518704,,0.1115122343758682,,-1.140833911393448,-0.1095381119390711,-0.8058707579658089,0.8939493773927413,-0.5777592859729849,-0.7018442530687745,0.733288805944024
North_Direction_Island,2024,Heatwave_Only,6.23,0.0,2023,2025,1,11.630218289505482,12.594801776024674,-0.9645834865191922,0.0,-0.0829376940748896,-0.0829376940748896,2,70.22378461127529,5.089774647382763,12.09144108086023,26.98429740695929,9.84,0.0,1,0,0,1,0,16.880000000000003,0.0,2,0,0,1,0,25.81,0.0,3,0,0,1,0,34.75,0.0,4,0,0,2,0,north direction island,North-Central,-14.743333333333332,1.0829376940748896,11.515571931192088,5.140486551792327,0.4463943764589194,0.5610332459385772,0.04871952945896793,1.72842908823546,0.15009494088206643,,,1.0842628309295193,0.0941562292700886,4.955305925100993,12.447021315200702,4.230086403460555,0.3398472852532708,0.9481132543563818,0.07617189931204789,2.673120414969481,0.21475984874429196,,,1.5474218824074395,0.12432065818973718,1.3711346865388148,True,True,True,0.44199398702867343,0.048239270491150205,0.14861536088235822,,0.09322807224589266,,4.530193868079564,1.4881274245040967,,0.7432768318141494,0.7661457378150995,3.118834027830096,,59.59035393093959,0.0,,1.221452632070303,0.6017386647186502,,0.6382091618189025,2.4939054664931373,0.0,0.0,5.140486551792327,,,,0.3212796589675866,,,0.8650981226408724,1.0842628309295193,,1.8149824326877453,,1.72842908823546,0.5610332459385772,,,,,,0.0580617576115669,,,0.1153404129239882,0.1748419460146308,0.2128907553893213,,0.1166390788538032,0.1187318983896456,,0.0,,-1.0145018843950977,0.4517889649801444,-0.8058707579658089,0.8939493773927413,-0.5777592859729849,-0.7018442530687745,0.9362285123860965
North_Direction_Island,2025,Heatwave_Only,6.8,0.0,2024,2025,0,17.48752013339973,12.594801776024674,4.892718357375056,4.892718357375056,0.2797834295573084,0.2797834295573084,1,61.61438567019692,2.652774243351008,12.529365228226656,23.42057635151533,12.12,0.0,2,0,0,1,0,22.64,0.0,3,0,0,1,0,23.3,0.0,3,0,0,1,0,32.04,0.0,4,0,0,1,0,north direction island,North-Central,-14.743333333333332,0.7202165704426916,17.354631623049535,7.747298734590038,0.44641101596766086,1.2386116105824647,0.07137066562319906,3.217800591921949,0.1854145142238704,,,1.9154332091673336,0.11037014502937378,2.5641801742819097,12.447021315200702,4.230086403460555,0.3398472852532708,0.9481132543563818,0.07617189931204789,2.673120414969481,0.21475984874429196,,,1.5474218824074395,0.12432065818973718,1.3711346865388148,True,True,True,0.4430187170903285,0.07082831648707115,0.18400554037254335,,0.10953143696509679,,1.6934293017533697,1.1110128781705677,,1.0431870644691457,0.5590874598702875,0.3752499315158081,,56.77071065546271,0.0,,0.9291824570774796,0.8561961470147508,,0.4611649820416659,0.3176365881480133,0.0,0.0,7.747298734590038,,,,0.1541213877233934,,,0.7103692203833831,1.9154332091673336,,2.3709968686809746,,3.217800591921949,1.2386116105824647,,,,,,0.0,,,0.0886813747701741,0.3946214700353055,0.0553624982117373,,0.0515712200178305,0.8790966615551796,,0.0275501989350937,,-0.5756901798136259,0.6228886622228997,-0.8058707579658089,1.7695527787569,-0.5777592859729849,-0.9047452623535249,1.0376983656071328
North_Island,2014,Heatwave_Only,5.42,0.0,2012,2014,0,13.00648132763686,34.90716860162028,-21.90068727398341,0.0,-1.6838287560101035,-1.0,8,90.02675605298549,5.146733211390259,24.690836645612325,42.3744816119275,0.92,0.0,0,0,0,0,0,1.38,0.0,0,0,0,0,0,2.04,0.0,0,0,0,0,0,6.73,0.0,1,0,0,1,0,north island,South,-23.184094444444444,2.6838287560101035,12.869213017921282,3.780374821088553,0.29375337993272127,1.870007933515744,0.14530864714972289,0.6833970534103895,0.05310325133780217,3.1300696060312063,0.2432215242433523,1.2023929553892736,0.09343173927689727,5.004604760270317,34.70271991410338,18.68631295443946,0.5384682526525892,2.848246356516216,0.08207559417723545,1.6888822425203625,0.04866714328734766,6.5123831261543765,0.1876620375081236,1.8340200203357928,0.05284946035571225,6.91988445760677,True,True,True,0.29065315405910835,0.14377508308432752,0.052542808173512014,0.24065460343838488,0.09244567574432028,,9.878550440544752,1.7411866784646652,,0.1065839602580736,0.0,4.3407320583553215,,69.79088487777831,1.3056242315019309,,1.0125502151551569,,,0.0,2.936079077404103,0.0289985179698008,1.0269769497412564,3.780374821088553,,,,,,1.3250633478063336,,1.2023929553892736,3.1300696060312063,0.8779073006797826,,0.6833970534103895,1.870007933515744,,,,,,0.3754347670009155,,,,0.1666179455706268,0.1583506449428715,,0.0322387965855375,0.1650588069032228,,0.2338724342744519,0.4601344334309562,-0.9113963341246363,0.20864728995096538,-0.8058707579658089,-0.8572574253355764,-0.5777592859729849,0.5155618026397275,-0.07847001982426587
North_Island,2020,Heatwave_Only,7.42,0.0,2018,2020,0,49.2702667906601,36.81985188724767,12.45041490341243,12.45041490341243,0.2526963159406433,0.2526963159406433,6,48.95131137842945,3.2042680790898523,36.96989021645325,56.65804188924975,4.990000000000001,0.0,0,0,0,0,0,6.03,0.0,0,0,0,0,0,11.6,0.0,1,0,0,1,0,11.91,0.0,1,0,0,1,0,north island,South,-23.184094444444444,0.7473036840593568,49.164754192873765,34.698215976787445,0.7057538789000355,2.193432072220661,0.04461391312190452,0.6801340685788397,0.013833773396093221,7.317418527556593,0.14883464074386085,1.7820832364600234,0.03624717067574253,3.134888807869595,36.55314026867457,19.013285049392938,0.5201546271986652,2.093248347001065,0.057265896489745484,0.7224278577581702,0.01976377001943329,9.680075897937144,0.2648220050804447,1.7513241464093408,0.04791172888393932,1.6013110681262932,True,True,True,0.7042425023638191,0.04451837213587928,0.01380414828010976,0.1485159103896656,0.03616954712325291,,9.068017222893552,0.3704924221282904,,0.0,0.0,3.4092712463655537,,34.76630232182454,0.0,,0.1651472622551512,,,0.0,2.969741545614444,0.0,0.0,34.698215976787445,,,,,,1.5745442474789504,,1.7820832364600234,7.317418527556593,0.9189260637912524,,0.6801340685788397,2.193432072220661,,,,,,0.9004201860396738,,,,0.3617562222631751,0.2004337740108199,,0.3685351379357071,0.0,,0.7310144697289858,0.8331595290932112,1.805379057977443,0.8089971048378268,-0.8058707579658089,-0.8572574253355764,-0.5777592859729849,0.10975978407022678,0.5303490995019515
One_Tree_Island,1994,Storm_Only,0.0,22.131278785282017,1993,1994,0,3.8395161091852335,5.787742782095172,-1.948226672909939,0.0,-0.5074146370291863,-0.5074146370291863,2,91.7830736239468,1.7065041202947009,,,3.42,18.51984,0,1,0,0,1,3.58,18.51984,0,1,0,0,1,3.58,18.51984,0,1,0,0,1,3.58,18.51984,0,1,0,0,1,one tree island,South,-23.495,1.5074146370291863,3.713534637701962,0.2673618554656702,0.0719965966524877,0.0,0.0,0.0910840549634953,0.024527589978226412,0.0,0.0,1.22293803119611,0.32931913944739666,1.6393878893095324,5.625806045283581,1.1523760261395748,0.20483749650517621,0.0292835825650286,0.0052052243410664,0.2162732082533882,0.03844306158309559,0.4010107534251658,0.0712805863190671,1.913328087189956,0.34009848042912943,1.5087036994624414,True,True,True,0.06963425803216798,0.0,0.023722795366217082,0.0,0.3185135825502824,,13.7647594516591,0.1430294263893297,,0.0,1.3867827829694583,0.155930568231651,,75.83161440475048,0.0,0.0,0.1452174265959655,0.0,0.0,1.3469117564332411,0.1472587062803258,,0.0,0.2673618554656702,,,,,,,,1.22293803119611,0.0,0.214157354458441,,0.0910840549634953,0.0,,1.9179933416182453,,,,,,,0.0,0.0,0.0,,0.0456612859767072,0.0,,0.0,0.0,-1.5981582153722316,-1.4183007083924293,0.6386566269150257,-0.8572574253355764,1.3420104933676291,-0.7018442530687745,-2.1078670842449907
One_Tree_Island,1998,Heatwave_Only,4.6000000000000005,0.0,1997,1998,0,28.60036451518047,41.271168759270246,-12.670804244089776,0.0,-0.443029466892437,-0.443029466892437,4,61.50419637728908,6.681663182530116,,14.38078320215384,1.47,0.0,0,0,0,0,0,1.47,23.299474778400004,0,1,0,0,1,4.890000000000001,41.8193147784,0,2,0,0,1,5.05,41.8193147784,0,2,0,0,1,one tree island,South,-23.495,1.443029466892437,28.469342156111587,20.382708090412976,0.71595290044443,0.5667828123934665,0.01990853210746894,0.7558173525868221,0.026548465659736675,1.148621532025278,0.04034591054920812,3.105214895287189,0.10907223912163999,6.631331219014613,41.11837842840366,33.45952763201963,0.8137365555473008,0.6061873933449495,0.014742492688529974,0.97342461556747,0.023673711191272317,0.9309502551084292,0.02264073367410203,2.500548827615277,0.06081341052807553,5.386506067854852,True,True,True,0.7126730178419323,0.01981732827540118,0.026426843342701112,0.04016108016440189,0.10857256359928583,,37.04909578751611,3.573799211194248,,0.0,0.0,2.2487891885595355,,17.17861013382693,1.0303889645437505,0.0,3.495667002849412,0.0,0.0,0.0,2.120472122308658,,1.0151920938565435,20.382708090412976,,,,,,,,3.105214895287189,1.148621532025278,0.4909233540036383,,0.7558173525868221,0.5667828123934665,,2.019274119402217,,,,,,,0.1266871638199559,0.2591658804058814,0.2600505995054397,,0.1308447853572842,0.4227617713782618,,0.1590501886612705,0.0959374268900603,0.2568512045784265,-0.03749613415264766,-0.8058707579658089,-0.8572574253355764,1.3420104933676291,-0.2960422344992739,-1.7019876713608457
One_Tree_Island,2002,Heatwave_Only,5.38,0.0,2001,2005,3,66.81685862693304,65.26298705789986,1.553871569033177,1.553871569033177,0.0232556812900933,0.0232556812900933,4,29.375697502989368,0.6379602135627319,,22.53729953532867,0.0,0.0,0,0,0,0,0,4.750000000000001,0.0,1,0,0,1,0,6.07,0.0,1,0,0,1,0,6.07,23.299474778400004,1,1,0,1,1,one tree island,South,-23.495,0.9767443187099066,66.70448541212926,60.49191422368458,0.9068642663224112,0.508223615656518,0.007619032101312107,1.3150609044460244,0.01971472977148399,1.5317781782221085,0.02296364582918402,1.6118658840954192,0.024164280319930696,0.6204471771991747,65.16824022831358,61.860688838537456,0.9492459612506293,0.1072953133622296,0.0016464356408324972,0.6599362605646854,0.01012665461354538,0.5172537553165497,0.007937206122251848,1.511653287263358,0.023196165524300767,0.3714752379634899,True,True,True,0.9053390935577604,0.007606218342202329,0.019681573355439668,0.022925025355871306,0.024123640608355333,,11.870533069798045,0.0,,0.0,0.0,0.0,,16.71456216788077,0.626015774791924,0.0,0.0,0.0,0.0,0.0,0.0,,0.6204471771991747,60.49191422368458,,,,,,,,1.6118658840954192,1.5317781782221085,0.1542559904489987,,1.3150609044460244,0.508223615656518,,1.0913866155756142,,,,,,,0.0318644351480272,0.2662222361342168,0.1668071624024092,,0.0661036282565194,0.5010901074061568,,0.2290333107555823,0.4040923089780978,3.119917744641937,0.19664029365322813,-0.8058707579658089,0.01834597602858237,-0.5777592859729849,-0.2960422344992739,-1.2961082584767007
One_Tree_Island,2020,Heatwave_Only,5.34,0.0,2019,2023,3,58.13441205739839,61.344208088898135,-3.2097960314997422,0.0,-0.055213356734916,-0.055213356734916,18,40.66510925159499,0.3180662000114013,39.633705180092974,82.77920129533437,2.99,0.0,0,0,0,0,0,4.36,0.0,0,0,0,0,0,4.36,0.0,0,0,0,0,0,4.36,0.0,0,0,0,0,0,one tree island,South,-23.495,1.055213356734916,58.0182822553796,51.23071340918565,0.8830098275519939,0.9486183914619328,0.016350335697399496,1.829680416651932,0.03153627349045274,1.6091132090487044,0.027734588934671595,1.8364131851045,0.0316523191262565,0.2609800791274941,61.25727764191362,55.2224585682374,0.9014840471861411,0.888875405041311,0.014510527389697813,2.002189884906774,0.03268493086830928,0.8152747775465194,0.013309027252440124,1.6578957586149814,0.02706447009131551,0.32824599307493674,True,True,True,0.8812459195184351,0.016317674126046455,0.03147327635902495,0.027679186081042043,0.03158909018106758,,9.921938296787038,0.101113914164513,,0.0,0.0290888614570847,0.1353043139285209,,29.83171719345995,0.0,0.0,0.0978323604129053,0.0,0.0,0.0317551298150465,0.1313925888995423,,0.0,51.23071340918565,,,,,,,,1.8364131851045,1.6091132090487044,0.5450518549883846,,1.829680416651932,0.9486183914619328,,0.018691788938504,,,,,,,0.0630469410859893,0.031712332257405,0.0930736500157169,,0.0661088059091991,0.0,,0.0,0.1566703270418022,2.4694545654075224,0.1846332973554909,-0.8058707579658089,-0.8572574253355764,-0.5777592859729849,2.5445718954872305,0.5303490995019515
One_Tree_Island,2024,Heatwave_Only,11.53,0.0,2023,2025,1,61.344208088898135,19.17891489677709,42.16529319212104,42.16529319212104,0.6873557342368231,0.6873557342368231,4,38.71112332879234,0.3659316484123895,18.09075264720686,69.31395286154131,1.63,0.0,0,0,0,0,0,6.970000000000001,0.0,1,0,0,1,0,9.96,0.0,1,0,0,1,0,9.96,0.0,1,0,0,1,0,one tree island,South,-23.495,0.31264426576317683,61.25727764191362,55.2224585682374,0.9014840471861411,0.888875405041311,0.014510527389697813,2.002189884906774,0.03268493086830928,0.8152747775465194,0.013309027252440124,1.6578957586149814,0.02706447009131551,0.32824599307493674,19.060794792250032,15.839363837739407,0.8309917823667861,0.1038874558720164,0.005450321301095808,0.9258513919472988,0.04857359842747704,0.5058376164939783,0.0265381177441587,1.2407841532484285,0.06509613931486852,3.4777516022874213,True,True,True,0.9002065604663233,0.014489964623117805,0.03263861328204388,0.013290167123276714,0.02702611722059253,,14.657766430743743,0.0,,0.0,0.0663049659150525,0.2789595520609491,,23.19968678353992,0.0,0.0,0.0,0.0,0.0,0.0662971279608722,0.2619488651140645,,0.0,55.2224585682374,,,,,,,,1.6578957586149814,0.8152747775465194,0.6705832475666337,,2.002189884906774,0.888875405041311,,0.0,,,,,,,0.0978753089731377,0.0,0.2858690179626604,,0.1948681438145957,0.3322508983860846,,0.0,0.1284282212574611,2.7099229765428454,2.042715974430327,-0.8058707579658089,0.01834597602858237,-0.5777592859729849,-0.2960422344992739,0.9362285123860965
Opal_Reef,1999,Storm_Only,0.58,19.857384,1998,2001,2,20.928946463030712,18.873807124356844,2.055139338673868,2.055139338673868,0.0981960244536964,0.0981960244536964,10,35.37524109411764,3.0662640653560205,,34.11083889840285,1.25,0.0,0,0,0,0,0,6.43,0.0,0,0,0,0,0,8.93,0.0,0,0,0,0,0,8.93,0.0,0,0,0,0,0,opal reef,Central,-16.21527777777778,0.9018039755463035,19.99266424091383,5.323734471444565,0.26628439348017713,0.9455716064798472,0.04729592790063416,2.722733682634962,0.13618663574927875,,,0.4282363898382995,0.021419675971046347,3.0243046758813166,18.066071296784134,4.952624581962982,0.2741395459257696,1.1181953972772174,0.061894773850264984,2.68143694424925,0.14842391022372203,,,0.4606486475618286,0.025497997876485008,2.9561879076752318,True,True,True,0.25437183285114284,0.04518008625757263,0.13009415870237187,,0.020461440359396225,,15.063868897057814,0.8373329730607025,,,0.3780113724192954,1.102737012654132,,17.067177743470218,0.7957325794874116,,0.798660932697688,,,0.3683769878832806,1.104696695802814,,0.7525700594975341,5.323734471444565,,,,,,8.006929339169941,,0.4282363898382995,,1.224177734085341,,2.722733682634962,0.9455716064798472,,1.341281017260874,,,,1.7005351210329769,,,0.3803761966331036,1.1048702675913318,1.5257325570076858,,,2.588996738504313,,0.8762515830330293,30.75611591313677,-0.317868712840548,-1.2441992620752393,0.49023758075208873,-0.8572574253355764,-0.5777592859729849,0.9213638212092281,-1.6005178181398094
Opal_Reef,2006,Heatwave_Only,4.17,0.0,2005,2007,1,20.93941091663769,19.576360765759844,1.3630501508778463,1.3630501508778463,0.0650949616636453,0.0650949616636453,10,43.40799720340438,6.221374535013009,,53.5934810100885,2.85,0.0,0,0,0,0,0,6.949999999999999,0.0,0,0,0,0,0,9.56,0.0,0,0,0,0,0,9.56,0.0,0,0,0,0,0,opal reef,Central,-16.21527777777778,0.9349050383363547,20.033868132073028,6.829325938592726,0.34088903318972047,0.4883758502502016,0.024377511473600098,2.4670225325653443,0.12314259614276828,,,0.7891423346109264,0.039390412745482564,6.802516630220507,18.68858291507203,4.6768234115443645,0.250250296279692,1.8551786695814965,0.09926802251471543,2.2152735171832973,0.11853619545421587,,,1.6412022574751974,0.08781844321388302,5.349370817117968,True,True,True,0.3261469945731087,0.023323285081633123,0.11781718895468728,,0.037686940561632645,,17.45905436442091,0.0343442124552691,,,0.0,0.0,,18.86651542820106,6.967051004168168,,0.0308956285528741,,,0.0,0.0,,6.771621001667633,6.829325938592726,,,,,,8.1496352692587,,0.7891423346109264,,0.4902284442049786,,2.4670225325653443,0.4883758502502016,,0.8201377625901517,,,,1.65416674144373,,,0.7499057500602115,1.8499730957398657,1.4962572033470982,,,1.3022424022352752,,2.1965238381733623,23.24790487772275,-0.31708474697244465,-0.16657134435332305,-0.8058707579658089,-0.8572574253355764,-0.5777592859729849,0.9213638212092281,-0.8902288455925558
Opal_Reef,2008,Heatwave_Only,6.890000000000001,0.0,2007,2009,1,19.576360765759844,24.25474117730312,-4.6783804115432766,0.0,-0.2389811092839087,-0.2389811092839087,2,43.29682571800415,5.390261026741622,3.5079242302830327,53.83585405752904,4.800000000000001,0.0,1,0,0,1,0,7.17,0.0,1,0,0,1,0,11.27,0.0,1,0,0,1,0,13.3,0.0,1,0,0,1,0,opal reef,Central,-16.21527777777778,1.2389811092839087,18.68858291507203,4.6768234115443645,0.250250296279692,1.8551786695814965,0.09926802251471543,2.2152735171832973,0.11853619545421587,,,1.6412022574751974,0.08781844321388302,5.349370817117968,23.170645931301205,7.678467339664269,0.3313877119537455,1.7532620945880193,0.07566738103833087,2.6488238843083227,0.11431808557093477,,,0.5855617888392756,0.025271707598286702,0.8021889350914309,True,True,True,0.23890157458297315,0.09476626895977051,0.1131606402073431,,0.08383592216719629,,12.157087755707666,3.738823794547313,,,0.0,1.158920532357096,,25.53470129385878,0.6282398680855805,,3.567783712210429,,,0.0,1.1849117958052655,,0.5966753091022743,4.6768234115443645,,,,,,7.136174439252163,,1.6412022574751974,,1.0393301165921032,,2.2152735171832973,1.8551786695814965,,0.1246005034434067,,,,1.4871777505964172,,,0.991127109971694,1.8758566495270432,1.3763367237493247,,,0.1472243060789427,,1.02761160867784,29.49337920020236,-0.4192004268669738,0.6499044038928088,-0.8058707579658089,0.01834597602858237,-0.5777592859729849,-0.7018442530687745,-0.6872891391504833
Opal_Reef,2014,Heatwave_Only,9.69,0.0,2013,2017,3,21.662781901489005,8.942584634025126,12.72019726746388,12.72019726746388,0.5871913092837605,0.5871913092837605,6,43.32289129667446,3.600838892919056,9.240595961252705,71.15298190469834,3.84,0.0,0,0,0,0,0,6.890000000000001,0.0,0,0,0,0,0,13.929999999999998,0.0,1,0,0,1,0,18.1,0.0,2,0,0,1,0,opal reef,Central,-16.21527777777778,0.41280869071623955,20.64594183325424,4.6037578784646,0.22298609168070824,1.7532924971936072,0.08492189464418591,2.4987548463572784,0.1210288620658882,,,1.279311767266912,0.06196432100793463,3.539713350891797,8.417277010599319,3.9592920098763305,0.4703768219687503,0.9170824687021086,0.10895239250737351,0.8254646439968382,0.09806789570515326,,,0.9281913553393027,0.11027216452191045,5.582959828920744,True,True,True,0.21251923688287502,0.08093570369524394,0.11534782825771445,,0.0590557469989105,,22.60048598757492,1.1680508543465025,,,0.0313819676933415,2.1321780519510565,,17.036959976013897,0.2360456293304452,,1.1484861154989918,,,0.0311116723306916,2.147584391448426,,0.2125311716136874,4.6037578784646,,,,,,8.79556897251742,,1.279311767266912,,1.5943615782078753,,2.4987548463572784,1.7532924971936072,,0.1208942932465493,,,,1.5276818266147671,,,0.0528423515264836,2.229365956100539,1.861025766887707,,,0.4699536472476898,,2.048626853260952,27.333227089639845,-0.2628919354412665,1.4903941447344144,-0.8058707579658089,-0.8572574253355764,-0.5777592859729849,0.10975978407022678,-0.07847001982426587
Opal_Reef,2016,Heatwave_Only,6.8100000000000005,0.0,2015,2019,3,21.510486609217185,3.7035191745506144,17.80696743466657,17.80696743466657,0.8278272713289682,0.8278272713289682,2,47.77191413914119,10.3578834763967,8.290262246875457,53.90490834723619,13.48,0.0,1,0,0,1,0,15.71,0.0,1,0,0,1,0,18.76,0.0,1,0,0,1,0,25.65,0.0,2,0,0,1,0,opal reef,Central,-16.21527777777778,0.17217272867103184,20.513747928925362,5.063688825868046,0.2468436700798104,2.217833651534936,0.10811450248970277,2.205688636325461,0.10752245976540128,,,1.007184525058877,0.04909802579950291,10.277854348237705,3.437966545515695,0.0878163042276576,0.025543094461521337,0.932734328528265,0.27130407355035935,0.5059173744355534,0.14715599111790245,,,0.7019052212539785,0.20416290035442816,4.0657291842997285,True,True,True,0.2354055916009947,0.10310476428667124,0.1025401552459687,,0.046822954001761216,,15.211516306708765,9.641103237421058,,,0.0296173961017435,0.8730063468388845,,21.87139491372082,0.029735092734521,,9.347032336688123,,,0.0301899843062443,0.870478582126688,,0.0301534451166496,5.063688825868046,,,,,,8.224106749280693,,1.007184525058877,,1.675517593711888,,2.205688636325461,2.217833651534936,,0.1197279471454619,,,,1.174912040585074,,,0.132027809689232,2.0434842611322543,1.1871314170483445,,,2.070171254523212,,0.686227794580881,23.43224257874991,-0.2743014476335047,0.6258904112973342,-0.8058707579658089,0.01834597602858237,-0.5777592859729849,-0.7018442530687745,0.12446968661780661
Opal_Reef,2017,Heatwave_Only,9.44,0.0,2015,2019,2,21.510486609217185,3.7035191745506144,17.80696743466657,17.80696743466657,0.8278272713289682,0.8278272713289682,1,47.77191413914119,10.3578834763967,8.290262246875457,53.90490834723619,18.68,0.0,2,0,0,1,0,20.74,0.0,2,0,0,1,0,23.86,0.0,2,0,0,1,0,25.57,0.0,2,0,0,1,0,opal reef,Central,-16.21527777777778,0.17217272867103184,20.513747928925362,5.063688825868046,0.2468436700798104,2.217833651534936,0.10811450248970277,2.205688636325461,0.10752245976540128,,,1.007184525058877,0.04909802579950291,10.277854348237705,3.437966545515695,0.0878163042276576,0.025543094461521337,0.932734328528265,0.27130407355035935,0.5059173744355534,0.14715599111790245,,,0.7019052212539785,0.20416290035442816,4.0657291842997285,True,True,True,0.2354055916009947,0.10310476428667124,0.1025401552459687,,0.046822954001761216,,15.211516306708765,9.641103237421058,,,0.0296173961017435,0.8730063468388845,,21.87139491372082,0.029735092734521,,9.347032336688123,,,0.0301899843062443,0.870478582126688,,0.0301534451166496,5.063688825868046,,,,,,8.224106749280693,,1.007184525058877,,1.675517593711888,,2.205688636325461,2.217833651534936,,0.1197279471454619,,,,1.174912040585074,,,0.132027809689232,2.0434842611322543,1.1871314170483445,,,2.070171254523212,,0.686227794580881,23.43224257874991,-0.2743014476335047,1.4153504178735568,-0.8058707579658089,0.8939493773927413,-0.5777592859729849,-0.9047452623535249,0.22593953983884282
Opal_Reef,2020,Heatwave_Only,8.1,0.0,2019,2021,1,3.7035191745506144,5.345937863586432,-1.6424186890358174,0.0,-0.4434751412445728,-0.4434751412445728,3,88.54115324443573,4.155096625825684,3.4454344687365386,99.24179888554114,10.09,0.0,1,0,0,1,0,19.08,0.0,2,0,0,2,0,30.379999999999995,0.0,3,0,0,2,0,30.83,0.0,3,0,0,2,0,opal reef,Central,-16.21527777777778,1.4434751412445728,3.437966545515695,0.0878163042276576,0.025543094461521337,0.932734328528265,0.27130407355035935,0.5059173744355534,0.14715599111790245,,,0.7019052212539785,0.20416290035442816,4.0657291842997285,5.011645674477477,0.5469450705389615,0.10913482438001504,1.3188331363475427,0.2631537067881493,0.4792927865283937,0.0956358086065942,,,0.7693633383975437,0.1535151102791717,8.50020798405897,True,True,True,0.02371158352064243,0.2518508166334641,0.13660449712588338,,0.18952385236108513,,27.55656519450725,0.4058917315935209,,,0.5306626298178656,3.128920676115398,,56.82008155785216,0.0,,0.3843401240268673,,,0.5275509314205485,3.1538381288523127,,0.0,0.0878163042276576,,,,,,0.0897319849580129,,0.7019052212539785,,1.1198613321122275,,0.5059173744355534,0.932734328528265,,0.0,,,,0.5413186614605716,,,0.5071229985619258,1.0328366820482044,1.0673819049100477,,,1.4505557317351647,,0.06199108865361,0.502545243092038,-1.60834670288668,1.0131160418993597,-0.8058707579658089,0.8939493773927413,-0.5777592859729849,-0.4989432437840242,0.5303490995019515
Pandora_Reef,1994,Heatwave_Only,5.04,0.0,1993,1994,0,43.6766611655474,50.48729844170904,-6.810637276161636,0.0,-0.1559331023575111,-0.1559331023575111,4,,,,,1.5499999999999998,0.0,0,0,0,0,0,11.159999999999998,0.0,1,0,0,1,0,11.159999999999998,0.0,1,0,0,1,0,11.159999999999998,0.0,1,0,0,1,0,pandora reef,Central,-18.81261388888889,1.1559331023575112,42.95852142445983,2.5718417806732377,0.059868023744617894,6.079705370764798,0.1415250145761097,,,,,3.0365994924360926,0.07068677858887168,0.0635269744814519,49.667181188123394,6.229726787135443,0.1254294412952334,4.142621678722808,0.08340762611495672,,,,,5.26297916926732,0.1059649257994497,0.0,True,True,True,0.05888366262533668,0.1391980341107331,,,0.06952453350146172,,0.0285503534734646,,0.0,0.0,,0.0,0.0,27.51529540141972,0.0830037284799084,,0.0,0.0,,0.0,0.0,0.0,0.0635269744814519,2.5718417806732377,,6.495064976796064,,,18.69385032871349,,,3.0365994924360926,,3.5423217446517183,2.5391377304244287,,6.079705370764798,,,4.312634184764022,,5.751583275327161,,,,,,0.2095165325946804,0.0,0.2287009130365862,0.0,,8.117364524264046,,1.3863226930283037,0.09458082512246173,-0.8058707579658089,0.01834597602858237,-0.5777592859729849,-0.2960422344992739,-2.1078670842449907
Pandora_Reef,1998,Heatwave_Only,5.03,0.0,1997,2001,3,56.01487822004526,38.74373148001467,17.271146740030595,17.271146740030595,0.3083314163816215,0.3083314163816215,4,,,,18.58039809068774,3.96,0.0,0,0,0,0,0,9.150000000000002,0.0,1,0,0,1,0,10.55,0.0,1,0,0,1,0,20.16,0.0,2,0,0,1,0,pandora reef,Central,-18.81261388888889,0.6916685836183786,55.22996823145776,3.708225776916066,0.06714155187226675,4.110251766984915,0.074420679544114,,,,,6.325977085950122,0.11453885070944121,0.1527054183289334,38.04167809363379,0.2650071014107611,0.006966230584215726,4.903612340067574,0.1289010523667773,,,,,2.417490694447633,0.06354847671276088,3.571010992896422,True,True,True,0.06620072906967518,0.07337785776911743,,,0.11293387198128965,,0.0317513054736204,,0.0,0.1600197233393249,,0.0,0.0,14.15167723158452,0.0964791205521798,,0.0962270791475708,0.0,,0.0,0.0,0.0,0.0564783391813626,3.708225776916066,,7.928558915797653,,,15.787280464593032,,,6.325977085950122,,11.544428421150858,5.82524580006512,,4.110251766984915,,,8.774500494221193,,4.035553349782204,,,,,,0.6903045705539805,0.0,0.4875128626681999,0.7652589511740316,,0.5995657388131179,,2.310665368457298,0.09157907604802748,-0.8058707579658089,0.01834597602858237,-0.5777592859729849,-0.2960422344992739,-1.7019876713608457
Pandora_Reef,2000,Storm_Only,0.65,26.442216,1999,2002,2,44.20382274419699,37.9775174276327,6.226305316564293,6.226305316564293,0.1408544539823011,0.1408544539823011,2,,,,8.10570561277719,5.98,0.0,1,0,0,1,0,9.48,0.0,1,0,0,1,0,14.670000000000003,0.0,2,0,0,1,0,15.88,0.0,2,0,0,1,0,pandora reef,Central,-18.81261388888889,0.8591455460176989,43.44166846514805,0.3640631775877567,0.008380506330686486,4.407729758700718,0.10146317842826198,,,,,3.815506074674778,0.08783056013918629,7.234901607955754,37.31348285788573,0.6760789395020269,0.018118891288625615,5.229706886644468,0.14015595667021033,,,,,2.836953885232173,0.07603026219871134,4.198469134249975,True,True,True,0.008236011163436092,0.09971376874366274,,,0.08631620158181165,,0.0969893374171421,,0.0,0.0,,0.0,0.0,19.47772905001961,10.600276150155343,,0.0,0.0,,0.0,0.0,0.0,7.234901607955754,0.3640631775877567,,8.147482688418034,,,15.847087291750585,,,3.815506074674778,,6.340199743535304,4.519599730480872,,4.407729758700718,,,0.0,,0.0,,,,,,0.109428663726616,10.052523814690051,0.1015860683815817,0.5405288128560358,,0.7832886872425824,,1.4258160770269828,-1.223187018554199,0.9200351645756402,0.01834597602858237,-0.5777592859729849,-0.7018442530687745,-1.4990479649187731
Pandora_Reef,2003,Heatwave_Only,11.73,0.0,2002,2003,0,37.9775174276327,39.131440428604186,-1.1539230009714885,0.0,-0.0303843715737955,-0.0303843715737955,5,,,,18.68045012980302,2.62,0.0,0,0,0,0,0,8.14,0.0,1,0,0,1,0,8.920000000000002,0.0,1,0,0,1,0,12.1,0.0,1,0,0,1,0,pandora reef,Central,-18.81261388888889,1.0303843715737955,37.31348285788573,0.6760789395020269,0.018118891288625615,5.229706886644468,0.14015595667021033,,,,,2.836953885232173,0.07603026219871134,4.198469134249975,38.463836846202625,0.5568820821701946,0.014478068955962028,5.960981167733462,0.15497624929016837,,,,,3.044304501446328,0.0791471873598819,7.945320851515864,True,True,True,0.01780208358248576,0.137705338338922,,,0.07470087771371771,,0.4290841676041872,,0.0,0.0,,0.0,0.0,38.23953009229529,6.386943254479712,,0.0,0.0,,0.0,0.0,0.0,4.198469134249975,0.6760789395020269,,5.99958386058835,,,14.2257030173423,,,2.836953885232173,,4.450881654276502,3.89457461429991,,5.229706886644468,,,6.198113560705091,,2.5552399281521776,,,,,,0.2155023563453001,0.0,0.1142459006714244,0.115014452046097,,0.221815937589708,,0.9593597252761634,2.1027509559190136,-0.8058707579658089,0.01834597602858237,-0.5777592859729849,-0.09314122521452356,-1.1946384052556644
Pandora_Reef,2007,Heatwave_Only,10.35,0.0,2005,2009,2,45.75072655275179,47.96928291642734,-2.218556363675546,0.0,-0.0484922651691114,-0.0484922651691114,4,,,,24.212083064420334,3.26,0.0,0,0,0,0,0,16.31,0.0,1,0,0,1,0,17.61,0.0,1,0,0,1,0,18.1,0.0,1,0,0,1,0,pandora reef,Central,-18.81261388888889,1.0484922651691113,44.95243258315552,0.6737402075759565,0.014987847572645468,6.78958488638684,0.15103932081600005,,,,,5.242750983336426,0.11662886037675696,6.108519139003719,47.268643729983104,1.4728627112507733,0.031159402830856296,5.862864595893598,0.12403284996676787,,,,,3.4177142029596137,0.07230404626125785,0.9672005414283581,True,True,True,0.014726328046377938,0.14840387023271137,,,0.11459383005188771,,0.1311774409587477,,0.0,0.0,,0.0,0.0,23.49345442394511,9.124511006641534,,0.0,0.0,,0.0,0.0,0.0,6.108519139003719,0.6737402075759565,,6.160389499811633,,,18.3916587119398,,,5.242750983336426,,4.062464377968309,3.631843916136552,,6.78958488638684,,,7.466453559817506,,0.9183265346076548,,,,,,1.1246873726968123,0.0,0.3697002811271203,0.2322982296937455,,0.0,,1.5417055283727583,1.688509583647079,-0.8058707579658089,0.01834597602858237,-0.5777592859729849,-0.2960422344992739,-0.7887589923715195
Pandora_Reef,2008,Heatwave_Only,7.71,0.0,2007,2011,3,48.14957698673433,37.43468798779356,10.714888998940772,10.714888998940772,0.2225333984116377,0.2225333984116377,1,,,5.289329994375566,9.976038910985055,12.99,0.0,1,0,0,1,0,25.34,0.0,2,0,0,1,0,27.31,0.0,2,0,0,1,0,27.96,0.0,2,0,0,1,0,pandora reef,Central,-18.81261388888889,0.7774666015883623,47.35789466760341,1.3510165496169284,0.028527800044733233,4.805807347579859,0.10147848381586556,,,,,5.035980236233064,0.10633876931353702,4.706003400911841,36.79362248092146,0.828334984497054,0.022513004391632528,4.752007460812305,0.1291530200179761,,,,,1.9092621082275991,0.051891115347982006,0.23108107815523668,True,True,True,0.028058741824235473,0.09980995988612537,,,0.10459033186564701,,0.8321859980418598,,5.678797240014015,0.1557176656439657,,0.5985110941959555,0.9164374667690128,21.26346936436782,0.0596057473509768,,0.0,3.6546224524251727,,0.0914858153336846,0.3644927452497818,0.5562462047347866,0.0391561831684152,1.3510165496169284,,7.107175290139375,,,18.27253729596891,,,5.035980236233064,,6.898777238161682,3.886600709903594,,4.805807347579859,,,6.639560864351263,,2.30246209338478,,,,,,0.2285734762649365,0.0,0.3278037086720593,0.103499875338482,,0.2168054599775642,,1.7214202973954909,0.8960478279964218,-0.8058707579658089,0.8939493773927413,-0.5777592859729849,-0.9047452623535249,-0.6872891391504833
Pandora_Reef,2011,Storm_Only,0.87,22.277876567233506,2009,2014,3,47.96928291642734,36.900631192207925,11.068651724219414,11.068651724219414,0.2307445734284448,0.2307445734284448,3,,,5.310024115123274,18.555547472903825,8.52,0.0,1,0,0,1,0,20.23,0.0,2,0,0,2,0,22.13,0.0,2,0,0,2,0,33.86,0.0,3,0,0,2,0,pandora reef,Central,-18.81261388888889,0.7692554265715551,47.268643729983104,1.4728627112507733,0.031159402830856296,5.862864595893598,0.12403284996676787,,,,,3.4177142029596137,0.07230404626125785,0.9672005414283581,,,,,,,,,,,,,True,False,False,0.030704288696931585,0.1222212265734293,,,0.07124797360248217,,2.130882921758005,,0.9268411687811328,0.1290756800088663,,0.3415415376732836,0.0626483528310771,29.663116866132484,0.0931233573952782,,0.0,0.576238548619359,,0.0759464502860103,0.2183389512679055,0.0384826900992452,0.0581939011558381,1.4728627112507733,,6.301087932225233,,,18.94271104358162,,,3.4177142029596137,,8.331274441684416,2.940128802387853,,5.862864595893598,,,6.901097090368785,,1.763424621257759,,,,,,0.235864711924113,0.0,0.2218135672299208,0.2171994217151055,,0.4213634149439291,,1.7079131996863617,-1.1571485389166445,0.6482251887973397,0.8939493773927413,-0.5777592859729849,-0.4989432437840242,-0.38287957948737456
Pandora_Reef,2014,Heatwave_Only,5.26,0.0,2011,2015,1,37.43468798779356,36.89645350628722,0.5382344815063362,0.5382344815063362,0.0143779609351048,0.0143779609351048,6,,,4.750273948542741,21.94277412254216,4.51,0.0,0,0,0,0,0,5.32,0.0,0,0,0,0,0,23.379999999999995,0.0,2,0,0,2,0,24.74,0.0,2,0,0,2,0,pandora reef,Central,-18.81261388888889,0.9856220390648951,36.79362248092146,0.828334984497054,0.022513004391632528,4.752007460812305,0.1291530200179761,,,,,1.9092621082275991,0.051891115347982006,0.23108107815523668,36.249580526146666,0.8832921131658831,0.024366960950865855,6.648007138918125,0.18339542257938532,,,,,2.415926035027707,0.06664700666770779,9.772844803734666,True,True,True,0.022127471311291592,0.12694128671145344,,,0.05100248488381038,,2.520691702591064,,0.0,0.0291526861777556,,0.3117588629645597,0.0,47.59328321957247,0.0310783299172321,,0.0,0.0,,0.0178509076831113,0.1953407969144485,0.0,0.0178893735576769,0.828334984497054,,7.668757598969919,,,15.95400973902133,,,1.9092621082275991,,3.6350160849757738,2.046234504417473,,4.752007460812305,,,3.395004858583752,,1.360907963514155,,,,,,0.0,0.0,0.0,0.2295089555802755,,0.1212843814917694,,0.9186925515259969,0.1606193047600164,-0.8058707579658089,-0.8572574253355764,-0.5777592859729849,0.10975978407022678,-0.07847001982426587
Pandora_Reef,2016,Heatwave_Only,4.05,0.0,2015,2017,1,36.89645350628722,37.45549533471471,-0.559041828427489,0.0,-0.0151516412907334,-0.0151516412907334,2,,,6.710864963261779,13.084593363344544,9.16,0.0,1,0,0,1,0,12.02,0.0,1,0,0,1,0,12.83,0.0,1,0,0,1,0,20.54,0.0,2,0,0,1,0,pandora reef,Central,-18.81261388888889,1.0151516412907335,36.249580526146666,0.8832921131658831,0.024366960950865855,6.648007138918125,0.18339542257938532,,,,,2.415926035027707,0.06664700666770779,9.772844803734666,36.82588803385746,1.163030095616682,0.03158186150317408,1.8857613287678128,0.05120749096489017,,,,,4.086736053799679,0.110974541877778,5.295125507797186,True,True,True,0.023939756513871136,0.18018011237273232,,,0.06547854347616443,,2.660653788447196,,4.931285786619304,2.5206943846278507,,2.34080395853259,3.485702360204361,28.96675146031877,2.219394100628717,,0.0939211419378562,3.222663777535253,,1.467295606589718,1.4390299845230654,2.1636777600347914,1.3862565331139818,0.8832921131658831,,3.9139589487153694,,,13.98178914576838,,,2.415926035027707,,6.125964450597161,2.2806426939540434,,6.648007138918125,,,4.1560192328792365,,3.2647491057445146,,,,,,0.6487522131752178,0.0,0.0,0.3745156450870312,,0.2054458753054611,,0.8783696184436731,-0.20259233324653478,-0.8058707579658089,0.01834597602858237,-0.5777592859729849,-0.7018442530687745,0.12446968661780661
Pandora_Reef,2017,Heatwave_Only,8.52,0.0,2015,2017,0,36.89645350628722,37.45549533471471,-0.559041828427489,0.0,-0.0151516412907334,-0.0151516412907334,1,,,6.710864963261779,13.084593363344544,11.56,0.0,2,0,0,1,0,15.2,0.0,2,0,0,1,0,16.41,0.0,2,0,0,1,0,16.880000000000003,0.0,2,0,0,1,0,pandora reef,Central,-18.81261388888889,1.0151516412907335,36.249580526146666,0.8832921131658831,0.024366960950865855,6.648007138918125,0.18339542257938532,,,,,2.415926035027707,0.06664700666770779,9.772844803734666,36.82588803385746,1.163030095616682,0.03158186150317408,1.8857613287678128,0.05120749096489017,,,,,4.086736053799679,0.110974541877778,5.295125507797186,True,True,True,0.023939756513871136,0.18018011237273232,,,0.06547854347616443,,2.660653788447196,,4.931285786619304,2.5206943846278507,,2.34080395853259,3.485702360204361,28.96675146031877,2.219394100628717,,0.0939211419378562,3.222663777535253,,1.467295606589718,1.4390299845230654,2.1636777600347914,1.3862565331139818,0.8832921131658831,,3.9139589487153694,,,13.98178914576838,,,2.415926035027707,,6.125964450597161,2.2806426939540434,,6.648007138918125,,,4.1560192328792365,,3.2647491057445146,,,,,,0.6487522131752178,0.0,0.0,0.3745156450870312,,0.2054458753054611,,0.8783696184436731,1.1391895030256005,-0.8058707579658089,0.8939493773927413,-0.5777592859729849,-0.9047452623535249,0.22593953983884282
Pandora_Reef,2018,Heatwave_Only,14.37,0.0,2017,2019,1,37.45549533471471,40.34647010106474,-2.890974766350027,0.0,-0.0771842620292514,-0.0771842620292514,1,,,8.329985885143397,13.924767579237594,14.82,0.0,2,0,0,2,0,21.73,0.0,3,0,0,2,0,24.59,0.0,3,0,0,2,0,24.93,0.0,3,0,0,2,0,pandora reef,Central,-18.81261388888889,1.0771842620292515,36.82588803385746,1.163030095616682,0.03158186150317408,1.8857613287678128,0.05120749096489017,,,,,4.086736053799679,0.110974541877778,5.295125507797186,39.6225623957019,1.2741503344418543,0.032157191695912864,3.300828026846573,0.08330677844309822,,,,,4.45411855787885,0.11241369281967528,3.7304845912091222,True,True,True,0.0310509869172323,0.05034671980482503,,,0.10910911782848556,,1.2835920850766716,,5.808671674006718,0.6516729334632588,,1.060861983567259,0.924613578462417,26.816298325429333,0.0,,0.0193547367169891,3.688294497881131,,0.3769159504511748,0.6556701853118428,0.5548901374360488,0.0,1.163030095616682,,6.647537511604446,,,11.288725298760015,,,4.086736053799679,,7.514579155775894,4.239518589532935,,1.8857613287678128,,,5.28917676536865,,4.3282128874084,,,,,,0.331965271016348,0.0,0.5452510076721887,0.3934237073654613,,0.5939659150133774,,0.9202513763251332,2.89521271156967,-0.8058707579658089,1.7695527787569,-0.5777592859729849,-0.9047452623535249,0.3274093930598791
Pandora_Reef,2020,Concurrent,8.97,38.377224,2019,2022,2,40.34647010106474,41.35580847506123,-1.009338373996492,0.0,-0.0250167702767597,-0.0250167702767597,2,,,6.553727295126556,15.652920428467011,23.05,0.0,2,0,0,2,0,29.35,0.0,3,0,0,3,0,36.26,0.0,4,0,0,3,0,38.25,0.0,4,0,0,3,0,pandora reef,Central,-18.81261388888889,1.0250167702767596,39.6225623957019,1.2741503344418543,0.032157191695912864,3.300828026846573,0.08330677844309822,,,,,4.45411855787885,0.11241369281967528,3.7304845912091222,40.67047654575727,1.3236625940924234,0.03254603108973179,4.975235295726602,0.12233039094413112,,,,,6.030983441729261,0.14828897898316884,9.984166144347952,True,True,True,0.031580218325177094,0.0818120648120705,,,0.11039673475081296,,3.765734487192966,,3.5768514125251296,0.7269200748774106,,0.568473665056333,1.0893595552946649,22.1208242883973,0.0303561072677156,,0.0,2.243421225437732,,0.4500504429506075,0.3473208495320478,0.6696509257102686,0.0200411475784664,1.2741503344418543,,6.243677677358884,,,11.496819762177848,,,4.45411855787885,,8.574523046141291,4.278444990856599,,3.300828026846573,,,7.170128311622706,,3.657148820439837,,,,,,0.6971905855109222,0.0,0.489650201657066,0.5409918925480592,,0.1113631967657425,,1.1368346426368192,1.2742682113751447,1.6990432852558273,1.7695527787569,-0.5777592859729849,-0.7018442530687745,0.5303490995019515
Pandora_Reef,2022,Heatwave_Only,8.72,0.0,2021,2022,0,41.81565699033308,41.35580847506123,0.459848515271851,0.459848515271851,0.0109970414999854,0.0109970414999854,2,,,4.074291764760882,16.251316452769746,9.28,0.0,1,0,0,1,0,32.17,0.0,3,0,0,2,0,38.47,0.0,4,0,0,3,0,43.73,0.0,5,0,0,3,0,pandora reef,Central,-18.81261388888889,0.9890029585000145,40.970227264464604,1.8605001975900897,0.04541102946733685,7.501204810161649,0.1830891676958745,,,,,3.993363273344963,0.09746988337574085,7.654130777400629,40.67047654575727,1.3236625940924234,0.03254603108973179,4.975235295726602,0.12233039094413112,,,,,6.030983441729261,0.14828897898316884,9.984166144347952,True,True,True,0.044492908434278555,0.17938746751954115,,,0.09549923547220952,,3.855604547153141,,2.789463707522612,0.0319097524452217,,1.1815061716155846,7.686020617994938,21.16871338715156,0.0,,0.0,1.781779607630512,,0.0184587301838441,0.7243641624373451,5.129528277148928,0.0,1.8605001975900897,,7.105606066552925,,,9.372701414389306,,,3.993363273344963,,7.012179443375518,4.12467205905015,,7.501204810161649,,,6.120701982353838,,4.076354948386792,,,,,,0.363651584371081,0.0,0.2390092871874152,0.2232460891318641,,0.0,,1.2469017725902865,1.199224484514287,-0.8058707579658089,1.7695527787569,-0.5777592859729849,-0.7018442530687745,0.733288805944024
Pandora_Reef,2024,Concurrent,6.58,23.818572,2023,2025,1,49.24365004297208,42.40765651269197,6.835993530280106,6.835993530280106,0.1388197975640459,0.1388197975640459,2,,,4.815804069092046,21.7489662144548,9.73,0.0,1,0,0,1,0,18.86,0.0,2,0,0,1,0,41.75,0.0,4,0,0,2,0,45.8,0.0,5,0,0,3,0,pandora reef,Central,-18.81261388888889,0.8611802024359541,48.471549677539635,0.5107433181409681,0.01053697110034079,4.19651302969724,0.08657682821396954,,,,,7.14252481487368,0.14735499199818913,2.143993277321021,41.61874561018332,1.0529383235909435,0.025299616991178837,4.052990410833485,0.09738377145710501,,,,,5.283733572161433,0.1269556180681381,1.9775406029124591,True,True,True,0.010371759966925116,0.08521937399106659,,,0.14504458561948216,,2.609961621832192,,2.637718295985873,0.0309080824239857,,0.6486449856618806,0.1225202441411224,23.9037356584152,0.0,,0.0,1.6551659685703088,,0.0193607560896241,0.3937305405350262,0.0757360121260615,0.0,0.5107433181409681,,5.46484862762749,,,18.86912253415866,,,7.14252481487368,,8.256930055377044,4.03086729766455,,4.19651302969724,,,4.662563882916401,,3.953133886869395,,,,,,0.4954504646977785,0.0,0.5403113227622363,0.5466634430081915,,0.1165811412531647,,1.8033850100805306,0.5568501825853451,0.7487876897709439,0.8939493773927413,-0.5777592859729849,-0.7018442530687745,0.9362285123860965
Pandora_Reef,2025,Heatwave_Only,5.68,0.0,2024,2025,0,45.52643310797325,42.40765651269197,3.118776595281276,3.118776595281276,0.0685047429014391,0.0685047429014391,1,,,2.855831220694184,25.776155544830296,16.16,0.0,2,0,0,1,0,25.28,0.0,3,0,0,1,0,39.81,0.0,4,0,0,1,0,48.330000000000005,0.0,5,0,0,2,0,pandora reef,Central,-18.81261388888889,0.9314952570985608,44.728557529040934,1.159850234886823,0.02593086607216802,5.131284895897208,0.11472055392275093,,,,,5.736678617033421,0.12825539060383884,2.9049488880356686,41.61874561018332,1.0529383235909435,0.025299616991178837,4.052990410833485,0.09738377145710501,,,,,5.283733572161433,0.1269556180681381,1.9775406029124591,True,True,True,0.02547641349666142,0.11271001362499763,,,0.12600764490879324,,1.5262117550587495,,2.225450788698533,0.9056396126714936,,0.8532412903293435,0.7197733950050377,25.41516394366064,0.0,,0.0,1.4101143723558756,,0.5524502564191082,0.508953095689001,0.4334311635716839,0.0,1.159850234886823,,8.12524095648412,,,11.774582703224182,,,5.736678617033421,,7.480597402423274,5.320322719091908,,5.131284895897208,,,6.489287692652724,,5.121800142107431,,,,,,0.100855352738545,0.0,0.2328502901034988,0.1089641966108065,,0.0,,1.5249021278561328,0.2866927658862573,-0.8058707579658089,1.7695527787569,-0.5777592859729849,-0.9047452623535249,1.0376983656071328
Peart_Reef,2011,Storm_Only,1.29,41.000868,2010,2012,1,33.363270030052625,29.674282640536408,3.6889873895162175,3.6889873895162175,0.110570318382859,0.110570318382859,10,,10.1199849924284,14.122305073799028,34.269916455311964,2.6,0.0,0,0,0,0,0,2.89,0.0,0,0,0,0,0,3.92,0.0,0,0,0,0,0,3.92,0.0,0,0,0,0,0,peart reef,Central,-17.47472222222222,0.889429681617141,33.211109078594916,13.728954768055033,0.41338441108862456,3.351822353748,0.10092473412483242,4.583776790304605,0.13801938319665819,1.3498991735986412,0.04064601306761756,5.267141864279531,0.15859578347156997,9.932229296879196,29.529047515422658,7.261093538431014,0.2458966390513827,3.379527705352424,0.11444756907879736,4.151913094621289,0.1406043690522966,2.052654816194573,0.0695130723441891,6.871742319970847,0.2327112757830005,2.5354293432420403,True,True,True,0.4114990753510794,0.10046444340524115,0.13738991370377296,0.04046063747296631,0.1578724705202772,,4.1978920497724825,8.083249315318723,,0.0244960766311739,0.0,0.5315627990764967,,35.18569796594654,1.2780788684228632,0.0,7.689637766938073,0.0708067579942163,0.0,0.0,0.7575011831019542,,1.4142835888449532,13.728954768055033,,,,,,,1.282087453461545,5.267141864279531,1.3498991735986412,3.647426675147559,,4.583776790304605,3.351822353748,,,0.3794265717353812,,,,,,0.7200184810011082,0.8090392036639006,0.3815431123815261,,0.9485894475330507,2.486921625151598,,4.554039331003551,,0.6136739778354022,-1.0310750777904036,1.8702907600605234,-0.8572574253355764,-0.5777592859729849,0.9213638212092281,-0.38287957948737456
Peart_Reef,2017,Heatwave_Only,8.64,0.0,2016,2018,1,41.487302692448985,11.172300281010532,30.315002411438453,30.315002411438453,0.7307055519171176,0.7307055519171176,10,,6.138499304402041,17.82971758235354,34.24394166476792,4.57,0.0,0,0,0,0,0,8.2,0.0,0,0,0,0,0,10.65,0.0,0,0,0,0,0,11.48,0.0,0,0,0,0,0,peart reef,Central,-17.47472222222222,0.26929444808288244,41.37925698832595,16.457259708982075,0.3977176224702404,2.028255118559611,0.0490162285691072,7.773536928496452,0.18786071800877305,2.471227393279907,0.059721405678625356,7.1722411324416,0.17332938420003666,5.9438650501816825,11.043050765808403,2.449975006631965,0.22185671863590456,1.033289423358531,0.09356919978651293,0.3764406154666808,0.03408846191599696,0.2440064355769949,0.02209592627541747,3.6694322244985846,0.332284284688785,13.142128458994017,True,True,True,0.396681843381865,0.04888857522493911,0.18737147088406153,0.05956587275869564,0.1728779811406492,,3.012529286017466,4.402697168097681,,0.0241540327485646,0.0903841225762645,0.5485648426251195,,36.15197184485708,0.1573742317275781,0.0693070039456978,4.468401752147338,0.0,0.0,0.2073640258208281,0.8974087096616647,,0.301383558606154,16.457259708982075,,,,,,,1.8216268326240903,7.1722411324416,2.471227393279907,3.6551098739422097,,7.773536928496452,2.028255118559611,,,0.0506370838817535,,,,,,0.3779882739670447,0.548730339954152,0.6618222099586059,,1.0507357714562495,2.1674917912903053,,3.219649174746745,,1.2223024411914154,1.1752104919188127,-0.8058707579658089,-0.8572574253355764,-0.5777592859729849,0.9213638212092281,0.22593953983884282
Peart_Reef,2020,Heatwave_Only,5.5600000000000005,0.0,2018,2020,0,11.172300281010532,13.879939358890672,-2.70763907788014,0.0,-0.2423528736049363,-0.2423528736049363,3,,13.394889157750876,10.14809708138397,35.939163903169046,9.22,0.0,1,0,0,1,0,13.79,0.0,1,0,0,1,0,16.6,0.0,1,0,0,1,0,17.42,0.0,1,0,0,1,0,peart reef,Central,-17.47472222222222,1.2423528736049363,11.043050765808403,2.449975006631965,0.22185671863590456,1.033289423358531,0.09356919978651293,0.3764406154666808,0.03408846191599696,0.2440064355769949,0.02209592627541747,3.6694322244985846,0.332284284688785,13.142128458994017,13.780008416134917,2.813951687812784,0.2042053678659548,1.6844311387152204,0.12223730841433533,0.1520717810444023,0.011035681289304766,0.6509367386077072,0.047237760598573354,4.70670119063398,0.34156011001582093,15.144015070489697,True,True,True,0.21929011439087145,0.09248672138850444,0.033694101124950415,0.02184030409491684,0.3284401718718113,,2.5610345620731403,12.212175190254053,,0.0251715796472172,0.2323158161442986,0.5062484702202177,,61.96267733984065,0.0248729015349077,0.0,11.77273365751076,0.0742214905519876,0.0,0.3894999616339169,0.8331201609969311,,0.072553188300422,2.449975006631965,,,,,,,0.7718439639926794,3.6694322244985846,0.2440064355769949,2.4980630962829675,,0.3764406154666808,1.033289423358531,,,0.1494315665808496,,,,,,0.3511669510944201,0.153853606844456,0.3522470661867746,,1.0787437566698448,2.897490555097889,,1.4280102676046476,,-1.0488077452200244,0.2506717769930458,-0.8058707579658089,0.01834597602858237,-0.5777592859729849,-0.4989432437840242,0.5303490995019515
Peart_Reef,2022,Heatwave_Only,4.47,0.0,2020,2022,0,13.879939358890672,23.98623263469546,-10.10629327580479,0.0,-0.7281222932239465,-0.7281222932239465,2,,15.4246525004036,9.56529902559695,31.294646971543365,5.880000000000001,22.481028,1,1,1,1,1,14.93,22.481028,2,1,1,1,1,19.5,22.481028,2,1,1,1,1,19.5,22.481028,2,1,1,1,1,peart reef,Central,-17.47472222222222,1.7281222932239464,13.780008416134917,2.813951687812784,0.2042053678659548,1.6844311387152204,0.12223730841433533,0.1520717810444023,0.011035681289304766,0.6509367386077072,0.047237760598573354,4.70670119063398,0.34156011001582093,15.144015070489697,23.896158774041048,6.904373851046258,0.28893237261825694,2.895877766362594,0.1211859108296708,0.5489423301123543,0.022971990406620627,0.7725048654742113,0.03232757502069333,7.727308273523182,0.3233703101235474,10.117867689051822,True,True,True,0.2027351571972346,0.12135724048652079,0.010956228057797246,0.04689766444770203,0.33910099092898016,,3.8210128011763898,15.093583665033432,,0.0266024027164432,0.1976007422307142,0.496745346179642,,54.681777588841854,0.0611369924900946,0.0752751850201286,13.931673064628724,0.0,0.0,0.3219506373033391,0.6685836714316934,,0.1465325121058125,2.813951687812784,,,,,,,0.9092670296541988,4.70670119063398,0.6509367386077072,2.8626488496666243,,0.1520717810444023,1.6844311387152204,,,0.2899437701068887,,,,,,1.6240210123251169,0.4582456028351347,0.7799085089316803,,0.9450398891346874,2.889946583979134,,0.2208615570473736,,-0.8459594456408367,-0.07651887212029389,-0.8058707579658089,0.8939493773927413,1.3420104933676291,-0.7018442530687745,0.733288805944024
Peart_Reef,2024,Heatwave_Only,5.08,0.0,2023,2025,1,26.13819993630156,26.4212783468552,-0.2830784105536388,0.0,-0.0108300652395152,-0.0108300652395152,2,,10.035288355731332,20.83649240491072,38.551461813935504,5.5600000000000005,0.0,1,0,0,1,0,11.29,22.481028,2,1,1,1,1,20.340000000000003,22.481028,3,1,1,1,1,22.62,22.481028,3,1,1,1,1,peart reef,Central,-17.47472222222222,1.0108300652395152,26.02351565144305,7.828365638385078,0.3008189109894912,2.607822390463035,0.1002102262197009,0.9413073559592656,0.03617141390760047,0.8384016616289869,0.03221707907795679,7.671265214031396,0.29478204700624344,9.905520937124964,26.277261396666976,5.797606684205185,0.22063207412247904,3.124797064285723,0.11891638999648853,1.4545872451694215,0.05535535926715416,1.4332427722146712,0.054543080063756744,8.532530483253623,0.32471155781613886,10.964912469290155,True,True,True,0.2994990342664261,0.09977054260883544,0.0360127077707424,0.03207572302882985,0.29348865770122523,,4.863237624492983,8.644119740769332,,0.0,0.5034078547939035,0.4327110501563506,,45.982940737415554,0.0,0.0,8.415463512461276,0.0,0.0,0.7611181783154435,0.7289392463482447,,0.0,7.828365638385078,,,,,,,1.9822819859029264,7.671265214031396,0.8384016616289869,4.154071405072362,,0.9413073559592656,2.607822390463035,,,0.3194446747111351,,,,,,1.8269497959050265,0.2196756618079921,0.4168352832507742,,1.5119910414406947,3.668382060854919,,0.0,,0.07239312735909538,0.10658782142019896,-0.8058707579658089,0.8939493773927413,1.3420104933676291,-0.7018442530687745,0.9362285123860965
Peart_Reef,2025,Heatwave_Only,6.7,0.0,2024,2025,0,29.108070695344,26.4212783468552,2.686792348488801,2.686792348488801,0.0923040340464257,0.0923040340464257,1,,9.464755679940469,27.44480223457113,38.539020541740655,10.49,0.0,2,0,0,1,0,16.2,22.481028,3,1,1,1,1,16.78,22.481028,3,1,1,1,1,25.42,22.481028,4,1,1,1,1,peart reef,Central,-17.47472222222222,0.9076959659535743,28.983671305364044,9.32825433009348,0.32184516004937885,3.1239032911239657,0.10778149041960122,1.0275853398792318,0.03545393987714232,0.9669220597424232,0.033360924140879065,8.366215622922242,0.28865272224412425,9.232793942273789,26.277261396666976,5.797606684205185,0.22063207412247904,3.124797064285723,0.11891638999648853,1.4545872451694215,0.05535535926715416,1.4332427722146712,0.054543080063756744,8.532530483253623,0.32471155781613886,10.964912469290155,True,True,True,0.3204696878651455,0.10732086381883262,0.03530242009627934,0.03321834929778042,0.2874191048416158,,3.356902040740606,6.168846197103729,,0.3311479452345592,0.229600524377757,1.8223003427984223,,45.21150042318994,0.0,0.0,6.100270693284049,0.4778852985407634,0.1431069566913048,0.4395970834572962,2.071933910300376,,0.0,9.32825433009348,,,,,,,2.218403074763347,8.366215622922242,0.9669220597424232,3.9523875868393534,,1.0275853398792318,3.1239032911239657,,,0.0850675809900952,,,,,,0.717174804367747,0.4187303057704131,0.8917306956121553,,0.9487605798126318,4.514569125114208,,0.0,,0.2948870477502009,0.5928711714785568,-0.8058707579658089,1.7695527787569,1.3420104933676291,-0.9047452623535249,1.0376983656071328
Pompey_Reef_No_1,2009,Storm_Only,0.79,34.39613138374484,2008,2010,1,42.45477445945167,34.28409478008037,8.170679679371297,8.170679679371297,0.1924560849375155,0.1924560849375155,5,47.97143962288561,4.199405948654789,5.128587944105427,22.699488524917584,1.54,0.0,0,0,0,0,0,6.15,0.0,1,0,0,1,0,6.15,0.0,1,0,0,1,0,6.15,0.0,1,0,0,1,0,pompey reef no 1,South,-20.93496111111111,0.8075439150624845,42.312982420354544,10.352246355145546,0.24465886739682113,8.112522084848582,0.19172654870449585,2.397477017086752,0.0566605538051946,3.8990583982112734,0.09214804003831321,9.73233607159064,0.23000827440868185,4.117135788239675,34.156316494402525,5.339064316465893,0.15631264915058535,9.167100927487596,0.2683866958836116,1.6523512644298508,0.04837615510152083,4.058604546972984,0.11882442146939647,6.767810130393487,0.19814227132784015,1.9879993857260432,True,True,True,0.24384174658689853,0.19108621322666097,0.056471316774431804,0.0918402805775177,0.2292400841956172,,4.029881893049332,2.4142146374542643,0.0,1.0871566570753597,0.0,0.0942270268097035,,40.02331706236932,,,2.102382056131644,0.0,,0.0,0.0618471709621568,,1.9529065611458736,10.352246355145546,,,,1.6165974765692377,,,,9.73233607159064,3.8990583982112734,6.202745016902515,,2.397477017086752,8.112522084848582,,,,,,,,,0.0296682530613165,0.3915071861725671,0.0943399614751561,,0.5937712700655904,0.0314893626883237,,1.3220380679338055,0.2969760177327989,1.2947825602850631,-1.181162531512119,1.4391939850087974,0.01834597602858237,-0.5777592859729849,-0.09314122521452356,-0.5858192859294471
Pompey_Reef_No_1,2015,Storm_Only,1.14,41.000868,2014,2018,3,43.621615713002086,9.000944378371836,34.62067133463025,34.62067133463025,0.7936586201301808,0.7936586201301808,6,49.3053714149582,3.0976441008080857,30.52369137318044,29.122013873945672,1.67,0.0,0,0,0,0,0,3.0500000000000003,0.0,0,0,0,0,0,3.84,35.76241019359568,0,1,0,0,1,3.84,35.76241019359568,0,1,0,0,1,pompey reef no 1,South,-20.93496111111111,0.20634137986981915,43.47835559845612,7.013028225060733,0.16129929774321455,7.779010021100821,0.17891684066765964,3.672950052018548,0.08447766713948518,6.088284437211909,0.140030236962966,7.937006914955036,0.18255076130884934,3.030023648715416,8.881725534017248,0.5448458507687317,0.061344594435164365,2.1287434479108165,0.2396767880022493,0.5434334044465133,0.0611855660665429,0.6295438767866959,0.07088080738089979,2.9946012672557485,0.33716435570839753,3.0533279886368705,True,True,True,0.16076956596934106,0.1783292501653525,0.08420022945009277,0.1395703560654037,0.18195123645063177,,5.612506219290377,1.010954437875183,0.0,0.3115069981303064,2.3096743968954883,0.7079225904883105,,38.966704678562735,,,0.5698338210318075,0.0,,1.5296041096644302,0.380869309064963,,0.5497164089542154,7.013028225060733,,,,2.04243417342816,,,,7.937006914955036,6.088284437211909,8.945641774680913,,3.672950052018548,7.779010021100821,,,,,,,,,0.2679037056111753,0.8885439126426722,0.2472527942227828,,0.4284629977759657,0.23452846912037,,0.6185757701183991,0.03004674542942,1.382198850770448,-1.0761013139069182,1.8702907600605234,-0.8572574253355764,-0.5777592859729849,0.10975978407022678,0.022999833396770367
Pompey_Reef_No_1,2017,Heatwave_Only,4.24,0.0,2016,2018,1,25.33232891387595,9.000944378371836,16.331384535504114,16.331384535504114,0.6446854764529166,0.6446854764529166,2,66.71624374609617,0.7592660513316665,22.633558646156004,36.44436429714432,1.98,37.03968,0,1,0,0,1,3.65,37.03968,0,1,0,0,1,5.03,37.03968,0,1,0,0,1,5.82,72.80209019359567,0,2,0,0,1,pompey reef no 1,South,-20.93496111111111,0.3553145235470833,25.213805926719733,4.2772418517010085,0.16963888213196338,3.4008010732341063,0.1348785297673045,1.9062563283890024,0.07560367260417804,7.328703539761,0.2906623284505645,5.479243078873934,0.21731122603222056,0.6849858210808977,8.881725534017248,0.5448458507687317,0.061344594435164365,2.1287434479108165,0.2396767880022493,0.5434334044465133,0.0611855660665429,0.6295438767866959,0.07088080738089979,2.9946012672557485,0.33716435570839753,3.0533279886368705,True,True,True,0.16884518854317104,0.13424747028968564,0.07524994385118842,0.2893023995021103,0.2162944866815085,,6.0361755174923735,0.1776990304905105,0.0,0.1709052299544509,0.2768896394855829,0.7894537280744809,,58.94118219549751,,,0.0638702910689187,0.0,,0.0958505391323177,0.465593564467572,,0.0596714264120893,4.2772418517010085,,,,0.3069431076597889,,,,5.479243078873934,7.328703539761,2.5146169471008912,,1.9062563283890024,3.4008010732341063,,,,,,,,,0.4172766007959067,0.539164080418966,0.61250220251509,,0.352418709572567,0.1514000756600588,,0.4108112608851821,1.3631952435314267,0.01201965738127262,-0.14555910083228282,-0.8058707579658089,-0.8572574253355764,1.3420104933676291,-0.7018442530687745,0.22593953983884282
Pompey_Reef_No_1,2020,Heatwave_Only,8.94,0.0,2018,2020,0,9.000944378371836,12.963861789107106,-3.962917410735271,0.0,-0.440277957972685,-0.440277957972685,3,85.99069673290693,3.0811782115986466,24.061610841931103,28.788468432628505,4.24,0.0,1,0,0,1,0,6.220000000000001,37.03968,1,1,0,1,1,6.9,37.03968,1,1,0,1,1,7.89,37.03968,1,1,0,1,1,pompey reef no 1,South,-20.93496111111111,1.440277957972685,8.881725534017248,0.5448458507687317,0.061344594435164365,2.1287434479108165,0.2396767880022493,0.5434334044465133,0.0611855660665429,0.6295438767866959,0.07088080738089979,2.9946012672557485,0.33716435570839753,3.0533279886368705,12.852673361844513,0.7469917566604148,0.05811956280457536,4.882109287394398,0.37985165809066795,1.2082694566970575,0.09400919347129945,1.0007871546366025,0.07786606929633957,2.7062510981487446,0.21055939273947014,11.229296676674211,True,True,True,0.06053207617613207,0.23650223336852583,0.06037515416185851,0.06994198056588512,0.3326985637697537,,3.409178199744811,0.0,0.0,0.0,2.270313318284535,0.398992003229053,,79.7229526277738,,,0.0,0.0,,2.837246757340202,0.2160812312966684,,0.0,0.5448458507687317,,,,0.3651515146269388,,,,2.9946012672557485,0.6295438767866959,1.675406172221803,,0.5434334044465133,2.1287434479108165,,,,,,,,,0.0274006481246144,0.3497652399403247,0.1374733147261976,,0.1194066144642657,0.1816363716508403,,0.0752953653258698,0.0,-1.2114792978024063,1.2652629641518414,-0.8058707579658089,0.01834597602858237,1.3420104933676291,-0.4989432437840242,0.5303490995019515
Pompey_Reef_No_1,2022,Heatwave_Only,4.28,0.0,2020,2025,3,12.963861789107106,24.73710245088624,-11.773240661779134,0.0,-0.9081584525740322,-0.9081584525740322,2,79.18178240240955,11.356980628064708,21.85463824439439,21.422107849019707,8.94,0.0,1,0,0,1,0,13.18,0.0,2,0,0,1,0,15.16,37.03968,2,1,0,1,1,15.16,37.03968,2,1,0,1,1,pompey reef no 1,South,-20.93496111111111,1.9081584525740323,12.852673361844513,0.7469917566604148,0.05811956280457536,4.882109287394398,0.37985165809066795,1.2082694566970575,0.09400919347129945,1.0007871546366025,0.07786606929633957,2.7062510981487446,0.21055939273947014,11.229296676674211,24.64430252917952,5.086152469479686,0.2063824879384411,5.8714800043453685,0.2382489825952014,1.4652532223699448,0.05945606375490016,0.8472743998223689,0.034380133047757104,5.727907667657981,0.2324232004892808,1.5207683292135128,True,True,True,0.057621083039320516,0.37659374704970966,0.09320289558411575,0.07719822772852412,0.2087534673057587,,6.004192783900289,0.0903081084261947,3.114296983996812,0.0,4.396725592434347,0.9589814717191696,,64.30125480080324,,,0.0342616291796139,4.618912646298565,,6.109671327889562,0.4664510733064708,,0.0,0.7469917566604148,,,,0.2812434121285345,,,,2.7062510981487446,1.0007871546366025,2.0270211961787603,,1.2082694566970575,4.882109287394398,,,,,,,,,0.0880576469703019,0.3894209469899923,0.3150311823543942,,0.192651944784132,0.3709140215619634,,0.0798103792758727,0.0962081031599171,-0.9145892637105022,-0.13355210453454558,-0.8058707579658089,0.8939493773927413,-0.5777592859729849,-0.7018442530687745,0.733288805944024
Pompey_Reef_No_1,2024,Heatwave_Only,8.63,0.0,2023,2025,1,25.19652755724253,24.73710245088624,0.4594251063562886,0.4594251063562886,0.018233667528692,0.018233667528692,2,70.52872465469214,1.4379683797069072,30.714240487417648,47.93450050224903,5.1000000000000005,0.0,1,0,0,1,0,14.04,0.0,2,0,0,1,0,18.28,0.0,3,0,0,1,0,19.12,0.0,3,0,0,1,0,pompey reef no 1,South,-20.93496111111111,0.981766332471308,25.095374104100443,4.9040508675283565,0.19541652765108858,5.772553314433126,0.2300245969829923,2.151776751989287,0.08574395994509997,1.311757786895968,0.05227089986602886,5.711703968602209,0.22759987338339574,1.364134530918576,24.64430252917952,5.086152469479686,0.2063824879384411,5.8714800043453685,0.2382489825952014,1.4652532223699448,0.05945606375490016,0.8472743998223689,0.034380133047757104,5.727907667657981,0.2324232004892808,1.5207683292135128,True,True,True,0.1946320125416936,0.22910114504146642,0.08539973403481056,0.05206105420343583,0.22668615568657705,,5.466437023077702,0.0901267254932087,0.0901761486077195,0.0,1.1537682472731732,0.9496535020420314,,62.52490322745441,,,0.0311750621151493,0.03104503329395,,0.7019942923496494,0.5999201431598272,,0.0,4.9040508675283565,,,,1.1856963830143743,,,,5.711703968602209,1.311757786895968,4.057835031637123,,2.151776751989287,5.772553314433126,,,,,,,,,0.1978616852724048,0.7300851061029873,0.3881683833061393,,0.3707901316229801,0.3765293296748588,,0.1239431656720579,0.029316046026656,0.0018458219913639932,1.1722087428443784,-0.8058707579658089,0.8939493773927413,-0.5777592859729849,-0.7018442530687745,0.9362285123860965
Pompey_Reef_No_2,2009,Storm_Only,0.79,32.67308311182613,2008,2010,1,30.98513787361741,16.844229080112292,14.14090879350512,14.14090879350512,0.4563771460751036,0.4563771460751036,5,57.722637225039776,1.4318183529627542,3.620973902185181,27.09021013221138,1.56,0.0,0,0,0,0,0,6.200000000000001,0.0,1,0,0,1,0,6.200000000000001,0.0,1,0,0,1,0,6.200000000000001,0.0,1,0,0,1,0,pompey reef no 2,South,-20.988641666666663,0.5436228539248964,30.74540510006919,10.66085110179236,0.3467461582338484,3.626831475501398,0.11796336602809102,3.4004478479119227,0.11060019657715521,4.966707397690354,0.16154307876331014,4.857683031541764,0.15799704104503187,1.3674385778173879,16.670442742789287,2.0951152337029084,0.1256784397408485,2.9845446339589965,0.17903211570370234,1.181023292085847,0.07084534647987634,4.543640527694897,0.27255667997541483,3.650685759843804,0.21899152986940848,0.39975671820586267,True,True,True,0.34406337468227444,0.11705068056481033,0.10974448013695193,0.1602932159911189,0.15677461405385204,,6.885984570106007,0.8264370344881337,0.0,0.4188743949549208,0.0,0.2284086039052893,,48.917875547879866,,,0.7629097343647561,0.0,,0.0,0.2245000409482639,,0.3800288025043679,10.66085110179236,,,,,,,0.9926457889596646,4.857683031541764,4.966707397690354,2.240238456671727,,3.4004478479119227,3.626831475501398,,,,,,,,,0.0900678881017165,1.7168877145491326,0.2245395038062962,,0.9025871450012688,0.1942334296269279,,1.4017989792148668,2.7739564320216203,0.4355113607981457,-1.181162531512119,1.3267291591663148,0.01834597602858237,-0.5777592859729849,-0.09314122521452356,-0.5858192859294471
Pompey_Reef_No_2,2015,Storm_Only,1.3,41.000868,2014,2016,1,25.52553351539526,14.054138252078364,11.471395263316897,11.471395263316897,0.4494086384677575,0.4494086384677575,6,62.3750800005753,4.153555851912063,21.7038814617312,25.513422038977712,1.64,0.0,0,0,0,0,0,3.01,0.0,0,0,0,0,0,3.8,34.29984846531156,0,1,0,0,1,3.8,34.29984846531156,0,1,0,0,1,pompey reef no 2,South,-20.988641666666663,0.5505913615322424,25.360379288743705,5.452868111488627,0.21501524284807924,3.4567279295189186,0.13630426777777727,3.4262213029012383,0.13510134307896488,4.998213475266054,0.19708748904573872,4.734651209284136,0.18669481064842072,4.044758401266816,13.906015542617963,0.3772840230643891,0.02713099391469263,4.222360834977135,0.30363556131782,0.1748769921854182,0.012575636180577405,1.8898093998000127,0.13589869751031752,3.900983788418197,0.2805249121477534,2.6244007381506083,True,True,True,0.21362406032374714,0.1354223576731141,0.1342272160867774,0.19581230191531443,0.1854868657859205,,8.229989003189795,1.0280679884301531,0.0268604647292408,0.3070337778651801,2.258194195096131,0.8148656800800619,,49.24485860241137,,,0.931525932588841,0.0315443352452623,,2.068708570739275,0.7393475944494939,,0.2736319682439441,5.452868111488627,,,,,,,1.1605839630805446,4.734651209284136,4.998213475266054,2.1311132972041853,,3.4262213029012383,3.4567279295189186,,,,,,,,,0.1568017448076099,1.4276308493339769,0.6032148650120446,,0.1937446167780282,0.5412310383262238,,0.7105285831098004,2.308468439268053,0.026493973847317217,-1.0280733287159693,1.8702907600605234,-0.8572574253355764,-0.5777592859729849,0.10975978407022678,0.022999833396770367
Pompey_Reef_No_2,2017,Heatwave_Only,4.38,0.0,2016,2018,1,14.054138252078364,22.050219906090327,-7.996081654011963,0.0,-0.5689485552648154,-0.5689485552648154,2,83.49427306513661,2.719289618522227,11.562362047065562,28.785575349597057,2.14,37.03968,0,1,0,0,1,3.78,37.03968,0,1,0,0,1,5.15,37.03968,0,1,0,0,1,5.94,71.33952846531156,0,2,0,0,1,pompey reef no 2,South,-20.988641666666663,1.5689485552648155,13.906015542617963,0.3772840230643891,0.02713099391469263,4.222360834977135,0.30363556131782,0.1748769921854182,0.012575636180577405,1.8898093998000127,0.13589869751031752,3.900983788418197,0.2805249121477534,2.6244007381506083,21.901959107049326,4.907999648153819,0.22408952661107556,3.6640489665840574,0.16729320645132395,1.8593505339252587,0.084894256483513,5.0949669064321865,0.23262608068665097,4.00634024520255,0.18292154713744654,0.9419905603571139,True,True,True,0.026845048504385908,0.3004354133454408,0.012443096051055064,0.13446640170346572,0.27756833741416403,,6.1366021572683005,0.09573125371795,0.7651432277379158,0.0948498023622797,1.4226524658708055,0.4714903927817931,,74.15062504505737,,,0.0899066055638817,0.712985582438931,,1.297375661743413,0.4267156310776867,,0.0974172573266959,0.3772840230643891,,,,,,,1.0205139207549236,3.900983788418197,1.8898093998000127,2.320186583417888,,0.1748769921854182,4.222360834977135,,,,,,,,,0.0208360330744585,0.0212577106755496,0.0858436539418491,,0.0197605804014705,0.0847500487738628,,0.4562135826027886,0.0,-0.8329089805473262,-0.10353461379020261,-0.8058707579658089,-0.8572574253355764,1.3420104933676291,-0.7018442530687745,0.22593953983884282
Pompey_Reef_No_2,2020,Heatwave_Only,8.97,0.0,2018,2023,3,22.050219906090327,22.71660031286888,-0.6663804067785541,0.0,-0.0302210322444221,-0.0302210322444221,3,70.52142949862711,0.9944983720353164,22.43442452582068,31.275905747649286,4.38,0.0,1,0,0,1,0,6.52,37.03968,1,1,0,1,1,7.16,37.03968,1,1,0,1,1,8.16,37.03968,1,1,0,1,1,pompey reef no 2,South,-20.988641666666663,1.030221032244422,21.901959107049326,4.907999648153819,0.22408952661107556,3.6640489665840574,0.16729320645132395,1.8593505339252587,0.084894256483513,5.0949669064321865,0.23262608068665097,4.00634024520255,0.18292154713744654,0.9419905603571139,22.566658101340746,5.47837838169669,0.24276427449269525,3.3435924882290893,0.14816515911279027,1.325985936038984,0.05875863098932685,3.241973012614126,0.14366207872053113,5.553476805801801,0.24609212320506837,1.5836797918989838,True,True,True,0.22258279822407653,0.16616836395232673,0.08432344628960826,0.2310619543991461,0.18169162313415244,,8.341028272157445,0.1281619194151435,0.0,0.0,0.2301550380440786,0.6456204557056301,,60.74052804838562,,,0.1248636494859223,0.0,,0.2211066573360559,0.5960202535351358,,0.0,4.907999648153819,,,,,,,1.1246082492172738,4.00634024520255,5.0949669064321865,1.244644557534181,,1.8593505339252587,3.6640489665840574,,,,,,,,,0.2935384473196649,0.6825426070860938,0.5671691978026506,,0.4979800109209643,0.3555439024997677,,0.1589310983346188,1.4954860428372634,-0.23386622774345103,1.2742682113751447,-0.8058707579658089,0.01834597602858237,1.3420104933676291,-0.4989432437840242,0.5303490995019515
Pompey_Reef_No_2,2024,Heatwave_Only,8.63,0.0,2023,2024,0,22.71660031286888,23.61100800344921,-0.89440769058033,0.0,-0.0393724271353073,-0.0393724271353073,4,67.87038823312663,1.6435723449776978,23.15446270817304,50.85185461861887,4.35,0.0,0,0,0,0,0,13.320000000000002,0.0,1,0,0,1,0,17.7,0.0,2,0,0,1,0,18.54,0.0,2,0,0,1,0,pompey reef no 2,South,-20.988641666666663,1.0393724271353073,22.566658101340746,5.47837838169669,0.24276427449269525,3.3435924882290893,0.14816515911279027,1.325985936038984,0.05875863098932685,3.241973012614126,0.14366207872053113,5.553476805801801,0.24609212320506837,1.5836797918989838,23.442861409737997,6.259520537580118,0.26701179639188405,3.242889187700431,0.13833162816691644,1.3326439630306972,0.05684647192757478,4.542938528216236,0.19378771425612454,5.324175579822869,0.22711287187882467,0.6540298776763391,True,True,True,0.24116189510070332,0.1471871865586751,0.0583707913057667,0.14271382900449056,0.24446777815850262,,4.300861364304756,0.332368124035557,0.0,0.0,0.5119770659200652,0.8734597014111816,,61.391604546794085,,,0.3119368168044275,0.0,,0.4660935917010205,0.8056493833935358,,0.0,5.47837838169669,,,,,,,1.6242085976551264,5.553476805801801,3.241973012614126,1.9990428793049293,,1.325985936038984,3.3435924882290893,,,,,,,,,0.5350802994143489,1.964405666822872,0.8418336708867623,,0.7442397502243788,0.7750922707730152,,0.0,0.9716920969640528,-0.1839429815131051,1.1722087428443784,-0.8058707579658089,0.01834597602858237,-0.5777592859729849,-0.2960422344992739,0.9362285123860965
Rebe_Reef,2003,Storm_Only,0.15,29.117304,2002,2003,0,19.80602413810053,18.622252914481933,1.1837712236185958,1.1837712236185958,0.0597682409838829,0.0597682409838829,10,23.229107716190608,0.369403796112712,,32.78370094967743,3.5200000000000005,0.0,0,0,0,0,0,5.1,0.0,0,0,0,0,0,5.26,0.0,0,0,0,0,0,5.5600000000000005,0.0,0,0,0,0,0,rebe reef,Central,-19.7981,0.940231759016117,19.335014812421655,4.343103964695223,0.22462377230272534,5.675636526184748,0.2935418762926663,2.1271884546384943,0.11001742048172086,,,3.16694792889086,0.1637934058812448,0.3454081161856248,18.225915757338836,3.4073560591430336,0.18695115814803598,5.739822211789984,0.31492640963616825,2.813951698796948,0.15439288408122287,,,2.3461960529315755,0.12872856893277682,0.0660132587343069,True,True,True,0.21928196867843175,0.2865611233537082,0.10740108362013233,,0.15989821615932767,,6.678798262847072,0.0,,0.0,0.0,0.0,,15.440570959773858,0.7696337579159787,,0.0,0.0,,0.0,0.0,,0.3454081161856248,4.343103964695223,,,,,,1.0644012311874154,,3.16694792889086,,2.435186797034837,,2.1271884546384943,5.675636526184748,,0.5225499097900762,,,,2.489027085869268,,0.0,,3.0834509252665026,2.8629370497840254,,,0.2129144616681878,,1.528476717898192,32.33001238065411,-0.40199472728333374,-1.3732744722759145,1.0946404330039583,-0.8572574253355764,-0.5777592859729849,0.9213638212092281,-1.1946384052556644
Rebe_Reef,2004,Heatwave_Only,5.0,0.0,2003,2007,3,18.622252914481933,18.11041507736537,0.5118378371165626,0.5118378371165626,0.0274852800822247,0.0274852800822247,10,24.366047555002226,0.0825438601606477,,39.68700489358476,3.67,0.0,0,0,0,0,0,3.82,0.0,0,0,0,0,0,5.25,0.0,0,0,0,0,0,5.41,0.0,0,0,0,0,0,rebe reef,Central,-19.7981,0.9725147199177753,18.225915757338836,3.4073560591430336,0.18695115814803598,5.739822211789984,0.31492640963616825,2.813951698796948,0.15439288408122287,,,2.3461960529315755,0.12872856893277682,0.0660132587343069,17.70315361492432,2.634071834075041,0.14879110758291306,5.182473610201239,0.2927429611090449,3.048690607893656,0.17221172420508812,,,3.2568701934624404,0.18397118752428354,0.23513933428035239,True,True,True,0.18297227917537526,0.30822383511536927,0.15110694241557784,,0.1259888405396435,,4.541020679091785,0.0,,0.0,0.0,0.0,,19.3102388352936,0.2082818740749433,,0.0,0.0,,0.0,0.0,,0.0660132587343069,3.4073560591430336,,,,,,0.818100691083611,,2.3461960529315755,,2.587207581271589,,2.813951698796948,5.739822211789984,,0.5132814623220948,,,,1.9891739002371809,,0.0,,0.9869360529698136,2.566827037740356,,,1.740037544316543,,0.6656749768130441,34.51437614009557,-0.4906793609789759,0.08257382882472449,-0.8058707579658089,-0.8572574253355764,-0.5777592859729849,0.9213638212092281,-1.0931685520346281
Rebe_Reef,2009,Storm_Only,3.83,42.338412,2007,2011,2,18.11041507736537,3.226949971477211,14.88346510588816,14.88346510588816,0.8218180004327844,0.8218180004327844,5,32.3581954187188,0.2720162992593848,7.312275357736754,42.85706420258898,1.5,0.0,0,0,0,0,0,6.83,0.0,1,0,0,1,0,9.16,0.0,1,0,0,1,0,10.500000000000002,0.0,1,0,0,1,0,rebe reef,Central,-19.7981,0.1781819995672156,17.70315361492432,2.634071834075041,0.14879110758291306,5.182473610201239,0.2927429611090449,3.048690607893656,0.17221172420508812,,,3.2568701934624404,0.18397118752428354,0.23513933428035239,3.0808595127651692,0.0,0.0,0.9148158045848768,0.2969352548515919,0.0203793542582733,0.006614827509606948,,,1.0504813040600112,0.34097020643345427,1.6884113464068542,True,True,True,0.14544513876808587,0.28615984714112713,0.1683390797433433,,0.17983409985632626,,7.475780295092048,0.4382743366806253,,0.0,0.0,0.0985939870652716,,24.048296509150457,0.0,,0.2011987113473813,0.0,,0.0,0.0339406229329711,,0.0,2.634071834075041,,,,,,0.8772068053945019,,3.2568701934624404,,2.5545777039057627,,3.048690607893656,5.182473610201239,,0.1492628599916816,,,,2.684001066398913,,1.601074573660414,,3.77529850961314,2.599961910069585,,,0.0928460228554158,,0.8538919319633776,25.44369277412738,-0.5290247356515377,-0.26863081288408946,1.9575933942746824,0.01834597602858237,-0.5777592859729849,-0.09314122521452356,-0.5858192859294471
Rebe_Reef,2010,Storm_Only,1.54,29.117304,2009,2013,3,9.050954331498987,2.496085530265719,6.554868801233268,6.554868801233268,0.7242185256002363,0.7242185256002363,1,74.8414648031007,3.4433017970286035,2.4142524882121097,64.30878953739189,4.3,42.338412,0,1,0,0,1,5.66,42.338412,0,1,0,0,1,10.81,42.338412,1,1,0,1,1,12.99,42.338412,1,1,0,1,1,rebe reef,Central,-19.7981,0.2757814743997638,8.766041409934797,0.3440673813064308,0.039250029199781065,4.126907014724523,0.4707834268324794,0.4823941401655158,0.05502987239129457,,,1.54242418315891,0.17595447146882492,3.4036723963813964,2.334781829991179,0.3114013265720231,0.13337491433758486,0.4451867056759703,0.19067593380990647,0.1792092463176463,0.07675631359454402,,,0.6625728226755618,0.2837836127404097,0.5250817160569763,True,True,True,0.03801448650657897,0.45596374300134596,0.05329759962291439,,0.17041564089998665,,7.059413394270685,2.479176259940308,,0.0,0.0,0.5677467024237387,,63.55586516296282,0.8221579290366854,,2.491435289134554,0.0,,0.0,0.2596291785492042,,0.652607928697638,0.3440673813064308,,,,,,0.7326663156343443,,1.54242418315891,,1.455431522676738,,0.4823941401655158,4.126907014724523,,0.0821508522683339,,,,0.4658309083895359,,0.0,,0.446785703089077,0.6449080098505043,,,0.0878950441800975,,0.0754648135646515,3.260795471255991,-1.207732700245608,-0.9560313509295459,1.0946404330039583,-0.8572574253355764,1.3420104933676291,-0.9047452623535249,-0.4843494327084108
Rebe_Reef,2015,Storm_Only,1.29,20.268067728102764,2013,2015,0,2.496085530265719,5.8252480048351085,-3.3291624745693893,0.0,-1.3337533646994002,-1.0,5,94.27333564284436,0.553769728135959,8.89194541063046,81.56727794080834,0.76,0.0,0,0,0,0,0,3.27,29.117304,0,1,0,0,1,7.569999999999999,71.455716,0,2,0,0,2,7.57,71.455716,0,2,0,0,2,rebe reef,Central,-19.7981,2.3337533646994,2.334781829991179,0.3114013265720231,0.13337491433758486,0.4451867056759703,0.19067593380990647,0.1792092463176463,0.07675631359454402,,,0.6625728226755618,0.2837836127404097,0.5250817160569763,5.592812407620722,1.3283549707436937,0.23751108993637757,1.7353147305332612,0.31027586910813154,0.8177716770298549,0.14621832763701598,,,0.5122918518799939,0.09159825407016138,0.8992655513424969,True,True,True,0.12475587186264128,0.1783539467209596,0.07179611601633246,,0.2654447592607245,,31.630403457430496,0.0,,0.0,0.4597439135097462,0.6292890188046796,,61.34063331361836,0.0,,0.0,0.0,,0.2651372766359503,0.259944439421026,,0.0,0.3114013265720231,,,,,,0.282795811942607,,0.6625728226755618,,0.4337835107496557,,0.1792092463176463,0.4451867056759703,,0.0198324060577148,,,,0.0,,0.0804362167535462,,0.0724612204378611,0.0780704098142742,,,0.0,,0.1878866726308234,0.1600068807039307,-1.6988040550496017,-1.0310750777904036,0.5170432568960233,-0.8572574253355764,1.3420104933676291,-0.09314122521452356,0.022999833396770367
Rebe_Reef,2017,Concurrent,5.55,35.75358,2015,2017,0,5.8252480048351085,13.629582830721851,-7.804334825886743,0.0,-1.339742929298279,-1.0,2,90.34588283308194,0.9398247153575038,21.07997957950751,87.26812255849016,4.43,22.693952248264484,0,1,0,0,1,5.19,22.693952248264484,0,1,0,0,1,7.699999999999999,51.811256248264485,0,2,0,0,1,11.53,94.14966824826448,0,3,0,0,2,rebe reef,Central,-19.7981,2.339742929298279,5.592812407620722,1.3283549707436937,0.23751108993637757,1.7353147305332612,0.31027586910813154,0.8177716770298549,0.14621832763701598,,,0.5122918518799939,0.09159825407016138,0.8992655513424969,13.26268199335903,6.714961488695234,0.5063049458667251,1.6989691602200736,0.12810147759486293,2.084772632233672,0.15719087838173096,,,1.3792823108620822,0.10399723913705575,1.136358756504046,True,True,True,0.22803406303750917,0.29789542506909655,0.14038401049209973,,0.08794335476442862,,26.535061536736936,0.0,,0.0,0.218266992664335,1.4074952670267509,,62.07987294680915,0.0,,0.0,0.0,,0.0969096286562577,0.8023559226862391,,0.0,1.3283549707436937,,,,,,0.1522091746155481,,0.5122918518799939,,1.02720771882726,,0.8177716770298549,1.7353147305332612,,0.0196622839911106,,,,0.0858720128728856,,0.0,,0.444705068259061,0.336137102110245,,,0.18029348955291,,0.0,0.5484621668413833,-1.4493930635676953,0.24767002791861134,1.5277958104511309,-0.8572574253355764,1.3420104933676291,-0.7018442530687745,0.22593953983884282
Rebe_Reef,2020,Concurrent,7.1000000000000005,38.377224,2019,2021,1,20.938367794603355,32.26459960065175,-11.326231806048394,0.0,-0.5409319349604514,-0.5409319349604514,3,69.55862302686234,1.2334546591977544,16.748392189883678,106.69680632873012,5.55,0.0,1,0,0,1,0,9.98,22.693952248264484,1,1,0,1,1,9.98,22.693952248264484,1,1,0,1,1,10.739999999999998,22.693952248264484,1,1,0,1,1,rebe reef,Central,-19.7981,1.5409319349604516,20.545130748593163,11.134757430779278,0.5419657614757081,1.8937374100530064,0.09217451245389037,3.828913635436468,0.1863659901847378,,,1.6612080508670015,0.08085653341392113,1.1763470542717243,31.795273899006165,21.846562009814864,0.6871009219548736,2.327763219096733,0.07321098181102609,3.728129129958494,0.11725419135562237,,,1.6879881267300711,0.05308927773642589,0.6461113084574052,True,True,True,0.5317872691895853,0.09044341128352408,0.1828659078394511,,0.07933799172708966,,37.60897204093779,0.3236030956214187,,0.0,0.2152745254845038,1.355906116290746,,29.594465267154845,0.0,,0.0994919247865253,0.0,,0.1938201955829347,0.8830349339022643,,0.0,11.134757430779278,,,,,,0.9735671562716544,,1.6612080508670015,,1.0529470651857546,,3.828913635436468,1.8937374100530064,,0.0,,,,0.3378558384271405,,1.5586307506149382,,0.8654793319834052,0.6804070446091947,,,0.1622663598202564,,0.9898404654640692,2.448205661158052,-0.31716289458548774,0.7129411344559292,1.6990432852558273,0.01834597602858237,1.3420104933676291,-0.4989432437840242,0.5303490995019515
Rebe_Reef,2022,Heatwave_Only,6.8500000000000005,0.0,2021,2025,3,32.26459960065175,23.00039497518344,9.26420462546831,9.26420462546831,0.2871321739657098,0.2871321739657098,2,52.70271105494126,0.7108729156358736,25.51946246350913,60.49694041558914,7.1000000000000005,38.377224,1,1,1,1,1,12.65,38.377224,2,1,1,1,1,17.080000000000002,61.07117624826448,2,2,1,1,1,17.080000000000002,61.07117624826448,2,2,1,1,1,rebe reef,Central,-19.7981,0.7128678260342902,31.795273899006165,21.846562009814864,0.6871009219548736,2.327763219096733,0.07321098181102609,3.728129129958494,0.11725419135562237,,,1.6879881267300711,0.05308927773642589,0.6461113084574052,22.61241946355327,14.176036946600329,0.6269137616808005,1.4747764659216362,0.0652197553781754,2.9908466910049234,0.1322656647080855,,,1.0533840994208552,0.046584316247923016,0.9111987287683464,True,True,True,0.6771062489606584,0.07214604389665855,0.11554859431397331,,0.052317033145391136,,26.89014384363001,0.0984872182368445,,0.0,0.6653816922771877,0.7806446156509017,,23.956100588071955,0.0,,0.0327385693902106,0.0,,0.322585454899101,0.2907872841680936,,0.0,21.846562009814864,,,,,,0.707997629920714,,1.6879881267300711,,1.4968337834852896,,3.728129129958494,2.327763219096733,,0.0,,,,0.2531327062775194,,4.539882224538324,,0.5591661697153671,0.5448113474061106,,,0.8033812395691133,,0.0,5.454246788312979,0.5313648435705846,0.6378974075950715,-0.8058707579658089,0.8939493773927413,1.3420104933676291,-0.7018442530687745,0.733288805944024
Rebe_Reef,2024,Heatwave_Only,11.14,0.0,2023,2025,1,36.40687068292819,23.00039497518344,13.406475707744749,13.406475707744749,0.3682402649901815,0.3682402649901815,2,45.90583231349919,2.1914935373534568,18.547797973979627,49.00794882763401,9.05,0.0,1,0,0,1,0,16.150000000000002,38.377224,2,1,1,1,1,21.7,38.377224,3,1,1,1,1,24.840000000000003,38.377224,3,1,1,1,1,rebe reef,Central,-19.7981,0.6317597350098184,36.02929914816661,23.217025512644184,0.644392926356038,3.202612777930492,0.08888912228794937,4.718891830143676,0.13097373364765552,,,1.9489350184728835,0.054093059386420436,2.1164635419870206,22.61241946355327,14.176036946600329,0.6269137616808005,1.4747764659216362,0.0652197553781754,2.9908466910049234,0.1322656647080855,,,1.0533840994208552,0.046584316247923016,0.9111987287683464,True,True,True,0.6377100002591283,0.08796726326254271,0.12961541988162267,,0.05353206639061052,,21.549707469321493,0.3338077100193208,,0.1031439821294625,0.3245935364532131,2.759869012949089,,20.444131207277582,0.0,,0.0977290093572701,0.0294104925455007,,0.1308148587768407,1.8585091813074093,,0.0,23.217025512644184,,,,,,1.557986847798706,,1.9489350184728835,,1.1049186051797666,,4.718891830143676,3.202612777930492,,0.2789285559969021,,,,0.3986088007424004,,3.823060301017703,,2.3002952670553696,1.7334525940110943,,,0.4561508193804358,,0.1714218152583978,9.667915188805368,0.8416915234815813,1.9256477605273894,-0.8058707579658089,0.8939493773927413,1.3420104933676291,-0.7018442530687745,0.9362285123860965
Reef_11_049,2020,Heatwave_Only,10.27,0.0,2019,2020,0,16.517827376841556,14.536649162469114,1.9811782143724412,1.9811782143724412,0.119941816146481,0.119941816146481,10,64.0746104825115,0.4649338789804283,16.076892709886895,62.202827963362665,4.07,0.0,0,0,0,0,0,6.74,0.0,0,0,0,0,0,6.74,0.0,0,0,0,0,0,6.74,0.0,0,0,0,0,0,reef 11 049,North,-11.360869444444443,0.880058183853519,16.380002897389982,0.3453830628853215,0.02108565334505255,12.478283436065276,0.7617998308201512,,,,,0.8243695440360119,0.050327802088934205,0.408249209195049,14.420588260315588,0.70951131523007,0.04920127406886678,9.699624370998311,0.6726233490551127,,,,,0.8676455465078274,0.06016713956777512,0.4428400994400802,True,True,True,0.020909715000990866,0.755443385584727,,,0.04990786773760576,,2.318864748096055,0.2001925824518922,,0.0,0.0960999930914605,0.2018132465789758,,61.38888621045045,0.0,,0.1676174621107606,0.0,,0.0804372537653992,0.1601944933188892,,0.0,0.3453830628853215,,,,,0.6031194703548984,,0.4052706499898585,0.8243695440360119,,1.5442092385922577,,,12.478283436065276,0.1793674954663571,,,0.0787000856310473,,0.3904979519188192,,,0.0,0.2000890257172614,0.1419902599253011,,0.0197761664215255,0.1136358042938791,,,,-0.6483366888661106,1.6644955910516044,-0.8058707579658089,-0.8572574253355764,-0.5777592859729849,0.9213638212092281,0.5303490995019515
Reef_11_049,2021,Heatwave_Only,5.49,0.0,2020,2022,1,14.536649162469114,19.449086137087544,-4.91243697461843,0.0,-0.3379346175115387,-0.3379346175115387,1,67.77931763961075,0.5264141446384419,10.638139568314536,27.40894943672301,14.04,0.0,1,0,0,1,0,17.009999999999998,0.0,1,0,0,1,0,17.009999999999998,0.0,1,0,0,1,0,17.009999999999998,0.0,1,0,0,1,0,reef 11 049,North,-11.360869444444443,1.3379346175115387,14.420588260315588,0.70951131523007,0.04920127406886678,9.699624370998311,0.6726233490551127,,,,,0.8676455465078274,0.06016713956777512,0.4428400994400802,19.36408137772706,0.9235358886942177,0.04769324558594793,13.352796736939965,0.6895652045905265,,,,,1.3450233865333578,0.06945970533259738,0.4417573493962128,True,True,True,0.04880845009741959,0.6672531105752288,,,0.059686763903467145,,0.6665884288988946,0.305982420007126,,0.0177686177035901,0.1021491682294629,0.0462998333177315,,66.70172417577712,0.0458283255524204,,0.2657876752454056,0.0148904437827556,,0.0843521204828164,0.03884760303707,,0.0389622568920326,0.70951131523007,,,,,0.8866882730294965,,0.2713157245110194,0.8676455465078274,,1.4308429527714253,,,9.699624370998311,0.5549600772674391,,,0.0162488701613705,,0.3037497751577745,,,0.0388535669229517,0.5478976582353329,0.0628307086941524,,0.0628374171305937,0.0,,,,-0.7967606923575284,0.2296595334720056,-0.8058707579658089,0.01834597602858237,-0.5777592859729849,-0.9047452623535249,0.6318189527229878
Reef_11_049,2022,Heatwave_Only,5.8100000000000005,0.0,2021,2022,0,23.67113079984308,19.449086137087544,4.222044662755536,4.222044662755536,0.1783626096470019,0.1783626096470019,1,55.24508992546501,0.943935636337336,19.14835375168998,63.300212096315406,18.6,0.0,2,0,0,2,0,19.83,0.0,2,0,0,2,0,22.5,0.0,2,0,0,2,0,22.5,0.0,2,0,0,2,0,reef 11 049,North,-11.360869444444443,0.8216373903529981,23.51848392867258,1.2283554482739614,0.05222936359330589,15.360378534019448,0.6531194179269706,,,,,1.4580299649093325,0.06199506606511204,0.8381192717000382,19.36408137772706,0.9235358886942177,0.04769324558594793,13.352796736939965,0.6895652045905265,,,,,1.3450233865333578,0.06945970533259738,0.4417573493962128,True,True,True,0.051892554633769516,0.6489076784671932,,,0.06159528149449447,,1.0643146982626688,0.6041555486312393,,0.0,0.2392743152539307,0.1324190853506199,,53.30884947617554,0.0245193167003601,,0.5008068669394117,0.0,,0.2049929811273175,0.1136412458162598,,0.0186781778170492,1.2283554482739614,,,,,1.1028517631034729,,0.6023510919271148,1.4580299649093325,,2.518514696889419,,,15.360378534019448,1.2480024295498298,,,0.1742180326546825,,0.3258236441974836,,,0.0492367759123307,0.7843622573922482,0.0215334808253472,,0.0210660403866483,0.2375310748352132,,,,-0.11243238478660089,0.3257155038539035,-0.8058707579658089,0.8939493773927413,-0.5777592859729849,-0.9047452623535249,0.733288805944024
Reef_11_049,2024,Heatwave_Only,5.17,0.0,2023,2025,1,21.44202021645579,20.28166719554286,1.1603530209129325,1.1603530209129325,0.0541158439922751,0.0541158439922751,2,52.63870218655799,0.4673040832632929,19.47029770366481,65.60047705153362,12.33,0.0,2,0,0,2,0,25.440000000000005,0.0,3,0,0,3,0,26.67,0.0,3,0,0,3,0,29.340000000000003,0.0,3,0,0,3,0,reef 11 049,North,-11.360869444444443,0.9458841560077248,21.277773094239055,1.5440288889067142,0.07256534234424931,14.0100196079866,0.6584344868204185,,,,,1.6779995067038922,0.07886161297387881,0.41042309574406227,20.18073207201176,3.0629343410251746,0.1517751848691899,11.446008726308088,0.5671750997666889,,,,,1.439165359023696,0.07131383311013006,0.3397198406612848,True,True,True,0.07200948760050796,0.6533908403478949,,,0.078257528430838,,0.8377682673261846,0.2397579069226397,,0.0,0.130221619895946,0.1286383091803416,,51.31644448622213,0.0,,0.2020415270391714,0.0,,0.1087545882853731,0.0996269804195178,,0.0,1.5440288889067142,,,,,0.9866658534248386,,0.6018172353626265,1.6779995067038922,,1.956353456855596,,,14.0100196079866,0.5008885449987869,,,0.1737019239624503,,0.4174412920942226,,,0.0486537838856196,0.1120950147479761,0.1718526790862545,,0.0498650709328816,0.1725712083567545,,,,-0.2794307469789858,0.13360356309010768,-0.8058707579658089,1.7695527787569,-0.5777592859729849,-0.7018442530687745,0.9362285123860965
Reef_11_049,2025,Heatwave_Only,10.82,0.0,2024,2025,0,20.706041199079618,20.28166719554286,0.4243740035367587,0.4243740035367587,0.0204951781683705,0.0204951781683705,1,47.89529212076526,0.7734176293205383,21.23139828865775,42.83374436621728,12.010000000000002,0.0,2,0,0,1,0,27.770000000000003,0.0,4,0,0,3,0,31.540000000000006,0.0,4,0,0,3,0,31.84,0.0,4,0,0,3,0,reef 11 049,North,-11.360869444444443,0.9795048218316295,20.608942492556825,1.2908579948360774,0.06263581914997758,13.674111759343182,0.6635038049274851,,,,,1.5400082240648043,0.07472524243400637,0.7000646003362341,20.18073207201176,3.0629343410251746,0.1517751848691899,11.446008726308088,0.5671750997666889,,,,,1.439165359023696,0.07131383311013006,0.3397198406612848,True,True,True,0.06234209535396153,0.6603923766920253,,,0.07437482661501019,,0.6231695928642611,0.5612838817170663,,0.0,0.1662695530515786,0.0984902602871165,,46.50356510578676,0.0,,0.4816693598683109,0.0,,0.1413092509688843,0.0770859894990389,,0.0,1.2908579948360774,,,,,1.2636661529757187,,1.154104453571554,1.5400082240648043,,1.4458978896022396,,,13.674111759343182,0.2402960181632487,,,0.0484107694842129,,0.3577101076773905,,,0.0478792816540456,0.0215755545615891,0.146427741262426,,0.111769552576799,0.1125327192420038,,,,-0.33456811496142813,1.8295917901454914,-0.8058707579658089,2.6451561801210586,-0.5777592859729849,-0.9047452623535249,1.0376983656071328
Reef_11_162,2021,Heatwave_Only,4.38,0.0,2020,2021,0,14.567238609953362,16.662392605198743,-2.095153995245381,0.0,-0.1438264348751605,-0.1438264348751605,1,66.73629306152223,0.7693375139671792,13.16731996929266,24.30954093270669,13.51,0.0,1,0,0,1,0,18.65,0.0,2,0,0,1,0,18.65,0.0,2,0,0,1,0,18.65,18.51984,2,1,0,1,1,reef 11 162,North,-11.545216666666668,1.1438264348751606,14.45325519830067,0.5150502788562571,0.03563559016911386,3.485414746601441,0.24115084794263067,,,,,2.9518560232249738,0.20423468503981274,0.7121108131530046,16.56665922176294,0.9330478823579508,0.05632082303789071,4.468634208760608,0.2697365925708393,,,,,4.070964680438856,0.24573238490298618,0.1735338399144461,True,True,True,0.03535675447125158,0.23926392914439945,,,0.20263662196128635,,0.9317882576320792,0.138000412558032,0.281603550661792,0.0380956882750717,0.4866299683446396,0.0969090443088984,,63.777566048155606,,,0.0834656067404424,0.1915921061813903,,0.3642044303551562,0.0589668526799101,,0.0138818171961056,0.5150502788562571,,,,0.9146882389542154,,,1.6911913223621962,2.9518560232249738,,2.02922216324852,,,3.485414746601441,2.8658324250530667,,0.159428752907508,,,0.130975571070603,,,0.1567077717550132,0.0601938256878699,0.2747162458201416,,0.0619595956227271,0.3457561124410592,,,,-0.7944690215591794,-0.10353461379020261,-0.8058707579658089,0.8939493773927413,-0.5777592859729849,-0.9047452623535249,0.6318189527229878
Reef_11_162,2022,Heatwave_Only,5.55,0.0,2021,2022,0,16.662392605198743,17.386432357019498,-0.7240397518207544,0.0,-0.0434535284923517,-0.0434535284923517,1,63.96284183031834,0.2002779914432173,18.81662445370173,44.4068608726851,16.99,0.0,2,0,0,2,0,23.03,0.0,3,0,0,2,0,23.03,0.0,3,0,0,2,0,23.03,0.0,3,0,0,2,0,reef 11 162,North,-11.545216666666668,1.0434535284923516,16.56665922176294,0.9330478823579508,0.05632082303789071,4.468634208760608,0.2697365925708393,,,,,4.070964680438856,0.24573238490298618,0.1735338399144461,17.276497303533315,1.3539606687054488,0.07837009116590679,5.312522780978305,0.30749999190471383,,,,,3.285939533778153,0.19019709123018397,0.8236027977411714,True,True,True,0.055997233078449705,0.268186827344734,,,0.24432053528547254,,0.7614563029460623,0.0,0.0,0.0,0.1617927876340806,0.1601095739722862,,61.10940831892857,,,0.0,0.0,,0.0993630910050752,0.0741707489093709,,0.0,0.9330478823579508,,,,0.4441011697052768,,,1.5323995935666894,4.070964680438856,,2.424842909979756,,,4.468634208760608,2.692668776953804,,0.0,,,0.1095555212829971,,,0.0762412338725142,0.2975258032298438,0.0213873824127614,,0.1106661005387117,0.4082562806878938,,,,-0.6375062901655972,0.24767002791861134,-0.8058707579658089,1.7695527787569,-0.5777592859729849,-0.9047452623535249,0.733288805944024
Reef_11_162,2024,Heatwave_Only,4.33,0.0,2023,2025,1,18.172946333750627,18.73172091269631,-0.5587745789456839,0.0,-0.0307476051865036,-0.0307476051865036,2,60.69434979775179,0.4421260209633197,20.03497540674688,29.48827735285459,10.82,0.0,2,0,0,2,0,23.43,0.0,3,0,0,3,0,29.47,0.0,4,0,0,3,0,29.47,0.0,4,0,0,3,0,reef 11 162,North,-11.545216666666668,1.0307476051865037,18.042341928974984,1.783048128032573,0.09882575859894874,5.054856888011738,0.280166339154338,,,,,3.236041803232506,0.1793581906368599,0.3848869620936769,18.588600619120264,2.3425245246610795,0.1260194122548179,3.5832011816443,0.19276336369068114,,,,,4.529317625596526,0.24366103282339946,0.5042820552478653,True,True,True,0.09811552267235349,0.27815285398295075,,,0.178069188330929,,1.5174842165935485,0.1009481020424301,0.0429377446045499,0.0,0.105558829687965,0.3811364334911591,,56.808136064205016,,,0.0452841818942704,0.0187442366968746,,0.0723223059750266,0.2485362375275053,,0.0,1.783048128032573,,,,0.6641386601683172,,,1.967521983211522,3.236041803232506,,2.503329920192096,,,5.054856888011738,2.833404546126234,,0.0198515448968609,,,0.0505078729564645,,,0.1406642424714793,0.079289317664511,0.018381510030261,,0.0475928443339618,0.4058388065092389,,,,-0.5243400791432449,-0.1185433591623741,-0.8058707579658089,1.7695527787569,-0.5777592859729849,-0.7018442530687745,0.9362285123860965
Reef_11_162,2025,Heatwave_Only,8.58,0.0,2024,2025,0,19.54209983791427,18.73172091269631,0.810378925217961,0.810378925217961,0.0414683648092779,0.0414683648092779,1,56.702122621744536,0.5547143951776962,25.14407566361545,45.841592301125786,10.77,0.0,2,0,0,1,0,25.020000000000003,0.0,4,0,0,3,0,28.660000000000004,0.0,4,0,0,3,0,33.8,0.0,5,0,0,3,0,reef 11 162,North,-11.545216666666668,0.958531635190722,19.401329637148223,1.828342717196986,0.09423801107405605,4.267803321070198,0.21997478527958855,,,,,4.885249566596235,0.2517997301196472,0.4943497640581463,18.588600619120264,2.3425245246610795,0.1260194122548179,3.5832011816443,0.19276336369068114,,,,,4.529317625596526,0.24366103282339946,0.5042820552478653,True,True,True,0.09355917390462605,0.21839021172075337,,,0.24998590771285495,,0.5812666484243665,0.2277217283044394,0.0989922362578144,0.0,0.2735032196271614,0.1552504313149491,,53.14035415140895,,,0.1618140451596716,0.0474094108484222,,0.2113528693872257,0.0737734386628268,,0.0,1.828342717196986,,,,0.9272995064203686,,,1.9190160197014263,4.885249566596235,,2.6700476636141794,,,4.267803321070198,2.9035708425488305,,0.2619744608125324,,,0.0459172435850626,,,0.199233201649816,0.1974546940429383,0.0488618900308225,,0.0,0.4112440378527855,,,,-0.42176715409892107,1.1571999974722065,-0.8058707579658089,2.6451561801210586,-0.5777592859729849,-0.9047452623535249,1.0376983656071328
Reef_13_124,2005,Storm_Only,0.0,29.976776538560475,2004,2006,1,17.636861921177374,20.24187811294965,-2.6050161917722754,0.0,-0.1477029305675016,-0.1477029305675016,15,,,,,1.41,0.0,0,0,0,0,0,1.9,0.0,0,0,0,0,0,4.09,0.0,0,0,0,0,0,4.25,0.0,0,0,0,0,0,reef 13 124,North,-13.868169444444446,1.1477029305675017,,,,,,,,,,,,,,,,,,,,,,,,,False,False,False,,,,,,,,,,,,,,,,,,,,,,,,,,,,,,,,,,,,,,,,,,,,,,,,,,,,,,,-0.5645019354296926,-1.4183007083924293,1.15073893641847,-0.8572574253355764,-0.5777592859729849,1.9358688676329796,-0.991698698813592
Reef_13_124,2015,Storm_Only,0.86,19.444059655968648,2013,2017,2,29.909218065608112,21.591373504982567,8.317844560625545,8.317844560625545,0.2781030430945981,0.2781030430945981,9,,,,,1.86,0.0,0,0,0,0,0,5.0600000000000005,0.0,0,0,0,0,0,6.670000000000001,0.0,0,0,0,0,0,6.830000000000001,0.0,0,0,0,0,0,reef 13 124,North,-13.868169444444446,0.7218969569054019,,,,,,,,,,,,,,,,,,,,,,,,,False,False,False,,,,,,,,,,,,,,,,,,,,,,,,,,,,,,,,,,,,,,,,,,,,,,,,,,,,,,,0.35490663569973147,-1.1601502879910788,0.4632595493611391,-0.8572574253355764,-0.5777592859729849,0.7184628119244778,0.022999833396770367
Reef_13_124,2016,Heatwave_Only,7.04,0.0,2015,2017,1,24.66572034926597,21.591373504982567,3.0743468442834043,3.0743468442834043,0.1246404646104282,0.1246404646104282,1,,,,,2.72,20.789233848731943,0,1,0,0,1,4.340000000000001,20.789233848731943,0,1,0,0,1,7.530000000000001,20.789233848731943,0,1,0,0,1,7.530000000000001,20.789233848731943,0,1,0,0,1,reef 13 124,North,-13.868169444444446,0.8753595353895718,,,,,,,,,,,,,,,,,,,,,,,,,False,False,False,,,,,,,,,,,,,,,,,,,,,,,,,,,,,,,,,,,,,,,,,,,,,,,,,,,,,,,-0.03792068175799112,0.6949306400093233,-0.8058707579658089,-0.8572574253355764,1.3420104933676291,-0.9047452623535249,0.12446968661780661
Reef_13_124,2017,Heatwave_Only,10.02,0.0,2015,2017,0,24.66572034926597,21.591373504982567,3.0743468442834043,3.0743468442834043,0.1246404646104282,0.1246404646104282,1,,,,,7.9,20.789233848731943,1,1,0,1,1,9.76,20.789233848731943,1,1,0,1,1,12.96,20.789233848731943,1,1,0,1,1,14.57,20.789233848731943,1,1,0,1,1,reef 13 124,North,-13.868169444444446,0.8753595353895718,,,,,,,,,,,,,,,,,,,,,,,,,False,False,False,,,,,,,,,,,,,,,,,,,,,,,,,,,,,,,,,,,,,,,,,,,,,,,,,,,,,,,-0.03792068175799112,1.5894518641907467,-0.8058707579658089,0.01834597602858237,1.3420104933676291,-0.9047452623535249,0.22593953983884282
Reef_13_124,2020,Heatwave_Only,6.23,0.0,2019,2020,0,30.01401314639445,25.79244881095199,4.221564335442462,4.221564335442462,0.1406531114267068,0.1406531114267068,3,47.783425897489415,0.8176470403171328,14.99473563149856,48.02218863032241,11.409999999999998,0.0,1,0,0,1,0,19.31,20.789233848731943,2,1,0,2,1,21.17,20.789233848731943,2,1,0,2,1,21.17,20.789233848731943,2,1,0,2,1,reef 13 124,North,-13.868169444444446,0.8593468885732932,29.62115375231773,2.877530808225565,0.09714445400359904,13.828138613148257,0.4668332209060649,1.6609313275823685,0.05607247244555447,,,6.51511040916935,0.2199478947932462,0.7589220881809993,25.382330468823273,3.112277210408377,0.12261589668573339,11.47856291687365,0.45222651761518085,1.6070194328317502,0.06331252501836376,,,4.5528794652894655,0.17937200332655417,2.187443146880944,True,True,True,0.09587291090299396,0.4607227479278097,0.055338528689286404,,0.21706895300510665,,2.7249799153799605,0.0593768739493133,0.0,0.0241278333929101,0.1640726558164988,0.6085391740171471,,44.14858789533643,,,0.048770503935202,0.0,,0.1446747831554712,0.546775173867061,,0.0187016272232651,2.877530808225565,,,,,0.6872586850207518,,1.6645015504105705,6.51511040916935,,2.3876823587608698,,1.6609313275823685,13.828138613148257,,,0.5199822886276779,,,,,,1.1463006247639065,0.2436049965397382,1.604595604342872,,3.178424931938195,7.963773833526286,,2.112707620625617,,0.36275757274500975,0.4517889649801444,-0.8058707579658089,0.8939493773927413,1.3420104933676291,-0.4989432437840242,0.5303490995019515
Reef_13_124,2021,Heatwave_Only,5.18,0.0,2020,2023,2,25.79244881095199,29.533951127947795,-3.741502316995806,0.0,-0.1450619266289709,-0.1450619266289709,1,51.16603501812384,2.2641037155540835,20.23526119249475,36.14679123118531,7.620000000000001,0.0,1,0,0,1,0,24.68,0.0,3,0,0,2,0,25.540000000000003,20.789233848731943,3,1,0,2,1,27.4,20.789233848731943,3,1,0,2,1,reef 13 124,North,-13.868169444444446,1.145061926628971,25.382330468823273,3.112277210408377,0.12261589668573339,11.47856291687365,0.45222651761518085,1.6070194328317502,0.06331252501836376,,,4.5528794652894655,0.17937200332655417,2.187443146880944,29.12715771905161,2.9442492411391528,0.10108261401741118,12.595824508935603,0.43244262383682136,1.825050111308394,0.06265802276047888,,,6.375356028850214,0.2188801286532738,1.2057295151747902,True,True,True,0.12066621642714445,0.44503579326673404,0.06230581068942076,,0.17651986047002338,,0.6142448236627369,0.2087286638150198,0.0225167159820841,0.0213003536959209,1.10684113472677,1.047158075203004,,48.06918984665504,,,0.1861304044253627,0.0178553495184788,,1.0164401472837574,0.9503397260067784,,0.0166775196465666,3.112277210408377,,,,,0.7816445763535936,,1.5146863108321196,4.5528794652894655,,2.3352605562343194,,1.6070194328317502,11.47856291687365,,,0.3669798098347781,,,,,,1.1594166520147042,0.2625403831134708,0.742309056306601,,1.6576590254348262,5.153390601231852,,1.6076396931411283,,0.04649047717661192,0.13660531216454194,-0.8058707579658089,1.7695527787569,-0.5777592859729849,-0.9047452623535249,0.6318189527229878
Reef_13_124,2022,Concurrent,5.55,19.857384,2021,2023,1,30.045870694571995,29.533951127947795,0.5119195666242007,0.5119195666242007,0.0170379341583428,0.0170379341583428,1,47.87263970281781,0.5958915134146362,30.266921544982218,56.31978190427561,12.01,0.0,2,0,0,2,0,22.82,0.0,3,0,0,2,0,30.72,20.789233848731943,4,1,0,2,1,30.72,20.789233848731943,4,1,0,2,1,reef 13 124,North,-13.868169444444446,0.9829620658416571,29.681797608399734,3.353726793281861,0.11298934240872192,12.705577717350252,0.42805957661252514,2.353824379052912,0.07930194828856311,,,6.98179774135491,0.2352215264542843,0.5445881113381132,29.12715771905161,2.9442492411391528,0.10108261401741118,12.595824508935603,0.43244262383682136,1.825050111308394,0.06265802276047888,,,6.375356028850214,0.2188801286532738,1.2057295151747902,True,True,True,0.11162022320384066,0.42287267513421095,0.0783410273904343,,0.23237129029568188,,1.3049063584598088,0.1995145084981662,0.0,0.0,0.1295281802658701,0.3003785135946281,,45.9289293961964,,,0.1757735815725495,0.0,,0.1135352627751946,0.2552792669903692,,0.0,3.353726793281861,,,,,0.5191303922565612,,1.5380740287724028,6.98179774135491,,2.229666556330833,,2.353824379052912,12.705577717350252,,,0.1735330591055598,,,,,,1.6145071858987454,0.2073246409400972,1.482854684321538,,2.337061420975466,8.269738853800499,,0.162903319162913,,0.3651442458911354,0.24767002791861134,0.49023758075208873,1.7695527787569,-0.5777592859729849,-0.9047452623535249,0.733288805944024
Reef_13_124,2024,Heatwave_Only,7.65,0.0,2023,2024,0,29.533951127947795,32.52427362052329,-2.990322492575494,0.0,-0.1012503365912924,-0.1012503365912924,2,45.60513916028603,1.2615175585203855,21.18159831362737,38.84781683436431,13.83,19.857384,2,1,1,2,1,20.66,19.857384,3,1,1,3,1,31.47,19.857384,4,1,1,3,1,38.510000000000005,19.857384,5,1,1,3,1,reef 13 124,North,-13.868169444444446,1.1012503365912925,29.12715771905161,2.9442492411391528,0.10108261401741118,12.595824508935603,0.43244262383682136,1.825050111308394,0.06265802276047888,,,6.375356028850214,0.2188801286532738,1.2057295151747902,32.154320302453,5.67241491871112,0.17641221662764803,10.856159687823729,0.33762678189765777,2.24932936547812,0.06995418793867406,,,7.721263766995514,0.24013145649999856,0.9949037831773007,True,True,True,0.09969032685074866,0.42648626505703985,0.06179498650220763,,0.21586532737291808,,0.9202990058027296,0.0943971277499802,0.0,0.0,0.6796240203047126,0.5752166298995982,,43.29873354195312,,,0.0791095775127141,0.0,,0.6240356138491449,0.5025843238129313,,0.0,2.9442492411391528,,,,,1.161366748276867,,1.851542622083136,6.375356028850214,,2.373768458458244,,1.825050111308394,12.595824508935603,,,0.5156424337747948,,,,,,1.7191355982126788,0.6729512695786039,1.445342251106625,,3.006716154201892,8.104438427411372,,0.0,,0.3267927482859474,0.8780373335498161,-0.8058707579658089,1.7695527787569,1.3420104933676291,-0.7018442530687745,0.9362285123860965
Reef_13_124,2025,Heatwave_Only,9.62,0.0,2024,2026,1,32.52427362052329,33.406799233300525,-0.8825256127772363,0.0,-0.0271343681053141,-0.0271343681053141,1,44.6412654783795,1.075565592249961,28.64634659547643,39.69977937392058,16.3,19.857384,2,1,1,1,1,27.71,19.857384,4,1,1,3,1,29.1,19.857384,4,1,1,3,1,39.120000000000005,19.857384,5,1,1,3,1,reef 13 124,North,-13.868169444444446,1.0271343681053142,32.154320302453,5.67241491871112,0.17641221662764803,10.856159687823729,0.33762678189765777,2.24932936547812,0.06995418793867406,,,7.721263766995514,0.24013145649999856,0.9949037831773007,,,,,,,,,,,,,True,False,False,0.1744055835003105,0.33378638411691797,0.0691584811922982,,0.23740003718709599,,0.2987817796382533,0.2011860561746478,0.0248355600702015,0.0561376385819838,0.5075454722117635,0.3302208082607488,,43.14791082016587,,,0.1704983797089155,0.0191084368128954,,0.4588955764377477,0.299089243646433,,0.047312146571309,5.67241491871112,,,,,0.5938930891743217,,2.2951248139852547,7.721263766995514,,2.76613466028494,,2.24932936547812,10.856159687823729,,,0.2422220926119892,,,,,,0.7826719748591627,0.5165715152055649,1.458835274643301,,3.1145222521629834,8.726059206134828,,0.1013034923607065,,0.550818851974494,1.4693819012133742,-0.8058707579658089,2.6451561801210586,1.3420104933676291,-0.9047452623535249,1.0376983656071328
Reef_19_131,1996,Storm_Only,0.33,18.51984,1995,1999,3,56.38781196252039,34.617677810916256,21.77013415160413,21.77013415160413,0.38607871796966,0.38607871796966,10,34.786195960930115,0.1318989922279443,,14.850115538794707,1.92,0.0,0,0,0,0,0,1.92,0.0,0,0,0,0,0,1.92,0.0,0,0,0,0,0,1.92,0.0,0,0,0,0,0,reef 19 131,Central,-19.75961388888889,0.6139212820303399,56.31127796535374,12.507915167356176,0.22212096083224814,3.198366035724197,0.056797965723527605,3.2755993479446284,0.05816950824593227,14.465304441611217,0.2568811251364458,13.055682841864918,0.23184845582615973,0.0792039121026706,34.5578433917451,1.1261207942161355,0.0325865471826617,1.343182184407521,0.038867650656937966,1.8709197115528111,0.05413878668133907,7.686484049846961,0.22242371905889957,14.966842325449104,0.43309538028128985,0.2018262211912523,True,True,True,0.2218194807003663,0.0567208750332443,0.05809055598968514,0.25653246576096894,0.2315337727688869,,2.125119559832371,0.0370117922436212,,0.0,0.0,0.0427585792566432,,32.494421792646285,0.0,,0.0376489106476395,0.0,,0.0,0.0415550014550311,,0.0,12.507915167356176,,,,,,,2.287077556399508,13.055682841864918,14.465304441611217,7.521332574453093,,3.2755993479446284,3.198366035724197,,,0.0325762505034368,,,,,,0.0315789520042288,0.0,0.0,,0.0,0.1312084863496224,,0.7109388078418224,,2.338604459798826,-1.319242988936097,0.4029349465379297,-0.8572574253355764,-0.5777592859729849,0.9213638212092281,-1.904927377802918
Reef_19_131,2003,Storm_Only,0.0,23.774914614487606,2002,2004,1,41.38560671179326,31.297665557395288,10.08794115439797,10.08794115439797,0.243754820961059,0.243754820961059,10,52.01512228628052,2.516043339939446,,28.103231988623047,3.25,0.0,0,0,0,0,0,4.37,0.0,0,0,0,0,0,4.7,0.0,0,0,0,0,0,5.94,0.0,0,0,0,0,0,reef 19 131,Central,-19.75961388888889,0.756245179038941,41.30274919666399,5.154802301452737,0.12480530719415377,3.522449442081274,0.08528365570313613,3.2380961702326445,0.07839904687250661,9.794354511057826,0.2371356556538593,14.092282617729635,0.3411947846529273,2.466099485939285,31.182484153591794,5.181699659347597,0.16617340792429253,3.269569017465343,0.10485274365444466,0.8865561156433042,0.028431221556194878,6.50062577396035,0.20847042660042744,11.643295599548717,0.37339217562650695,0.0994707171706723,True,True,True,0.12455543632235364,0.0851129105491044,0.07824208529266083,0.23666088984184983,0.34051168358766365,,6.565871686835738,0.0,,0.0,0.0,0.0,,42.781557412961405,2.572720655987579,,0.0,0.0,,0.0,0.0,,2.466099485939285,5.154802301452737,,,,,,,1.810013464210309,14.092282617729635,9.794354511057826,3.69075068989956,,3.2380961702326445,3.522449442081274,,,0.0,,,,,,0.025568419906394,0.0820209665812841,0.0264518732611403,,0.0577788043427025,0.0,,0.4301209313662967,,1.2146836795482636,-1.4183007083924293,0.7459381350960061,-0.8572574253355764,-0.5777592859729849,0.9213638212092281,-1.1946384052556644
Reef_19_131,2009,Storm_Only,0.15,26.802764189629407,2007,2011,2,40.94623232718117,41.426381208148,-0.4801488809668299,0.0,-0.0117263262986004,-0.0117263262986004,10,49.78621527602967,1.4034703197244398,14.542768334181616,30.76617708259268,0.31,0.0,0,0,0,0,0,2.39,0.0,0,0,0,0,0,5.05,0.0,0,0,0,0,0,5.64,0.0,0,0,0,0,0,reef 19 131,Central,-19.75961388888889,1.0117263262986005,40.827220866284385,10.608803775270722,0.2598463365903899,3.206084092712148,0.0785281002400967,1.8513578951275864,0.04534616503021542,8.15954953236082,0.19985561983473324,13.013498926645884,0.3187456469120726,1.338407772431609,41.27114986905631,6.29721916748493,0.15258162632891334,3.4778411608542408,0.08426809458637853,2.4858374953285733,0.06023184484114335,10.224159488298689,0.24773139398193536,14.544451952161747,0.35241208442962907,1.6246478401071145,True,True,True,0.25909108536533954,0.07829985594508206,0.04521436503203268,0.1992747334397431,0.31781920306272443,,7.03095376595663,0.0290619209091125,,0.0,0.0,1.0644444696807591,,41.059793590781,0.4000991582673559,,0.0317339037269562,0.0,,0.0,0.9189304931850266,,0.3877433755196262,10.608803775270722,,,,,,,1.7643801442245408,13.013498926645884,8.15954953236082,2.2235464999426817,,1.8513578951275864,3.206084092712148,,,0.1005025936421037,,,,,,0.3726363508327983,0.0,0.1068366283044917,,0.025945636675943,0.0,,0.5098072597128477,,1.1817670520976833,-1.3732744722759145,0.9435684514924021,-0.8572574253355764,-0.5777592859729849,0.9213638212092281,-0.5858192859294471
Reef_19_131,2010,Storm_Only,0.62,29.117304,2009,2011,1,43.58530617826212,41.426381208148,2.1589249701141213,2.1589249701141213,0.0495333211904995,0.0495333211904995,10,48.47156957268624,0.5492963376295003,10.56397095528901,37.48070597674943,0.15,0.0,0,0,0,0,0,0.4599999999999999,0.0,0,0,0,0,0,2.54,0.0,0,0,0,0,0,5.2,0.0,0,0,0,0,0,reef 19 131,Central,-19.75961388888889,0.9504666788095004,43.45351850684864,7.365945606701757,0.16951321457526672,3.799392771765605,0.08743579121600449,2.049580325479985,0.04716718912317662,8.850902715249658,0.20368667531156728,15.839289430097509,0.36451109080156774,0.5154246711079472,41.27114986905631,6.29721916748493,0.15258162632891334,3.4778411608542408,0.08426809458637853,2.4858374953285733,0.06023184484114335,10.224159488298689,0.24773139398193536,14.544451952161747,0.35241208442962907,1.6246478401071145,True,True,True,0.1690006622088495,0.08717141405927593,0.04702457101247116,0.20307079360759397,0.36340892880998615,,3.291213181525976,0.0,,0.0,0.0,0.2566167671468193,,44.44572239535095,0.2978822200516119,,0.0,0.0,,0.0,0.2249613282936663,,0.2904633428142809,7.365945606701757,,,,,,,2.988067503753108,15.839289430097509,8.850902715249658,2.5603401538010133,,2.049580325479985,3.799392771765605,,,0.0,,,,,,0.0,0.0270045172359686,0.0,,0.026539234756816,0.2084145156534919,,0.3338398097557844,,1.3794786479780285,-1.2321922657775022,1.0946404330039583,-0.8572574253355764,-0.5777592859729849,0.9213638212092281,-0.4843494327084108
Reef_19_131,2011,Storm_Only,0.0,18.51984,2009,2011,0,43.58530617826212,41.426381208148,2.1589249701141213,2.1589249701141213,0.0495333211904995,0.0495333211904995,10,48.47156957268624,0.5492963376295003,10.56397095528901,37.48070597674943,0.77,0.0,0,0,0,0,0,1.08,0.0,0,0,0,0,0,3.16,0.0,0,0,0,0,0,3.16,0.0,0,0,0,0,0,reef 19 131,Central,-19.75961388888889,0.9504666788095004,43.45351850684864,7.365945606701757,0.16951321457526672,3.799392771765605,0.08743579121600449,2.049580325479985,0.04716718912317662,8.850902715249658,0.20368667531156728,15.839289430097509,0.36451109080156774,0.5154246711079472,41.27114986905631,6.29721916748493,0.15258162632891334,3.4778411608542408,0.08426809458637853,2.4858374953285733,0.06023184484114335,10.224159488298689,0.24773139398193536,14.544451952161747,0.35241208442962907,1.6246478401071145,True,True,True,0.1690006622088495,0.08717141405927593,0.04702457101247116,0.20307079360759397,0.36340892880998615,,3.291213181525976,0.0,,0.0,0.0,0.2566167671468193,,44.44572239535095,0.2978822200516119,,0.0,0.0,,0.0,0.2249613282936663,,0.2904633428142809,7.365945606701757,,,,,,,2.988067503753108,15.839289430097509,8.850902715249658,2.5603401538010133,,2.049580325479985,3.799392771765605,,,0.0,,,,,,0.0,0.0270045172359686,0.0,,0.026539234756816,0.2084145156534919,,0.3338398097557844,,1.3794786479780285,-1.4183007083924293,0.4029349465379297,-0.8572574253355764,-0.5777592859729849,0.9213638212092281,-0.38287957948737456
Reef_19_131,2017,Storm_Only,2.06,35.75358,2015,2019,2,45.65885291206999,41.31794705401277,4.340905858057219,4.340905858057219,0.0950725999712904,0.0950725999712904,10,45.37761080510535,0.8690536750965813,21.217060781880456,32.76920854142451,2.6100000000000003,0.0,0,0,0,0,0,3.1100000000000003,0.0,0,0,0,0,0,3.73,0.0,0,0,0,0,0,3.88,0.0,0,0,0,0,0,reef 19 131,Central,-19.75961388888889,0.9049274000287095,45.54962533141531,7.751806207586689,0.17018375345977466,3.6765375458141465,0.08071498983941061,3.2542923171358265,0.07144498540784616,10.88507518005834,0.23897178299183436,15.027379330240963,0.3299122489132017,0.7909904982372252,41.21677938947072,4.242185167041266,0.10292374197788434,3.2050082255833097,0.07775979280909232,3.22663466054378,0.07828449258624169,10.55880905646382,0.25617744066537096,14.66102989634512,0.3557053732366688,1.0695548974424438,True,True,True,0.16977663066821128,0.08052189906948469,0.07127407084455135,0.23840010175071336,0.3291230149644967,,3.385747530974149,0.0652865531753888,,0.0,0.0937328217113783,0.4765071021148201,,40.91409416007512,0.2305512223710106,,0.0654382079306727,0.0,,0.0982310839053178,0.4101327640579191,,0.2171884423433156,7.751806207586689,,,,,,,2.5969439031899832,15.027379330240963,10.88507518005834,2.357590847389356,,3.2542923171358265,3.6765375458141465,,,0.0,,,,,,0.0526186861357477,0.0248600023436324,0.0527963432877583,,0.0,0.2078723536198472,,0.12904498062563,,1.5348226273462875,-0.7999403990589619,1.5277958104511309,-0.8572574253355764,-0.5777592859729849,0.9213638212092281,0.22593953983884282
Reef_19_131,2020,Storm_Only,3.0700000000000003,38.377224,2019,2021,1,41.31794705401277,40.887965904616685,0.4299811493960845,0.4299811493960845,0.0104066436029358,0.0104066436029358,10,50.79106737351684,1.1544406706388055,18.989059980863274,26.066780870255524,2.06,0.0,0,0,0,0,0,4.67,0.0,0,0,0,0,0,4.67,0.0,0,0,0,0,0,5.17,0.0,0,0,0,0,0,reef 19 131,Central,-19.75961388888889,0.9895933563970641,41.21677938947072,4.242185167041266,0.10292374197788434,3.2050082255833097,0.07775979280909232,3.22663466054378,0.07828449258624169,10.55880905646382,0.25617744066537096,14.66102989634512,0.3557053732366688,1.0695548974424438,40.738575245129354,4.589612126614807,0.11266010406594999,3.017927941715365,0.07408035071320233,2.494247645493973,0.061225696541564296,9.879312296542164,0.24250510080671808,14.094273844065205,0.34596874729315175,1.215536565780832,True,True,True,0.10267173152372942,0.0775693966932474,0.07809281173446907,0.25555018604048374,0.35483442285212113,,4.846668205299225,0.0289219066710478,,0.0,0.0619022531218855,0.9781428314214908,,44.5662675384077,0.0955661524735324,,0.03394976397572,0.0,,0.0643552549644389,0.8764259955892707,,0.0948238829130142,4.242185167041266,,,,,,,2.86583802943292,14.66102989634512,10.55880905646382,2.4572743540605098,,3.22663466054378,3.2050082255833097,,,0.0258801592765773,,,,,,0.0513480445824316,0.0,0.0781468409138258,,0.0,0.026778056259179,,0.1625756515217943,,1.2096148183979707,-0.4967637425410968,1.6990432852558273,-0.8572574253355764,-0.5777592859729849,0.9213638212092281,0.5303490995019515
Reef_19_131,2022,Heatwave_Only,5.01,0.0,2021,2023,1,40.887965904616685,43.323680639249865,-2.43571473463318,0.0,-0.0595704550408598,-0.0595704550408598,10,46.6211822161677,1.2514541100196277,21.261645021155573,27.875200307539973,3.0700000000000003,0.0,0,0,0,0,0,5.130000000000001,0.0,0,0,0,0,0,7.74,0.0,0,0,0,0,0,7.74,0.0,0,0,0,0,0,reef 19 131,Central,-19.75961388888889,1.0595704550408598,40.738575245129354,4.589612126614807,0.11266010406594999,3.017927941715365,0.07408035071320233,2.494247645493973,0.061225696541564296,9.879312296542164,0.24250510080671808,14.094273844065205,0.34596874729315175,1.215536565780832,43.25281321993824,5.545273972392964,0.12820608787214702,3.1154194848269734,0.0720281353489132,2.1493414406353475,0.0496925235754276,12.31684542144989,0.28476403046477905,13.1594208776043,0.304244276798583,3.284587171687967,True,True,True,0.11224848253203497,0.07380968641862932,0.06100199876199628,0.24161907001166533,0.3447046956785349,,4.836897061506167,0.0,,0.0,0.6237815408592625,0.6915333039636752,,40.23978898030145,0.0,,0.0,0.0,,0.5998861350516953,0.6156504307291366,,0.0,4.589612126614807,,,,,,,3.4104509580104456,14.094273844065205,9.879312296542164,3.2527504326873924,,2.494247645493973,3.017927941715365,,,0.0779317229218348,,,,,,0.3415342237779182,0.0262233480143441,0.0,,0.0271988900317131,0.17674201465619,,0.0,,1.1774019043066335,0.08557557789915872,-0.8058707579658089,-0.8572574253355764,-0.5777592859729849,0.9213638212092281,0.733288805944024
Reef_19_131,2024,Heatwave_Only,5.82,0.0,2023,2024,0,43.323680639249865,45.61185335130897,-2.288172712059108,0.0,-0.0528157506079041,-0.0528157506079041,2,46.66597188798421,3.4049585920700105,14.534979300374324,28.86646513661223,5.3,0.0,1,0,0,1,0,8.37,0.0,1,0,0,1,0,10.43,0.0,1,0,0,1,0,11.94,0.0,1,0,0,1,0,reef 19 131,Central,-19.75961388888889,1.052815750607904,43.25281321993824,5.545273972392964,0.12820608787214702,3.1154194848269734,0.0720281353489132,2.1493414406353475,0.0496925235754276,12.31684542144989,0.28476403046477905,13.1594208776043,0.304244276798583,3.284587171687967,45.50899389413961,7.096334582474862,0.15593257453640802,4.504538188006175,0.09898127386609275,2.338036934723408,0.05137527188937673,11.486752441662023,0.25240620498844346,13.279199873321712,0.29179286855277486,0.41595346421699,True,True,True,0.12799637266666405,0.07191031414825137,0.049611238217099056,0.2842982230436632,0.30374660424586103,,4.71844553586158,0.0618011662871484,,0.1638721441284842,0.7635402073534797,2.5748350767800736,,38.01337299804008,0.0,,0.0648642268678313,0.1637478075441845,,0.7326409871768123,2.323334150099139,,0.0,5.545273972392964,,,,,,,3.944462217843728,13.1594208776043,12.31684542144989,3.0220498051850337,,2.1493414406353475,3.1154194848269734,,,0.0284039225036494,,,,,,0.0778174092365472,0.0288287638325097,0.0,,0.0,0.1592304782628134,,0.0,,1.3598784375405746,0.32871725292833776,-0.8058707579658089,0.01834597602858237,-0.5777592859729849,-0.7018442530687745,0.9362285123860965
Reef_19_138,1996,Storm_Only,0.49,18.51984,1995,1997,1,32.75254521306679,16.335131953752622,16.417413259314166,16.417413259314166,0.5012561055183082,0.5012561055183082,10,63.892119053091726,1.086074359499787,,31.219016555219927,2.35,0.0,0,0,0,0,0,2.35,0.0,0,0,0,0,0,3.16,0.0,0,0,0,0,0,3.16,0.0,0,0,0,0,0,reef 19 138,Central,-19.85005555555556,0.4987438944816918,32.600666209467235,12.330570297289215,0.3782306232045165,2.0546587686044697,0.06302505462320267,4.721664714275371,0.14483338113207636,3.9654036680752736,0.12163566359646111,5.690739474783358,0.1745589933107185,1.0521103385910413,16.227793038300646,2.4525964853655484,0.15113555365026896,1.2078651355191836,0.07443187947174298,2.3608725725126005,0.14548328087131113,1.7983280496706056,0.11081778313454041,4.9807661541209,0.3069281289430642,0.4985354598554614,True,True,True,0.376476704850708,0.06273279695480745,0.14416176463719954,0.12107161877890504,0.17374953420453595,,3.3326831625928666,0.0,,0.0,0.0,1.3301998066873753,,59.04213955997274,0.0299201269682061,,0.0,0.0,,0.0,1.0152382047447106,0.0,0.0368721338463308,12.330570297289215,,,,,,,,5.690739474783358,3.9654036680752736,0.9410377712829454,,4.721664714275371,2.0546587686044697,,2.8965915151566,,,,0.0525111226119109,,,0.2270328243690824,0.0,0.2290521109301448,,,0.0,,1.4536385107264729,0.0,0.5679202835382365,-1.2712150037451482,0.4029349465379297,-0.8572574253355764,-0.5777592859729849,0.9213638212092281,-1.904927377802918
Reef_19_138,2003,Storm_Only,0.0,28.30726962939996,2002,2006,3,24.3609819602416,19.965417604047207,4.395564356194392,4.395564356194392,0.1804346131600188,0.1804346131600188,10,71.30099945474062,1.7873830584465062,,29.544987091248903,4.6000000000000005,0.0,0,0,0,0,0,6.720000000000001,0.0,0,0,0,0,0,7.21,0.0,0,0,0,0,0,8.71,0.0,0,0,0,0,0,reef 19 138,Central,-19.85005555555556,0.8195653868399811,24.240135896485324,5.231411168648567,0.21581608250831177,3.5440493970320084,0.14620583862097383,4.128199942462315,0.17030432337885035,3.106782465308053,0.12816687491255022,6.068400476969183,0.25034515082273384,1.779067803427934,,,,,,,,,,,,,True,False,False,0.21474549659724326,0.14548056407644336,0.16945950492470926,0.12753108517458306,0.2491032786310967,,15.6915951684208,0.0,,0.0,0.0,0.0,,53.6668709020624,1.8606069086944843,,0.0,0.0,,0.0,0.0,0.0,1.779067803427934,5.231411168648567,,,,,,,,6.068400476969183,3.106782465308053,1.260662201747073,,4.128199942462315,3.5440493970320084,,0.9006302443181257,,,,0.0957508866047824,,,0.2120173505666251,0.2391713517099358,0.0469514172100568,,,0.0522451371763064,,0.7559651935706804,0.2411944034755002,-0.060750779216361205,-1.4183007083924293,1.0417688008502557,-0.8572574253355764,-0.5777592859729849,0.9213638212092281,-1.1946384052556644
Reef_19_138,2009,Storm_Only,0.14,26.29000264676222,2008,2010,1,23.3522623429085,22.50704128744894,0.8452210554595609,0.8452210554595609,0.03619439705876,0.03619439705876,10,49.18673332818956,0.110520474086948,,40.417321227578206,0.48,0.0,0,0,0,0,0,3.31,0.0,0,0,0,0,0,7.280000000000001,0.0,0,0,0,0,0,7.910000000000001,0.0,0,0,0,0,0,reef 19 138,Central,-19.85005555555556,0.96380560294124,,,,,,,,,,,,,,,,,,,,,,,,,False,False,False,,,,,,,,,,,,,,,,,,,,,,,,,,,,,,,,,,,,,,,,,,,,,,,,,,,,,,,-0.1363210650789757,-1.376276221350349,0.9101000695804635,-0.8572574253355764,-0.5777592859729849,0.9213638212092281,-0.5858192859294471
Reef_19_138,2010,Storm_Only,1.11,29.117304,2009,2010,0,35.688475536131826,22.50704128744894,13.181434248682889,13.181434248682889,0.3693470805537127,0.3693470805537127,10,59.10055834719046,0.573896052013114,,40.093722635240326,0.14,0.0,0,0,0,0,0,0.79,0.0,0,0,0,0,0,3.45,0.0,0,0,0,0,0,7.420000000000001,0.0,0,0,0,0,0,reef 19 138,Central,-19.85005555555556,0.6306529194462873,35.55739219206239,12.850113059954996,0.3613907620262314,3.526017060203131,0.09916410745640275,3.457479154267628,0.09723657841925355,5.076809255373065,0.1427778850583531,8.065990467425019,0.2268442641647275,0.5166466883168461,,,,,,,,,,,,,True,False,False,0.36006337807691585,0.09879987887499736,0.09687942962896237,0.1422534635931195,0.22601106789385908,,5.610657242032831,0.0267553588818635,,0.0,0.0,0.2083124005910382,,52.86062800747305,0.3285600459305602,,0.0304598839259027,0.0,,0.0,0.1647125477410045,0.0,0.3214742566499389,12.850113059954996,,,,,,,,8.065990467425019,5.076809255373065,2.398654909413117,,3.457479154267628,3.526017060203131,,0.1823282854254306,,,,0.044009311750144,,,0.0451069845826447,0.2702793825301525,0.1725302611444109,,,0.1492828867317186,,0.7708776838277049,0.0451368630810022,0.7878714869988482,-1.085106561130221,1.0946404330039583,-0.8572574253355764,-0.5777592859729849,0.9213638212092281,-0.4843494327084108
Reef_19_138,2011,Storm_Only,0.0,18.51984,2010,2011,0,22.50704128744894,28.164262225356907,-5.657220937907969,0.0,-0.2513533816220757,-0.2513533816220757,10,59.10055834719046,0.573896052013114,,40.093722635240326,1.25,0.0,0,0,0,0,0,1.73,0.0,0,0,0,0,0,4.5600000000000005,0.0,0,0,0,0,0,4.5600000000000005,0.0,0,0,0,0,0,reef 19 138,Central,-19.85005555555556,1.2513533816220759,,,,,,,,,,,,,28.051031596958605,2.9971291579125428,0.10684559487778347,4.220861011679254,0.1504707945263908,2.399156608427613,0.0855282844103223,6.777189544241422,0.24160215002489352,8.908651426469639,0.31758730140375824,1.8437938593715715,False,True,False,,,,,,,,,,,,,,,,,,,,,,,,,,,,,,,,,,,,,,,,,,,,,,,,,,,,,,,-0.19964252297532534,-1.4183007083924293,0.4029349465379297,-0.8572574253355764,-0.5777592859729849,0.9213638212092281,-0.38287957948737456
Reef_19_138,2017,Storm_Only,2.64,35.75358,2015,2019,2,41.93183664259121,34.1234816433095,7.808354999281704,7.808354999281704,0.1862154301953605,0.1862154301953605,10,51.77358182750936,0.921129754672595,,32.54567291338012,2.77,0.0,0,0,0,0,0,3.86,0.0,0,0,0,0,0,4.970000000000001,0.0,0,0,0,0,0,5.109999999999999,0.0,0,0,0,0,0,reef 19 138,Central,-19.85005555555556,0.8137845698046394,41.83151421612886,7.118508663585583,0.170170953573584,4.386373480321241,0.10485810907198764,6.258292456045051,0.149607122125932,9.373975255473807,0.2240888342468729,10.62853364699199,0.25407958201269165,0.8408171936341062,33.96502691135988,2.611116271803596,0.07687661424847236,3.4131029840718474,0.10048874664457597,4.391982807207596,0.12930897474833628,9.134371746479731,0.2689346241449515,10.449584265278776,0.3076571760873191,1.186050233808416,True,True,True,0.16976381750841643,0.10460723477745053,0.14924918527628595,0.22355269899989136,0.2534716935388498,,3.734900456415472,0.0959686040389882,,0.0,0.0259016430011231,0.5855483636797356,,46.911790305484566,0.2645610487626466,,0.0976714954048579,0.0,,0.0316699958991564,0.4575559825678065,0.0,0.2539197197622854,7.118508663585583,,,,,,,,10.62853364699199,9.373975255473807,3.82153528579148,,6.258292456045051,4.386373480321241,,0.2442954279197078,,,,0.0498265673523967,,,0.2500682714840677,0.8694234006374089,0.3250735762207742,,,0.6292649354604953,,0.4863383136695103,0.2624571647981106,1.2556056080086737,-0.625838952741772,1.5277958104511309,-0.8572574253355764,-0.5777592859729849,0.9213638212092281,0.22593953983884282
Reef_19_138,2020,Concurrent,4.11,38.377224,2019,2022,2,34.1234816433095,23.390751243533632,10.732730399775871,10.732730399775871,0.3145262406680652,0.3145262406680652,10,61.659207952729936,1.2360283053825667,,60.07833596503709,2.64,0.0,0,0,0,0,0,5.41,0.0,0,0,0,0,0,6.0,0.0,0,0,0,0,0,6.5,0.0,0,0,0,0,0,reef 19 138,Central,-19.85005555555556,0.6854737593319348,33.96502691135988,2.611116271803596,0.07687661424847236,3.4131029840718474,0.10048874664457597,4.391982807207596,0.12930897474833628,9.134371746479731,0.2689346241449515,10.449584265278776,0.3076571760873191,1.186050233808416,,,,,,,,,,,,,True,False,False,0.0765196324073089,0.10002212024402396,0.12870851963808097,0.26768580773675776,0.30622854884819756,,8.031537846775256,0.0,,0.0,0.060924612796744,1.401639825770504,,51.93516318307694,0.0600151359215072,,0.0,0.0,,0.0652478155503984,1.056640512961371,0.0,0.0641619052966466,2.611116271803596,,,,,,,,10.449584265278776,9.134371746479731,3.880722120900257,,4.391982807207596,3.4131029840718474,,0.0841467156180733,,,,0.0,,,0.2300558700805773,0.1004365767141494,0.2135593800670751,,,0.2895359274891982,,0.3811590118738502,0.2772476923956321,0.6706267801233057,-0.1845818387999288,1.6990432852558273,-0.8572574253355764,-0.5777592859729849,0.9213638212092281,0.5303490995019515
Reef_19_138,2022,Heatwave_Only,5.75,0.0,2021,2022,0,39.11191654769088,23.390751243533632,15.72116530415725,15.72116530415725,0.4019533352447135,0.4019533352447135,2,53.00387236451633,1.3510843726573158,,60.93082994865932,4.11,0.0,1,0,0,1,0,6.75,0.0,1,0,0,1,0,9.52,0.0,1,0,0,1,0,9.52,0.0,1,0,0,1,0,reef 19 138,Central,-19.85005555555556,0.5980466647552866,39.02063961930801,5.157229493533275,0.132166708281773,4.26138442171373,0.1092084718059089,5.684197243035533,0.14567155481026267,8.172009489237883,0.20942787122316284,12.367213350556112,0.3169403031629606,1.291139222907948,,,,,,,,,,,,,True,False,False,0.13185826593909908,0.1089536079500895,0.14533159570701532,0.2089391216427196,0.31620064783775614,,7.676918359226889,0.0,,0.0271679375899664,0.3689711967893412,1.200702694035908,,43.533196343245606,0.0,,0.0,0.0315500344121566,,0.358588642396383,0.9010005460994084,0.0,0.0,5.157229493533275,,,,,,,,12.367213350556112,8.172009489237883,3.357467816658678,,5.684197243035533,4.26138442171373,,0.0211378045727917,,,,0.0473498117907912,,,0.4930118791396777,0.5001032946681099,0.6999598446230867,,,1.3770212533332424,,0.0,0.3113689736109603,1.0443455472152112,0.30770500940729756,-0.8058707579658089,0.01834597602858237,-0.5777592859729849,-0.7018442530687745,0.733288805944024
Reef_19_138,2024,Heatwave_Only,6.0200000000000005,0.0,2023,2024,0,43.47725959871386,50.53699495568969,-7.059735356975835,0.0,-0.1623776526426858,-0.1623776526426858,2,51.16543680229828,1.6422012180189924,,28.94805509999295,6.5,0.0,1,0,0,1,0,10.61,0.0,2,0,0,1,0,13.25,0.0,2,0,0,1,0,14.71,0.0,2,0,0,1,0,reef 19 138,Central,-19.85005555555556,1.1623776526426859,43.383071324719054,8.592857856652245,0.19806937577875353,3.825983534981746,0.08819070245959638,6.67126398085041,0.1537757419458963,9.488192689919387,0.21870726069394608,11.613404843532049,0.26769439066696266,1.5616909150827967,50.40995608399403,11.32089326266074,0.22457653491698445,3.7333056983913857,0.0740588960674927,6.376277658372802,0.12648845890181942,12.611355924324236,0.2501758958748338,12.724447814847156,0.25241933941869416,1.1430750200272635,True,True,True,0.19764028220643506,0.087999647868674,0.1534426052245427,0.21823345761654367,0.2671144628415264,,4.467742447280972,0.0283737048978859,,0.0281228659972049,0.1633425044391395,1.8240610589954604,,44.502842210686936,0.0,,0.0338941959117344,0.0314134326384694,,0.1633311337559919,1.333052152776601,0.0,0.0,8.592857856652245,,,,,,,,11.613404843532049,9.488192689919387,3.13701679870647,,6.67126398085041,3.825983534981746,,0.0543516200767451,,,,0.0,,,0.4486921770638412,0.4485501528998983,0.3310167973664852,,,0.8258262362284694,,0.0447972803689185,0.1050446951941366,1.3713841182765765,0.388752234417024,-0.8058707579658089,0.8939493773927413,-0.5777592859729849,-0.7018442530687745,0.9362285123860965
Reef_20_104,2003,Storm_Only,0.0,29.117304,2002,2003,0,36.7200081044826,34.730337527963414,1.989670576519188,1.989670576519188,0.0541849165952743,0.0541849165952743,18,63.81900763569065,5.896146481995906,,25.5160015179657,4.53,0.0,0,0,0,0,0,6.38,0.0,0,0,0,0,0,6.85,0.0,0,0,0,0,0,7.65,0.0,0,0,0,0,0,reef 20 104,South,-20.031713888888888,0.9458150834047256,36.642508790527714,11.939951876795266,0.3258497376653917,4.163104381075082,0.11361406515241847,4.5293745529217295,0.12360983738353083,7.163499229759601,0.1954969642147266,4.940010537275311,0.1348163840395211,5.851600853592105,34.589413737291245,12.835164665599407,0.37107205005217153,1.7607322885299863,0.05090379102412252,2.717348211466731,0.07856011183378707,9.02922298068595,0.26104006992611845,4.610389462528427,0.13328903165415357,2.692112059661679,True,True,True,0.3251620163814096,0.1133742772939876,0.1233489529750078,0.195084358624777,0.13453184768421275,,10.221755203745772,2.5115815088893783,,,0.0,0.0,,45.52320462576112,4.960947367668605,,2.1106222192758746,,,0.0,0.0,,3.7409786343162303,11.939951876795266,,,,,,,,4.940010537275311,7.163499229759601,2.350536434389456,,4.5293745529217295,4.163104381075082,,1.556031778311268,0.0793693918203845,,,,,,0.0358375935796177,,0.0145649777916816,,0.0141300048441637,0.0,,0.1139160731187897,1.1706815553759118,0.8651508515788309,-1.4183007083924293,1.0946404330039583,-0.8572574253355764,-0.5777592859729849,2.5445718954872305,-1.1946384052556644
Reef_20_104,2009,Storm_Only,0.44,28.812487687609003,2007,2010,1,48.50110111498135,15.295215205172893,33.20588590980846,33.20588590980846,0.6846418977393401,0.6846418977393401,24,53.2551806584172,1.0670881308722475,14.661095110521016,27.50064493935236,0.8200000000000001,0.0,0,0,0,0,0,3.86,0.0,0,0,0,0,0,7.550000000000001,0.0,0,0,0,0,0,8.39,0.0,0,0,0,0,0,reef 20 104,South,-20.031713888888888,0.31535810226065986,48.34476432845473,20.288618252984936,0.41966526333945686,3.582530723853486,0.07410379952446851,3.0042930769329854,0.0621430907496372,10.901492326099644,0.22549478681982635,6.514121641756285,0.1347430633335864,1.0246191956682509,,,,,,,,,,,,,True,False,False,0.4183125287173748,0.07386493587764936,0.061942780841422976,0.22476793465483438,0.13430873716275604,,7.763151338951263,0.4988212326194665,,,0.0,0.6074863701703572,,43.73184182208326,0.099878375229322,,0.4061610323758908,,,0.0,0.5403504348322548,,0.0781077284601052,20.288618252984936,,,,,,,,6.514121641756285,10.901492326099644,3.392760884611766,,3.0042930769329854,3.582530723853486,,0.6609474222156264,0.1257254176232444,,,,,,0.0562244031658457,,0.0966215548764283,,0.1024274871523383,0.0132848389220247,,0.2014322446027115,0.3055849045771831,1.747755443855185,-1.2862237491173196,1.0747448131042165,-0.8572574253355764,-0.5777592859729849,3.7619779511957328,-0.5858192859294471
Reef_20_104,2010,Storm_Only,1.14,29.117304,2009,2010,0,31.15481820326106,15.295215205172893,15.859602998088166,15.859602998088166,0.5090577930712528,0.5090577930712528,1,71.53403953373318,2.205218296444296,7.003221614812226,37.72065094598248,0.44,30.96863732695968,0,1,0,0,1,1.76,30.96863732695968,0,1,0,0,1,4.300000000000001,30.96863732695968,0,1,0,0,1,7.99,30.96863732695968,0,1,0,0,1,reef 20 104,South,-20.031713888888888,0.4909422069287473,31.049776566792016,2.3585615203576924,0.07596065998362747,3.362030246471244,0.10827872591092853,2.4538365320991504,0.07902912044538021,10.195420021876377,0.3283572749692653,8.379010997839822,0.26985736853260456,2.1557752768106617,,,,,,,,,,,,,True,False,False,0.07570455089706848,0.10791365317995441,0.07876266573246449,0.32725018503908954,0.26894751698351327,,10.45502849950601,0.4461432306604195,,,0.0,1.442677954276092,,57.87286826685438,0.6786440091977755,,0.3890493454356078,,,0.0,1.23881250258856,,0.5279134287864942,2.3585615203576924,,,,,,,,8.379010997839822,10.195420021876377,4.018535341109103,,2.4538365320991504,3.362030246471244,,0.2823819070386263,0.0139298595891255,,,,,,0.0142198792009096,,0.0345330449347028,,0.0575953538725592,0.0,,0.1101773758408706,0.2396747925278722,0.4482233084951029,-1.0761013139069182,1.0946404330039583,-0.8572574253355764,1.3420104933676291,-0.9047452623535249,-0.4843494327084108
Reef_20_104,2017,Storm_Only,2.18,34.47760163605681,2015,2017,0,48.8394931797742,56.7359331998962,-7.896440020122,0.0,-0.1616814488851439,-0.1616814488851439,7,49.25040399888731,2.539389589384313,37.794859198770986,28.3141624098022,1.64,0.0,0,0,0,0,0,2.24,0.0,0,0,0,0,0,3.38,29.117304,0,1,0,0,1,3.82,60.08594132695968,0,2,0,0,2,reef 20 104,South,-20.031713888888888,1.161681448885144,48.700568460986744,10.09768425543297,0.20734222565640203,3.791458725980591,0.07785245318066192,5.713543142918427,0.11731984499309193,13.436442350462984,0.2758990865009452,10.62487069061937,0.2181672827727008,2.463610197327056,56.598967651374195,19.286565024326308,0.340758247449378,5.164437401892347,0.09124614133782628,6.724679065113948,0.11881275125961907,11.71007954642242,0.20689563842491931,10.267105955450791,0.18140094036152463,0.8473879437714894,True,True,True,0.20675243738226798,0.07763100063353524,0.11698612681928003,0.27511428714062475,0.21754670245061888,,7.41677123674043,0.5851285881546718,,,0.450880181521839,1.3986993858529262,,38.19033772922212,0.5707951893905183,,0.4745536912082907,,,0.3726989441284687,1.1848376942202017,,0.431519867770095,10.09768425543297,,,,,,,,10.62487069061937,13.436442350462984,4.912195984562719,,5.713543142918427,3.791458725980591,,0.124373311009684,0.0598830413268182,,,,,,0.1070209294017475,,0.1510561225069885,,0.0126587250649995,0.2185431379855138,,0.1755832634148033,0.4047987367298716,1.7731067750185914,-0.7639194101657502,1.4445116176526038,-0.8572574253355764,-0.5777592859729849,0.3126607933549771,0.22593953983884282
Reef_20_104,2020,Concurrent,4.91,38.377224,2017,2023,3,56.7359331998962,16.20565985837552,40.53027334152068,40.53027334152068,0.714366910978999,0.714366910978999,10,40.87830390498593,0.8730850361841714,28.381791187691302,30.5591724126918,2.18,0.0,0,0,0,0,0,3.82,0.0,0,0,0,0,0,4.27,0.0,0,0,0,0,0,4.42,0.0,0,0,0,0,0,reef 20 104,South,-20.031713888888888,0.28563308902100104,56.598967651374195,19.286565024326308,0.340758247449378,5.164437401892347,0.09124614133782628,6.724679065113948,0.11881275125961907,11.71007954642242,0.20689563842491931,10.267105955450791,0.18140094036152463,0.8473879437714894,,,,,,,,,,,,,True,False,False,0.3399356269751388,0.09102586510204429,0.11852592679530036,0.2063961740994831,0.1809630224865954,,3.35356317096878,0.2151385358073476,,,0.0,0.7872633116416339,,35.978197987458,0.0,,0.1827321057053317,,,0.0,0.6646558380661577,,0.0,19.286565024326308,,,,,,,,10.267105955450791,11.71007954642242,3.23312178348114,,6.724679065113948,5.164437401892347,,0.2129788746872396,0.2027364952327294,,,,,,0.0989491705450267,,0.0793752624611269,,0.0139590985654043,0.0549708026757677,,0.3854477983541237,0.3676419330186385,2.364684671753948,0.055558087154815756,1.6990432852558273,-0.8572574253355764,-0.5777592859729849,0.9213638212092281,0.5303490995019515
Reef_20_104,2022,Heatwave_Only,4.07,0.0,2021,2023,1,48.64984513503214,16.20565985837552,32.44418527665662,32.44418527665662,0.6668918510758829,0.6668918510758829,2,48.994597186065846,1.148583248477404,17.279415287321786,33.877656863709326,4.91,38.377224,1,1,1,1,1,7.09,38.377224,1,1,1,1,1,8.73,38.377224,1,1,1,1,1,8.73,38.377224,1,1,1,1,1,reef 20 104,South,-20.031713888888888,0.3331081489241171,48.58157702296569,10.0453537575688,0.20677290391005868,4.374806105734511,0.09005072238940359,5.911769930201002,0.1216874851017365,11.201727273872583,0.23057562064272338,10.509272109337283,0.21632216888244069,1.0995161336703156,,,,,,,,,,,,,True,False,False,0.20648274891085455,0.08992435831176508,0.12151672659578543,0.23025206437515175,0.21601861383459348,,4.687192428614735,0.2606348302275179,,,0.1242119065016405,0.8714611649610855,,42.55947741841498,0.0,,0.250934328728822,,,0.0969004754738569,0.7516813294676369,,0.0,10.0453537575688,,,,,,,,10.509272109337283,11.201727273872583,6.484754576851108,,5.911769930201002,4.374806105734511,,0.0538932694004036,0.0077725793628104,,,,,,0.3489806770362653,,0.0795363102269726,,0.2368180268513988,0.1173105970030233,,0.0142750674954137,0.032037862180792,1.7588989052516342,-0.19658883509766603,-0.8058707579658089,0.01834597602858237,1.3420104933676291,-0.7018442530687745,0.733288805944024
Reef_20_104,2024,Heatwave_Only,5.5600000000000005,0.0,2023,2025,1,16.20565985837552,37.18468541884122,-20.9790255604657,0.0,-1.2945492959747134,-1.0,2,48.994597186065846,1.148583248477404,17.279415287321786,33.877656863709326,4.220000000000001,0.0,1,0,0,1,0,9.13,38.377224,2,1,1,1,1,11.31,38.377224,2,1,1,1,1,12.16,38.377224,2,1,1,1,1,reef 20 104,South,-20.031713888888888,2.294549295974713,,,,,,,,,,,,,,,,,,,,,,,,,False,False,False,,,,,,,,,,,,,,,,,,,,,,,,,,,,,,,,,,,,,,,,,,,,,,,,,,,,,,,-0.6717233546968707,0.2506717769930458,-0.8058707579658089,0.8939493773927413,1.3420104933676291,-0.7018442530687745,0.9362285123860965
Reef_20_348,2009,Storm_Only,1.28,42.338412,2008,2010,1,18.820801434911782,13.019465422797651,5.801336012114131,5.801336012114131,0.3082406470402956,0.3082406470402956,10,63.79766246115249,0.5007142521823863,13.521071156491647,30.876165942443187,0.95,0.0,0,0,0,0,0,3.44,0.0,0,0,0,0,0,3.44,0.0,0,0,0,0,0,3.4400000000000004,0.0,0,0,0,0,0,reef 20 348,South,-20.88865277777778,0.6917593529597045,17.87311815407112,3.463346634133756,0.19377405801711656,1.8733015306811924,0.10481111994744431,0.5332462168577498,0.02983509717000822,1.2149070425198194,0.06797398372499928,6.526255689675234,0.36514365503641516,0.47029307466612646,12.27734853900707,1.4637411451302411,0.11922290390956199,1.673658330588186,0.1363208289860559,0.7794804306267384,0.06348931352320954,0.528024235097714,0.04300800237283302,5.198753228873873,0.42344266861502017,0.12463802479327671,True,True,True,0.184016958369764,0.09953356859747206,0.028332811368414992,0.06455129165042987,0.346757586930879,,2.541542971537367,0.2041390731418279,,,0.0,0.0,,60.68222749813054,0.3025348945854679,,0.1830705989845385,,,0.0,0.0,,0.287222475681588,3.463346634133756,,,,,,,,6.526255689675234,1.2149070425198194,2.8410468549395365,,0.5332462168577498,1.8733015306811924,1.4210141852638298,,,,,0.3827542896389784,,,0.0406021586163778,0.4892748889547054,0.0,,0.0638448914399802,0.0,,0.0382661294491369,,-0.4758046939370558,-1.0340768268648377,1.9575933942746824,-0.8572574253355764,-0.5777592859729849,0.9213638212092281,-0.5858192859294471
Reef_20_348,2015,Storm_Only,0.3,41.000868,2014,2018,3,14.359591387905445,8.658804239159544,5.700787148745901,5.700787148745901,0.3970020451659554,0.3970020451659554,6,67.99134882126393,0.1011106112481117,18.81495289908032,24.567254971919454,0.31,0.0,0,0,0,0,0,2.5,0.0,0,0,0,0,0,4.08,42.338412,0,1,0,0,1,4.08,42.338412,0,1,0,0,1,reef 20 348,South,-20.88865277777778,0.6029979548340446,13.537667753259852,2.1119452382435817,0.15600510196706727,1.6507752381638512,0.12193941144451169,1.145843598049665,0.08464113752339265,0.7512140778424113,0.05549065699751126,5.28532598107719,0.3904162871632369,0.0601102757698298,8.079907946069795,0.3509630417004984,0.04343651487653554,1.2418923530040251,0.15370129972929986,0.4666391853451121,0.05775303239340658,0.6800827017729074,0.08416961013815896,2.948094648410536,0.36486735592631836,0.1699371763331768,True,True,True,0.1470755804390364,0.1149597640747799,0.07979639302374349,0.052314446668387186,0.3680693857019376,,3.202965195765297,0.0245872241839733,,,0.0,0.0280026563306588,,64.6959305294482,0.0256904848846869,,0.0202682487289875,,,0.0,0.0198513913488918,,0.0199906356919505,2.1119452382435817,,,,,,,,5.28532598107719,0.7512140778424113,1.6855761441930277,,1.145843598049665,1.6507752381638512,0.9069874756901238,,,,,0.5996726595700033,,,0.0139282534822574,0.3578333050103049,0.0152694699242731,,0.0151746069908294,0.0,,0.0389816163445051,,-0.8100253363756058,-1.3282482361594001,1.8702907600605234,-0.8572574253355764,-0.5777592859729849,0.10975978407022678,0.022999833396770367
Reef_20_353,2009,Storm_Only,0.76,42.338412,2008,2010,1,38.73478060235202,11.183177665800118,27.5516029365519,27.5516029365519,0.7112884727396375,0.7112884727396375,10,60.94416806593608,0.5874048566387294,2.594179080369197,18.99507584457804,0.64,0.0,0,0,0,0,0,3.64,0.0,0,0,0,0,0,3.64,0.0,0,0,0,0,0,3.64,0.0,0,0,0,0,0,reef 20 353,South,-20.96339722222222,0.2887115272603626,38.627306195488984,6.358504207393734,0.16461163963166295,2.4660697621700223,0.06384265446027965,3.182131988592847,0.08238037549106819,9.737644186234956,0.2520922410937408,8.506781634760161,0.22022715204907584,0.5318054905347636,11.064694303906531,0.2058857209243703,0.01860744773144611,2.743162570078706,0.24792032158630875,0.3379747146291916,0.03054532780990301,2.814037477142226,0.2543258222822021,2.439013309692978,0.2204320555726382,0.20673991905915942,True,True,True,0.1641549044170303,0.06366551517321051,0.08215180101987268,0.25139278020445727,0.21961610476357313,,3.1856208028021973,,0.0,0.023992109556391,0.0,0.3041662124887295,,56.81695840812058,0.3417978445772586,,0.0307807628272668,0.0,,0.0,0.2375460521761456,0.0,0.2634786755313511,6.358504207393734,,,,2.9343200941880614,,,,8.506781634760161,9.737644186234956,5.441854322149199,,3.182131988592847,2.4660697621700223,,,,,,0.0213136436372718,,,,0.1906907981659085,0.0882680119004863,,0.1222004067431946,0.0204373915362021,,0.2934637141600465,0.5347585408748423,1.0160916392822263,-1.190167778735422,1.9575933942746824,-0.8572574253355764,-0.5777592859729849,0.9213638212092281,-0.5858192859294471
Reef_20_353,2015,Storm_Only,0.61,41.000868,2014,2016,1,17.243062325524225,26.026037400263665,-8.78297507473944,0.0,-0.509362832942867,-0.509362832942867,6,82.841459017863,1.1274294142000891,19.55600322921461,16.76071296804623,0.63,0.0,0,0,0,0,0,2.54,0.0,0,0,0,0,0,3.3,42.338412,0,1,0,0,1,3.3,42.338412,0,1,0,0,1,reef 20 353,South,-20.96339722222222,1.509362832942867,17.134920226074158,3.496912603658137,0.20408105538401605,3.1744979283522365,0.18526482098945593,1.7247264422216892,0.10065564469901518,2.9417636711084447,0.17168236748671709,2.4691194993079724,0.14409868658452932,1.0391292137258983,25.84614060250242,8.178000541296168,0.31641089735867084,3.1725027249335445,0.12274570403855124,3.2502255135479143,0.12575283728175757,4.634777351539894,0.17932183465299092,3.0232516277633272,0.11697110505816162,1.1316142148386334,True,True,True,0.2028011346036716,0.18410290866101856,0.10002436978196412,0.17060563927521552,0.14319495300165053,,7.499851355692091,,0.0238129030146041,0.1414850812644356,0.4533955516511671,0.6141643421947593,,73.74425885800358,0.1017396643622023,,0.1109737242649133,0.0274161866310791,,0.3519201951627341,0.4594312952598907,0.0,0.0893878124072811,3.496912603658137,,,,0.3398440061454665,,,,2.4691194993079724,2.9417636711084447,2.9880560752802103,,1.7247264422216892,3.1744979283522365,,,,,,0.1846842091990106,,,,0.9954236951071008,0.1814750403785439,,0.0519456207481064,0.0534926050100779,,0.0508505717496076,0.120373000461857,-0.5940042346858231,-1.2351940148519365,1.8702907600605234,-0.8572574253355764,-0.5777592859729849,0.10975978407022678,0.022999833396770367
Reef_20_353,2020,Heatwave_Only,5.66,0.0,2018,2020,0,26.544438132077936,33.44469672660422,-6.900258594526285,0.0,-0.2599512018371783,-0.2599512018371783,5,79.8645970831838,0.6410042746865305,22.97290724024306,20.29423957969603,2.92,0.0,0,0,0,0,0,4.02,37.03968,0,1,0,0,1,4.17,37.03968,0,1,0,0,1,4.65,37.03968,0,1,0,0,1,reef 20 353,South,-20.96339722222222,1.2599512018371783,26.413049149147835,12.969391608344107,0.4910221283089741,2.124953411080097,0.08045089376395057,2.330554708904995,0.08823497415027472,3.5955141373599253,0.13612643194115767,2.87852048566303,0.10898099910422118,0.6042967498718002,33.35098124329231,17.297355423496747,0.5186460721294569,2.3676997929971777,0.07099340723215991,3.364616934231781,0.1008850956944029,4.11636606299526,0.12342563575466496,3.3438869492397187,0.10026352522723017,4.488026821195565,True,True,True,0.4885916795003129,0.08005267998165584,0.08779823092539332,0.13545263679983055,0.10844156773408771,,4.475847140355536,,0.0,0.0,0.256975884222517,0.6887440733554678,,74.48016466453964,0.0,,0.0,0.0,,0.1727805868166092,0.4315161630551909,0.0,0.0,12.969391608344107,,,,0.3645158082408037,,,,2.87852048566303,3.5955141373599253,2.1495989895548755,,2.330554708904995,2.124953411080097,,,,,,0.0872820345217836,,,,0.5531928910092582,0.0841912557179657,,0.1809436235417627,0.2145720787407997,,0.0205270371977607,0.0,0.10282728969282522,0.28068926773738884,-0.8058707579658089,-0.8572574253355764,1.3420104933676291,-0.09314122521452356,0.5303490995019515
Reef_21_060,2009,Storm_Only,0.78,34.661594519971025,2008,2012,3,33.276022187671835,4.151573592519805,29.12444859515203,29.12444859515203,0.8752382851199719,0.8752382851199719,5,66.41771101079541,1.518906321966745,2.860479214057592,26.66033682602707,1.42,0.0,0,0,0,0,0,6.04,0.0,1,0,0,1,0,6.04,0.0,1,0,0,1,0,6.04,0.0,1,0,0,1,0,reef 21 060,South,-21.01388888888889,0.12476171488002817,32.74977231470147,9.633506329193407,0.29415491004402794,1.8934895026203007,0.057816875318253975,2.492197035004154,0.0760981484407267,8.752330115802682,0.26724857906489125,3.02600024439848,0.092397596396116,1.3904009643084771,3.9931336814664267,0.2093694677101085,0.0524323712681766,0.8563034341605689,0.2144439686892983,0.1454646237408257,0.03642868868026619,0.8103303607589225,0.20293093730369155,0.3970932741094034,0.09944402211036824,13.54719716932461,True,True,True,0.28950294223455736,0.05690251953617834,0.07489468004764908,0.26302212645612616,0.09093635733659171,,5.834242545703056,,0.0,0.0686676223414423,0.0327435024305996,0.0777072519981939,,60.12451045173599,1.3871607600783014,,0.055262045321781,0.0,,0.0241648568941397,0.0603752381901148,,1.2505988239024417,9.633506329193407,,,,1.0301186231803916,,,,3.02600024439848,8.752330115802682,5.922130464502051,,2.492197035004154,1.8934895026203007,,,0.2539686119390369,,,,,,,0.6416947647614581,0.0602314091274038,,0.2219063511930546,0.3769558826616514,,0.6029442336962522,0.6740976313241019,0.6071376279158434,-1.184164280586553,1.4565209896376532,0.01834597602858237,-0.5777592859729849,-0.09314122521452356,-0.5858192859294471
Reef_21_060,2015,Storm_Only,1.32,41.000868,2014,2018,3,5.336805231850224,1.8641535501526096,3.4726516816976147,3.4726516816976147,0.6506985979126085,0.6506985979126085,6,91.72153735597124,7.0118729832930775,18.828876277781024,24.42222654933221,1.47,0.0,0,0,0,0,0,2.84,0.0,0,0,0,0,0,3.62,35.98650478904146,0,1,0,0,1,3.62,35.98650478904146,0,1,0,0,1,reef 21 060,South,-21.01388888888889,0.34930140208739147,5.164024557532879,0.5279783469250262,0.1022416413870171,1.316870442854708,0.25500855547515927,0.3343740638524131,0.06475067268312155,0.4605223471113048,0.0891789614825767,0.7806549450163262,0.15117181111727426,6.662283164577191,1.726743261920587,0.3634916308768302,0.21050705040686424,0.236038890196676,0.1366959960996978,0.1133704585705491,0.06565565424268789,0.0823008426847412,0.047662466389590125,0.460712552607963,0.2668101059190067,1.543785207455431,True,True,True,0.09893153750000741,0.2467525768029875,0.06265435018255078,0.08629176578580997,0.14627757827048896,,8.772504641671881,,0.0,0.0,5.789135946081454,1.2496801915507727,,75.57236445123436,0.1358152787351217,,0.0,0.0,,5.499011201047586,1.032428820252414,,0.1308431432771916,0.5279783469250262,,,,0.0466457982104726,,,,0.7806549450163262,0.4605223471113048,1.696978613562628,,0.3343740638524131,1.316870442854708,,,0.0582727509934803,,,,,,,0.1819288831105789,0.1857867943112912,,0.0573577780715804,0.1850027406429203,,0.5626670077710075,0.122479929247105,-1.4859857493326303,-1.0220698305671005,1.8702907600605234,-0.8572574253355764,-0.5777592859729849,0.10975978407022678,0.022999833396770367
Reef_21_060,2017,Heatwave_Only,4.38,0.0,2016,2018,1,3.199176694056121,1.8641535501526096,1.3350231439035114,1.3350231439035114,0.4173020972501783,0.4173020972501783,2,100.87366844572054,9.22093114830068,6.148340318772102,26.117563471872565,2.16,37.03968,0,1,0,0,1,3.63,37.03968,0,1,0,0,1,5.0,37.03968,0,1,0,0,1,5.78,73.02618478904145,0,2,0,0,1,reef 21 060,South,-21.01388888888889,0.5826979027498217,3.060767514706911,0.3330295229369072,0.10880588654208746,0.8144367596618934,0.26608906287346074,0.0833067305068709,0.027217594968119648,0.3068787247963419,0.1002620170665682,0.6544199594804292,0.2138091038721359,8.695642961077246,1.726743261920587,0.3634916308768302,0.21050705040686424,0.236038890196676,0.1366959960996978,0.1133704585705491,0.06565565424268789,0.0823008426847412,0.047662466389590125,0.460712552607963,0.2668101059190067,1.543785207455431,True,True,True,0.10409850870558544,0.2545769857523244,0.02604005294913839,0.09592428119600402,0.2045588668785636,,9.809787445587498,,2.164911751719892,0.0,6.51842786796977,0.5601265536376193,,82.02105919380926,0.0,,0.0,2.150672199681624,,6.085905219901897,0.459065541493725,,0.0,0.3330295229369072,,,,0.0484185404710103,,,,0.6544199594804292,0.3068787247963419,0.8202772768534585,,0.0833067305068709,0.8144367596618934,,,0.0617151837820461,,,,,,,0.122692853834948,0.0603342288373932,,0.0,0.0575054546983746,,0.2772005950931847,0.02852933617246,-1.6461305476426635,-0.10353461379020261,-0.8058707579658089,-0.8572574253355764,1.3420104933676291,-0.7018442530687745,0.22593953983884282
Reef_21_060,2020,Heatwave_Only,8.85,0.0,2018,2020,0,1.8641535501526096,4.45013182167719,-2.5859782715245805,0.0,-1.387213124859204,-1.0,3,99.01565163745536,1.6833525274201355,11.44176168510354,25.230901505188232,4.38,0.0,1,0,0,1,0,6.54,37.03968,1,1,0,1,1,7.0,37.03968,1,1,0,1,1,8.01,37.03968,1,1,0,1,1,reef 21 060,South,-21.01388888888889,2.387213124859204,1.726743261920587,0.3634916308768302,0.21050705040686424,0.236038890196676,0.1366959960996978,0.1133704585705491,0.06565565424268789,0.0823008426847412,0.047662466389590125,0.460712552607963,0.2668101059190067,1.543785207455431,4.279162831146929,0.8759343800631515,0.20469760432752165,0.997374711531554,0.23307706457719232,0.2082942230724127,0.048676395662322645,0.3032618126375406,0.07086942577416676,0.9744128272096166,0.22771108874780727,8.213269530337758,True,True,True,0.19499017709516087,0.12661987537311645,0.06081605163977398,0.044149175736088696,0.24714302776734598,,4.964872458317332,,0.0,0.026774563635504,0.9394814304982572,0.823654853421046,,92.393954231733,0.0675568328696907,,0.0242885587473707,0.0,,0.8016117305941224,0.6624493026388533,,0.0554356154750847,0.3634916308768302,,,,0.0475174564572885,,,,0.460712552607963,0.0823008426847412,0.4233114305265389,,0.1133704585705491,0.236038890196676,,,0.0599135190038217,,,,,,,0.0,0.1858665984689297,,0.084808385568371,0.0,,0.0576288632945974,0.0,-1.7461465271917946,1.2382472224819328,-0.8058707579658089,0.01834597602858237,1.3420104933676291,-0.4989432437840242,0.5303490995019515
Reef_21_060,2024,Heatwave_Only,8.99,0.0,2023,2024,0,12.581882012315896,14.520742210618176,-1.9388601983022795,0.0,-0.1540993784876068,-0.1540993784876068,4,88.11166316283874,3.005926337989573,25.554131148807603,49.012813508601056,4.260000000000001,0.0,0,0,0,0,0,13.11,0.0,1,0,0,1,0,17.49,0.0,2,0,0,1,0,18.33,0.0,2,0,0,1,0,reef 21 060,South,-21.01388888888889,1.1540993784876068,12.321104792892587,5.493949943733608,0.44589750968620817,1.16555532858264,0.0945982806067025,1.0395842385405716,0.08437427130237983,0.5868376399879854,0.04762865423614463,1.8235708269049145,0.14800384036639627,2.863587071652528,14.21375840634052,6.005441655315505,0.4225090566219683,1.1687150302877554,0.082224208184544,1.0685611929602563,0.07517794818319051,1.1657340703604169,0.08201448463063804,2.473400267643289,0.17401451445382288,0.4999865873197137,True,True,True,0.43665565599453265,0.09263759805104872,0.0826254957344986,0.04664148331811996,0.14493625239212182,,3.154674142098028,,0.0,0.0,2.690391306922087,0.5704153538008788,,82.25616506758473,0.0,,0.0,0.0,,2.416570669147955,0.4470164025045727,,0.0,5.493949943733608,,,,0.8832512066745951,,,,1.8235708269049145,0.5868376399879854,1.328355608468272,,1.0395842385405716,1.16555532858264,,,0.0597598628381896,,,,,,,0.0900280789034386,0.7541368206580079,,0.1847893795257398,0.0921463342783904,,0.0,0.0,-0.9432060571482739,1.2802717095240133,-0.8058707579658089,0.01834597602858237,-0.5777592859729849,-0.2960422344992739,0.9362285123860965
Reef_21_062,2009,Storm_Only,0.46,42.338412,2008,2010,1,33.341575600726586,29.270685665636947,4.070889935089639,4.070889935089639,0.1220965074908135,0.1220965074908135,10,59.11462414813561,0.9025373943453736,14.074873808153288,29.164183678057345,0.66,0.0,0,0,0,0,0,4.12,0.0,0,0,0,0,0,4.12,0.0,0,0,0,0,0,4.12,0.0,0,0,0,0,0,reef 21 062,South,-21.030833333333334,0.8779034925091865,33.239190610836275,4.944286588964592,0.1487487059132153,1.9543188689106383,0.058795621463583796,,,5.486475120932956,0.1650604307778877,13.934163948980292,0.41920888243402743,0.8674025427626748,29.15327081655307,1.9619370523600383,0.06729732196107686,2.021532708109057,0.06934154046829083,,,5.530832296598922,0.18971566968940393,11.15330656837788,0.38257479370188174,0.2073128109384341,True,True,True,0.14829192981680342,0.0586150724343108,,0.16455356479354244,0.4179215798270984,,1.1147377951965831,0.0254089630063985,,,0.0,0.0,,56.757940511587066,1.1247204610052206,,0.0142660376340405,,,0.0,0.0,,0.8531365051286343,4.944286588964592,,,,2.025982429019544,,,1.345113017619826,13.934163948980292,5.486475120932956,3.5488506364084302,,,1.9543188689106383,,,,,,0.0104499215856702,,,0.0,0.3407946758894509,0.092157477626344,,0.0410367513497102,0.0,,0.164926744508771,,0.6120486954500655,-1.280220250968451,1.9575933942746824,-0.8572574253355764,-0.5777592859729849,0.9213638212092281,-0.5858192859294471
Reef_21_062,2015,Storm_Only,0.79,41.000868,2014,2018,3,14.028390047360926,2.902311593130701,11.126078454230225,11.126078454230225,0.7931115699426468,0.7931115699426468,6,82.39630530818609,0.3713806784044697,20.93783442390025,29.705817812513256,0.66,0.0,0,0,0,0,0,2.42,0.0,0,0,0,0,0,2.8800000000000003,42.338412,0,1,0,0,1,2.8800000000000003,42.338412,0,1,0,0,1,reef 21 062,South,-21.030833333333334,0.20688843005735325,13.88878103901408,0.3156758567712027,0.022728838181295966,1.4642673515327231,0.10542806797943924,,,1.1087930209628696,0.07983371743338961,6.021390650248319,0.4335434933659058,0.3287857599434081,2.7852729248494823,0.0540536742975394,0.019406957865883284,0.632128158958773,0.22695375857751302,,,0.119809866939092,0.04301548543777504,0.9398911181535896,0.3374502763331108,0.1348320221689185,True,True,True,0.022502643261661293,0.10437885934089683,,0.07903922098113175,0.4292289157857488,,0.5806631933862089,0.0269619071240077,,,0.0,0.3332326013310664,,81.35610983758703,0.0917443223646363,,0.0125497450696428,,,0.0,0.2504385852865974,,0.0657974295871679,0.3156758567712027,,,,0.8016542164450531,,,0.8655345186890693,6.021390650248319,1.1087930209628696,3.311465424364843,,,1.4642673515327231,,,,,,0.0471540697806707,,,0.0109803316624113,0.0289429559407461,0.0296691073797379,,0.0457740868806016,0.0,,0.0753329720038996,,-0.834837959777541,-1.181162531512119,1.8702907600605234,-0.8572574253355764,-0.5777592859729849,0.10975978407022678,0.022999833396770367
Reef_21_062,2020,Heatwave_Only,6.5200000000000005,0.0,2018,2023,3,2.902311593130701,34.47268255757353,-31.570370964442827,0.0,-10.87766421743439,-1.0,5,93.59597088832932,0.1741030796337535,16.844047320571534,27.29913846543741,3.23,0.0,0,0,0,0,0,4.49,37.03968,0,1,0,0,1,4.65,37.03968,0,1,0,0,1,5.15,37.03968,0,1,0,0,1,reef 21 062,South,-21.030833333333334,11.87766421743439,2.7852729248494823,0.0540536742975394,0.019406957865883284,0.632128158958773,0.22695375857751302,,,0.119809866939092,0.04301548543777504,0.9398911181535896,0.3374502763331108,0.1348320221689185,,,,,,,,,,,,,True,False,False,0.018624352542116994,0.21780161732286685,,0.04128084221648098,0.32384225056267524,,1.7602366299125305,0.0903260741443233,,,0.0863720258361396,0.0218079138085531,,91.5861893738797,0.0,,0.0668341457960186,,,0.0567248254653632,0.0112730509075367,,0.0,0.0540536742975394,,,,0.2800087034249878,,,0.2831646654084642,0.9398911181535896,0.119809866939092,0.4762167376670366,,,0.632128158958773,,,,,,0.0,,,0.0,0.0,0.0112424023470658,,0.0,0.008460175221053,,0.0,,-1.6683708016776553,0.5388396881387394,-0.8058707579658089,-0.8572574253355764,1.3420104933676291,-0.09314122521452356,0.5303490995019515
Reef_21_062,2024,Heatwave_Only,8.21,0.0,2023,2026,2,34.47268255757353,24.96631868328868,9.506363874284848,9.506363874284848,0.2757651325337991,0.2757651325337991,4,,,,,2.64,0.0,0,0,0,0,0,9.16,0.0,1,0,0,1,0,12.39,0.0,1,0,0,1,0,12.86,0.0,1,0,0,1,0,reef 21 062,South,-21.030833333333334,0.7242348674662009,,,,,,,,,,,,,,,,,,,,,,,,,False,False,False,,,,,,,,,,,,,,,,,,,,,,,,,,,,,,,,,,,,,,,,,,,,,,,,,,,,,,,0.6967878782728466,1.0461352817181375,-0.8058707579658089,0.01834597602858237,-0.5777592859729849,-0.2960422344992739,0.9362285123860965
Reef_21_064,2009,Storm_Only,0.61,41.71559019364843,2008,2010,1,39.66166157978208,18.001235786409715,21.66042579337236,21.66042579337236,0.5461300644150011,0.5461300644150011,10,75.35455557948158,0.4430495474345878,2.9737788665255733,33.4621145731169,0.88,0.0,0,0,0,0,0,4.55,0.0,0,0,0,0,0,4.55,0.0,0,0,0,0,0,4.55,0.0,0,0,0,0,0,reef 21 064,South,-21.05777777777778,0.4538699355849989,39.35272762219501,9.63192008186954,0.24475863971464887,3.243625752435252,0.08242442007008026,2.5835900091515303,0.06565212032963073,4.601801902029899,0.11693730473296275,9.156610490796275,0.23268045302231935,0.4156589663075787,17.77679774675249,1.6054794469654667,0.09031319756443534,1.279529687388947,0.07197751280163463,0.5833219786645025,0.032813670210714144,1.9929788089197515,0.11211123832940238,5.189713611990119,0.29193748423774407,0.0535327621607447,True,True,True,0.24285215742901467,0.08178239698582679,0.06514074061053814,0.11602645271865546,0.23086805055751744,,6.303678065830274,,0.0,0.1546953321617911,0.0,0.3544806104965941,,75.50154019488279,0.9863250175476114,,0.0269348025313933,0.0,,0.0,0.0559583657345346,,0.3327657980416508,9.63192008186954,,,,4.980523196126143,,,,9.156610490796275,4.601801902029899,5.154656189786373,,2.5835900091515303,3.243625752435252,,,,,,0.2788502685633963,,,0.0899023199632714,,0.3419694601104496,,0.6271393141326606,0.0,,1.1694439804389238,0.4068401515118914,1.08553081665264,-1.2351940148519365,1.91694128537919,-0.8572574253355764,-0.5777592859729849,0.9213638212092281,-0.5858192859294471
Reef_21_064,2015,Storm_Only,1.13,41.000868,2014,2018,3,13.391778556280798,7.356867637191203,6.034910919089595,6.034910919089595,0.4506429742492417,0.4506429742492417,6,99.26819104765435,3.409324354302912,19.872966601094824,30.98225568621094,0.96,0.0,0,0,0,0,0,2.73,0.0,0,0,0,0,0,3.34,41.83166729439974,0,1,0,0,1,3.34,41.83166729439974,0,1,0,0,1,reef 21 064,South,-21.05777777777778,0.5493570257507583,13.182147820603252,0.9377504666111705,0.07113791161903815,1.829326508984849,0.13877302347692336,0.435983206325875,0.03307376098790578,0.8819388876680729,0.06690403564505872,3.591830107675986,0.27247684949049633,3.34328783248966,7.186180017227906,0.0,0.0,2.036297018246494,0.2833629290338878,0.1498515035575807,0.02085273444282383,0.502381223926003,0.06990935694925694,1.8689861293130483,0.2600806165212121,2.0558673263817067,True,True,True,0.0700243408797528,0.13660071373618163,0.03255603462180885,0.06585674068321866,0.2682115816492055,,5.339517796317248,,0.0,0.0,2.3373301188226634,2.0231790171981534,,96.92990170135322,0.539137307054696,,0.0,0.0,,2.0340687171397023,1.2295250363983892,,0.0796940789515686,0.9377504666111705,,,,2.872307851280305,,,,3.591830107675986,0.8819388876680729,2.633010792056993,,0.435983206325875,1.829326508984849,,,,,,0.2127634043282809,,,0.0281172720656243,,0.0893992929293561,,0.2730137309682584,0.0584419345501303,,0.7452667588338824,0.0277267131706959,-0.8825310070204837,-1.0791030629813525,1.8702907600605234,-0.8572574253355764,-0.5777592859729849,0.10975978407022678,0.022999833396770367
Reef_21_064,2020,Heatwave_Only,7.34,0.0,2018,2020,0,7.356867637191203,7.291170522568721,0.0656971146224822,0.0656971146224822,0.0089300389598371,0.0089300389598371,5,102.23941625890215,2.097015130700256,16.863074434831237,31.08134141797952,3.83,0.0,0,0,0,0,0,5.73,37.03968,0,1,0,0,1,5.88,37.03968,0,1,0,0,1,6.69,37.03968,0,1,0,0,1,reef 21 064,South,-21.05777777777778,0.9910699610401629,7.186180017227906,0.0,0.0,2.036297018246494,0.2833629290338878,0.1498515035575807,0.02085273444282383,0.502381223926003,0.06990935694925694,1.8689861293130483,0.2600806165212121,2.0558673263817067,7.122300479872609,0.1533612147437434,0.021532539265527652,2.6854752642708912,0.37705166636256887,0.0,0.0,0.3663696610497718,0.05143979281485254,1.412775577249383,0.19835944597421032,15.819676138714403,True,True,True,0.0,0.2767885897460481,0.02036892750387893,0.06828738108407893,0.25404645312153706,,5.464890403714,,0.0,0.1495476146556263,2.2328913428394834,1.930419534331194,,98.63770563416004,0.1660785505517995,,0.0266589055061088,0.0,,1.513281815234777,0.4891815595079941,,0.026745046132827,0.0,,,,1.2967366368416549,,,,1.8689861293130483,0.502381223926003,1.331927505343125,,0.1498515035575807,2.036297018246494,,,,,,0.089599290294597,,,0.1800361779687926,,0.0860907002457542,,0.0572787141120778,0.1484757405707296,,0.0901056931777257,0.0285854004891268,-1.3346486574303835,0.7849831122423524,-0.8058707579658089,-0.8572574253355764,1.3420104933676291,-0.09314122521452356,0.5303490995019515
Reef_21_064,2024,Heatwave_Only,8.82,0.0,2023,2026,2,22.255136543642912,24.58518877873856,-2.3300522350956463,0.0,-0.1046972787844438,-0.1046972787844438,4,,,,,2.83,0.0,0,0,0,0,0,10.17,0.0,1,0,0,1,0,14.0,0.0,1,0,0,1,0,14.77,0.0,1,0,0,1,0,reef 21 064,South,-21.05777777777778,1.1046972787844438,,,,,,,,,,,,,,,,,,,,,,,,,False,False,False,,,,,,,,,,,,,,,,,,,,,,,,,,,,,,,,,,,,,,,,,,,,,,,,,,,,,,,-0.218514480229314,1.22924197525863,-0.8058707579658089,0.01834597602858237,-0.5777592859729849,-0.2960422344992739,0.9362285123860965
Reef_21_139,2009,Storm_Only,0.32,42.338412,2008,2010,1,19.94113911127081,16.684200768543928,3.256938342726883,3.256938342726883,0.1633275975135266,0.1633275975135266,15,54.440095925774976,4.889400943321946,9.420611723122375,23.605917328894783,1.61,0.0,0,0,0,0,0,5.03,0.0,0,0,0,0,0,5.03,0.0,0,0,0,0,0,5.029999999999999,0.0,0,0,0,0,0,reef 21 139,South,-21.472475,0.8366724024864733,19.45408124881769,2.516549698489947,0.12935844496089421,7.203946385234838,0.37030514538807396,0.7945438405246635,0.040842013064634,2.3923404541319027,0.1229737052875368,3.5375257679034933,0.18183977555447314,4.7904542569293405,16.29453031687562,1.1594330523914036,0.07115473903476821,5.569773674821407,0.34181860823892585,0.6384305644181425,0.039180666886540726,2.54905960356938,0.1564365191262627,3.7555619401309888,0.2304799136334416,2.3076318874731516,True,True,True,0.12619889387700942,0.3612605250400735,0.039844456030878606,0.11997010004206542,0.17739837970961597,,1.3699962489262738,2.6764282463210627,,0.0,0.0,0.0,,46.18007971495194,2.717960683060815,,2.478756957126764,0.0,,0.0,0.0,0.0,2.311697299802576,2.516549698489947,,,,,,,0.7893795611630432,3.5375257679034933,2.3923404541319027,2.2197955413698027,,0.7945438405246635,7.203946385234838,,,0.0218770450802113,,,0.3475197869014336,,,,0.7505175205227241,0.1779532045816505,,,0.2817883149270503,,0.3127229424566442,1.0451673002739494,-0.39187231370938824,-1.3222447380105313,1.9575933942746824,-0.8572574253355764,-0.5777592859729849,1.9358688676329796,-0.5858192859294471
Reef_21_139,2015,Storm_Only,0.79,25.65883004104634,2014,2018,3,20.02533517935265,24.441226074885268,-4.41589089553262,0.0,-0.2205152051629914,-0.2205152051629914,6,62.72477564784009,2.89129211478029,18.93267015667153,27.35045979627656,0.18,0.0,0,0,0,0,0,2.35,0.0,0,0,0,0,0,3.17,42.338412,0,1,0,0,1,3.17,42.338412,0,1,0,0,1,reef 21 139,South,-21.472475,1.2205152051629915,19.702567092594197,2.8608969311019146,0.14520427300954447,6.486367111355813,0.3292143140978776,1.8605727012750544,0.09443300928915027,1.9613404614205847,0.09954745755733595,3.684935037822408,0.18702816848711568,2.7860314323591138,24.03969215383612,5.031265661947557,0.20928993723177503,7.671388134842402,0.31911340984531883,2.6225124194227547,0.1090909318905013,1.602082393042438,0.06664321584445858,4.447100675670282,0.18498991780810464,3.1378526132657814,True,True,True,0.1428638724635019,0.323908042150708,0.09291093929820557,0.09794295295705449,0.18401365094861447,,2.728631068551346,2.1199371126893003,,0.0,0.0,0.0,,53.961427486764336,0.8590131677673036,,2.0212569941076426,0.0,,0.0,0.0,0.0,0.7647744382514711,2.8608969311019146,,,,,,,0.9999820609758784,3.684935037822408,1.9613404614205847,1.8484727886425432,,1.8605727012750544,6.486367111355813,,,0.2819527671580617,,,0.4428662662848023,,,,0.4127804094157836,0.1155058846371471,,,0.0,,0.2440280703675047,0.8899445546563911,-0.385564593680829,-1.181162531512119,0.8689028969096498,-0.8572574253355764,-0.5777592859729849,0.10975978407022678,0.022999833396770367
Reef_21_139,2020,Heatwave_Only,5.57,0.0,2018,2020,0,24.441226074885268,25.034646588229016,-0.593420513343748,0.0,-0.0242794903793112,-0.0242794903793112,5,53.75155934591045,3.29716688425905,30.773077187983944,26.34483722935441,3.62,0.0,0,0,0,0,0,5.050000000000001,22.59502995356061,0,1,0,0,1,5.050000000000001,22.59502995356061,0,1,0,0,1,5.23,22.59502995356061,0,1,0,0,1,reef 21 139,South,-21.472475,1.0242794903793113,24.03969215383612,5.031265661947557,0.20928993723177503,7.671388134842402,0.31911340984531883,2.6225124194227547,0.1090909318905013,1.602082393042438,0.06664321584445858,4.447100675670282,0.18498991780810464,3.1378526132657814,24.662968632656735,4.1783227970195735,0.16941686377068865,8.225219899430424,0.3335048599356058,1.889959662368881,0.076631474925786,2.532851202128936,0.10269855344077017,4.274074595998458,0.17329927551134577,2.1020512259706705,True,True,True,0.2058516068928909,0.31387083902166363,0.10729872598811782,0.06554836439603444,0.18195080156964497,,1.602445285639884,3.183206925426907,,0.0,0.0,0.0913218069359229,,46.90384243937903,0.0,,3.052775011940393,0.0,,0.0,0.0850776013253881,0.0,0.0,5.031265661947557,,,,,,,0.9078377585166386,4.447100675670282,1.602082393042438,1.757505110394049,,2.6225124194227547,7.671388134842402,,,0.180505798977611,,,0.5530178611264627,,,,0.5744297880115116,0.3461081739038681,,,0.1138941521847067,,0.0501783158997927,0.8620355076166243,-0.054739127833544864,0.2536735260674801,-0.8058707579658089,-0.8572574253355764,1.3420104933676291,-0.09314122521452356,0.5303490995019515
Reef_21_139,2024,Heatwave_Only,8.6,0.0,2023,2025,1,30.815758551790584,19.733488160535856,11.082270391254728,11.082270391254728,0.3596299721984543,0.3596299721984543,4,48.07878374488406,3.642850224597952,22.03113033164883,31.02599416132689,1.99,0.0,0,0,0,0,0,7.56,0.0,1,0,0,1,0,11.18,0.0,1,0,0,1,0,11.82,0.0,1,0,0,1,0,reef 21 139,South,-21.472475,0.6403700278015457,30.425620945161082,5.383332370158383,0.17693418253850143,8.73711945375781,0.2871632256743595,3.128409069734417,0.10282153568444959,2.529588632145169,0.08314008238992003,5.910743828329914,0.19426863428632715,3.4653400011324313,19.29865251702294,3.829864487386237,0.1984524299822484,6.162222307956956,0.31930842334828236,1.1791324994947934,0.061099213971271056,1.0394447605638684,0.05386100193508307,3.4702801611662686,0.1798198168553585,4.589768349734927,True,True,True,0.17469413777729573,0.283527645086969,0.1015197813312513,0.08208750168826152,0.1918091296826592,,2.4868726402708754,3.127759569568009,,0.0,0.0966277515903155,0.3486903673315407,,40.451482091779,0.0,,3.032023839900976,0.0,,0.0907147508574805,0.3426014103739747,0.0,0.0,5.383332370158383,,,,,,,1.328421736567164,5.910743828329914,2.529588632145169,3.408005854468225,,3.128409069734417,8.73711945375781,,,0.0202066428907645,,,0.4753585098892614,,,,0.3766507302074315,0.2408443247662899,,,0.2454034113220197,,0.0531814613387778,1.796639152263101,0.42282196371522734,1.163203495621075,-0.8058707579658089,0.01834597602858237,-0.5777592859729849,-0.2960422344992739,0.9362285123860965
Reef_21_187,2009,Storm_Only,0.33,42.338412,2008,2010,1,32.43922308381791,14.24208192120473,18.19714116261318,18.19714116261318,0.5609610660401636,0.5609610660401636,15,59.431845099678974,5.803781738617748,23.20331188737716,24.81106202629276,1.59,0.0,0,0,0,0,0,3.4200000000000004,0.0,0,0,0,0,0,7.120000000000001,0.0,0,0,0,0,0,7.12,0.0,0,0,0,0,0,reef 21 187,South,-21.414166666666667,0.43903893395983634,32.24102484738172,8.9149091510767,0.2765082435585379,5.737655539142503,0.17796132617690208,4.098602182195137,0.12712381822837687,1.2067676769271565,0.037429569396121645,7.247145051010059,0.2247802321829294,5.692580310337502,14.118041068341801,1.7246922851935318,0.122162294106154,2.1813511123480733,0.15450805829142403,0.9271783097698972,0.06567329739881517,1.4651778463258658,0.10378053436969882,4.425412180920488,0.3134579478483033,0.22085425685943041,True,True,True,0.2748188243609275,0.1768740121894194,0.1263471129257623,0.03720088097699062,0.2234068624974329,,6.6426058965116885,3.3226216146772667,,0.0,0.0267898587275679,0.0274804650179615,,47.02025511970678,2.453027274992708,0.0,3.039139992150953,0.0,,0.0227658938728765,0.0214687638250818,,2.6092056604885907,8.9149091510767,,,,,,,2.630720060389983,7.247145051010059,1.2067676769271565,2.405225186640188,,4.098602182195137,5.737655539142503,,,0.2659539177650636,,,0.865454444656645,,,0.0,0.6221410980907447,0.265314146846686,,,0.0920869810779729,,,0.1566404311941536,0.5444471176876292,-1.319242988936097,1.9575933942746824,-0.8572574253355764,-0.5777592859729849,1.9358688676329796,-0.5858192859294471
Reef_21_187,2015,Storm_Only,0.29,22.23808902226356,2014,2018,3,16.25365233215195,23.97244048923216,-7.718788157080208,0.0,-0.4748956111120568,-0.4748956111120568,6,73.53972834230663,0.6552915853100906,25.4045126513844,29.946032750717244,0.0,0.0,0,0,0,0,0,1.54,0.0,0,0,0,0,0,2.39,42.338412,0,1,0,0,1,2.39,42.338412,0,1,0,0,1,reef 21 187,South,-21.414166666666667,1.4748956111120568,16.154577819582713,3.36953597929996,0.20858087515078116,2.170035458389449,0.13432944411329117,2.5936770669432905,0.1605536892334762,0.6540021805597845,0.040484015606213966,4.38961163065143,0.27172555542307686,0.6038199984397001,23.831908985374604,6.780497358004888,0.28451339597537106,3.5825968043812426,0.15032773105082958,3.723549370123908,0.15624217818257916,0.9777584443400476,0.041027281739792136,4.939483118814393,0.20726342660362218,0.8449188775565263,True,True,True,0.20730946561681748,0.13351063588931464,0.1595750305186879,0.04023724435560115,0.270069246034516,,6.13409675793023,0.332672535213022,,0.0,0.0,0.1309899888453721,,66.67551237287003,0.1973811319014544,0.0,0.2884400424439595,0.0,,0.0,0.1216398490704054,,0.1937401069253353,3.36953597929996,,,,,,,1.2444376863916906,4.38961163065143,0.6540021805597845,1.7332778173471084,,2.5936770669432905,2.170035458389449,,,0.299690182477594,,,0.813368369762962,,,0.0,0.2305874096611557,0.1275550315092685,,,0.0226350400226134,,,0.1575321390885815,-0.6681279007171734,-1.3312499852338344,0.6456282219051921,-0.8572574253355764,-0.5777592859729849,0.10975978407022678,0.022999833396770367
Reef_21_187,2024,Heatwave_Only,7.25,0.0,2023,2025,1,27.41001176046225,21.8893710077886,5.52064075267365,5.52064075267365,0.2014096455309418,0.2014096455309418,15,62.8922867924561,2.308393656091249,29.59676873652652,28.3741204563088,1.18,0.0,0,0,0,0,0,3.3,0.0,0,0,0,0,0,5.65,0.0,0,0,0,0,0,5.96,0.0,0,0,0,0,0,reef 21 187,South,-21.414166666666667,0.7985903544690581,27.31510739319706,8.6368257561636,0.31619226795771765,4.354124761780698,0.15940353808988172,3.875797091785043,0.14189206859023099,0.9490103008393016,0.034743055818102206,5.947876551393364,0.2177504362613162,2.2249951938875445,21.73834567908688,9.029594390698954,0.4153763365436666,2.5993278171166345,0.11957339603893075,2.1161902229342617,0.09734826440680432,0.909263193243704,0.04182761681439494,3.590809702846708,0.1651832092403059,1.8941196187263676,True,True,True,0.3150974845119127,0.1588516196137257,0.14140078178936472,0.034622761534462664,0.21699649760723258,,6.3930389579415685,0.3696057658470671,,0.2354056103083056,0.5903603629596768,1.07448419524595,,54.17935987631899,0.0,0.0,0.3241792311924925,0.2179127938651477,,0.5952473080681611,1.0876558607617433,,0.0,8.6368257561636,,,,,,,0.8556865121474491,5.947876551393364,0.9490103008393016,2.695786419087605,,3.875797091785043,4.354124761780698,,,0.0543139392713381,,,1.208811795851737,,,0.0918579761235552,0.6544230850427306,0.1939654426903829,,,0.0585257755415625,,,0.1208312449223046,0.16767350206755974,0.7579673705724437,-0.8058707579658089,-0.8572574253355764,-0.5777592859729849,1.9358688676329796,0.9362285123860965
Reef_21_245,2009,Storm_Only,2.16,37.21694212812426,2008,2010,1,32.448169561526136,14.43086424457159,18.01730531695455,18.01730531695455,0.5552641508110739,0.5552641508110739,4,72.17730596645818,5.607690736309185,9.28704522932398,40.31111598590546,2.65,0.0,0,0,0,0,0,11.51,0.0,1,0,0,1,0,12.85,0.0,1,0,0,1,0,12.85,0.0,1,0,0,1,0,reef 21 245,South,-21.301666666666662,0.44473584918892606,31.767853714118274,7.749574848488569,0.2439439226278136,5.283504260895243,0.16631605989003742,4.958764504149023,0.15609378426296544,3.4591225597143387,0.1088875122267714,6.200139821540747,0.19517024591388368,5.530551152008682,13.908800443122393,1.5899006822473472,0.11430897213235375,2.9939183202849406,0.2152535247398254,1.388877903649493,0.09985605224038308,2.0413041819058875,0.14676349626651441,3.521459857642083,0.25318213975694576,0.788738028805811,True,True,True,0.23882933777803161,0.16282903881148061,0.15282108578564138,0.10660455139558404,0.19107826128017605,,11.536392973753047,3.729738783603134,,0.0,0.0,0.2683885362582625,,54.3799993097128,3.030456826009772,,2.924417262297526,0.0,,0.0,0.2184485768158462,,2.38768531289531,7.749574848488569,,,,,,1.6551272990290289,,6.200139821540747,3.4591225597143387,2.4616204203013248,,4.958764504149023,5.283504260895243,,,1.491995530412699,,,0.1357487321195322,,0.0233460429159701,,1.3315121316900242,0.1371217648432962,,,,,0.3304887945262686,0.1375503975058807,0.5451173612977037,-0.7699229083146188,1.6233107008730425,0.01834597602858237,-0.5777592859729849,-0.2960422344992739,-0.5858192859294471
Reef_21_245,2014,Heatwave_Only,6.78,0.0,2012,2014,0,17.308668051943442,22.135437920296685,-4.826769868353242,0.0,-0.2788643154902543,-0.2788643154902543,9,88.09975039995486,1.0875837713434402,8.854434135775307,64.36043931413434,1.59,0.0,0,0,0,0,0,4.2,0.0,0,0,0,0,0,6.55,0.0,0,0,0,0,0,6.8500000000000005,0.0,0,0,0,0,0,reef 21 245,South,-21.301666666666662,1.2788643154902544,16.822073857556333,1.8234489510882144,0.10839620409044493,3.803742671093355,0.22611615567154023,2.412596203073722,0.14341847643178693,1.106917208894573,0.0658014712256988,4.618101569671181,0.27452629258293076,1.024398409978028,21.619415009736485,4.406566170246672,0.20382448684490942,3.044306942056981,0.14081356691131336,5.372368619599295,0.24849740925828953,1.6936457406200467,0.0783391104642424,4.708894224422465,0.21780858650901402,1.9981945917420934,True,True,True,0.10534888910088462,0.21975940954429854,0.1393865891837259,0.06395161115648565,0.2668086045565276,,14.283235703262276,0.6001990778744752,,0.0,0.0285438941932274,0.2907148482984861,,73.29790055196523,0.3708999902979891,,0.472100719865765,0.0,,0.0216707455950235,0.2378074153763782,,0.2928195291408611,1.8234489510882144,,,,,,1.1488386782970983,,4.618101569671181,1.106917208894573,1.9084285754381896,,2.412596203073722,3.803742671093355,,,0.3808450763342591,,,0.0,,0.0551794540645575,,0.2439549779631757,0.0,,,,,0.2341592007683527,0.0216273423804135,-0.5890892479892893,0.6168851640740313,-0.8058707579658089,-0.8572574253355764,-0.5777592859729849,0.7184628119244778,-0.07847001982426587
Reef_21_245,2018,Heatwave_Only,4.22,0.0,2016,2020,2,32.74871526968492,37.73387830981951,-4.985163040134587,0.0,-0.1522246903147767,-0.1522246903147767,4,71.34789523500893,1.3277351593351672,22.78870238838712,47.06514005854568,6.93,0.0,0,0,0,0,0,13.71,0.0,1,0,0,1,0,15.3,0.0,1,0,0,1,0,15.75,0.0,1,0,0,1,0,reef 21 245,South,-21.301666666666662,1.1522246903147768,32.19606037738753,11.411078476389546,0.3544246824808405,3.961590728174004,0.12304582243100692,7.054751215490221,0.219118461476269,2.4820424188858543,0.07709149472924592,5.138282026305902,0.15959350200233519,1.2818994901418277,37.24356550698727,16.4957019423221,0.44291414416880526,5.081216746708846,0.13643207027951068,5.864559752249473,0.15746504590569405,1.974502729690679,0.05301594256114502,4.38927855568942,0.1178533391188324,1.2732810443561924,True,True,True,0.3484435460267548,0.12096934782175102,0.21542070146552333,0.07579052791678366,0.15690026262075524,,7.520683676495539,0.884814088238231,,0.0,0.0,0.375581379921486,,62.81346586290179,0.3760152649909649,,0.6946324058459911,0.0,,0.0,0.2919904185588585,,0.2952766657369781,11.411078476389546,,,,,,0.8281982871394599,,5.138282026305902,2.4820424188858543,1.3201172250025464,,7.054751215490221,3.961590728174004,,,0.5686021739464469,,,0.0205475200762767,,0.2756266681372381,,0.5520415770418085,0.0220579802522042,,,,,0.0235285619811308,0.1622736821643151,0.5676333555245131,-0.15156259898115157,-0.8058707579658089,0.01834597602858237,-0.5777592859729849,-0.2960422344992739,0.3274093930598791
Reef_21_245,2019,Heatwave_Only,12.43,0.0,2016,2020,1,32.74871526968492,37.73387830981951,-4.985163040134587,0.0,-0.1522246903147767,-0.1522246903147767,1,71.34789523500893,1.3277351593351672,22.78870238838712,47.06514005854568,10.54,0.0,1,0,0,1,0,17.93,0.0,2,0,0,1,0,19.38,0.0,2,0,0,1,0,19.520000000000003,0.0,2,0,0,1,0,reef 21 245,South,-21.301666666666662,1.1522246903147768,32.19606037738753,11.411078476389546,0.3544246824808405,3.961590728174004,0.12304582243100692,7.054751215490221,0.219118461476269,2.4820424188858543,0.07709149472924592,5.138282026305902,0.15959350200233519,1.2818994901418277,37.24356550698727,16.4957019423221,0.44291414416880526,5.081216746708846,0.13643207027951068,5.864559752249473,0.15746504590569405,1.974502729690679,0.05301594256114502,4.38927855568942,0.1178533391188324,1.2732810443561924,True,True,True,0.3484435460267548,0.12096934782175102,0.21542070146552333,0.07579052791678366,0.15690026262075524,,7.520683676495539,0.884814088238231,,0.0,0.0,0.375581379921486,,62.81346586290179,0.3760152649909649,,0.6946324058459911,0.0,,0.0,0.2919904185588585,,0.2952766657369781,11.411078476389546,,,,,,0.8281982871394599,,5.138282026305902,2.4820424188858543,1.3201172250025464,,7.054751215490221,3.961590728174004,,,0.5686021739464469,,,0.0205475200762767,,0.2756266681372381,,0.5520415770418085,0.0220579802522042,,,,,0.0235285619811308,0.1622736821643151,0.5676333555245131,2.312873391129415,-0.8058707579658089,0.8939493773927413,-0.5777592859729849,-0.9047452623535249,0.4288792462809153
Reef_21_278,2009,Storm_Only,3.0700000000000003,28.0926337538258,2008,2012,3,25.694330887486107,24.01751094988899,1.6768199375971164,1.6768199375971164,0.0652603076118155,0.0652603076118155,5,57.71771433333529,5.770229436371919,15.28505704522082,35.837684232810815,1.71,0.0,0,0,0,0,0,15.06,0.0,1,0,0,1,0,15.06,0.0,1,0,0,1,0,15.06,0.0,1,0,0,1,0,reef 21 278,South,-21.10443611111112,0.9347396923881844,25.54614980551747,5.476795078778976,0.21438827848712042,6.610513877474217,0.2587675218300988,5.484044325856274,0.21467204911919166,0.8798269978590796,0.034440688892736944,4.700090067400155,0.18398428347057713,5.396905559089326,23.903647401209124,2.539390782942434,0.10623444783635753,7.534332215318047,0.31519592340275804,5.37261980227608,0.22476150656423735,0.6204582578192465,0.025956635295242083,4.566954004302024,0.19105678424921094,0.6468257168467468,True,True,True,0.21315188563428739,0.2572751906411282,0.2134340197404076,0.03424206692564939,0.18292323267656047,,7.914991032358786,1.896909929684716,,0.0,0.0265958440319941,0.2004481262777388,,44.33917568821335,3.2405065089570946,,1.914418800057982,0.0,,0.0309347375647058,0.2045974375153615,,3.246954583951277,5.476795078778976,,,,,,,0.4348511142988657,4.700090067400155,0.8798269978590796,1.960028343849903,,5.484044325856274,6.610513877474217,,,3.0470952942984755,,,,,0.5006560755464579,,3.351758102256208,0.0,,,0.0627974876482433,,0.2794006563532091,4.7415757286433005,0.039139772979774334,-0.4967637425410968,1.0277593347433565,0.01834597602858237,-0.5777592859729849,-0.09314122521452356,-0.5858192859294471
Reef_21_278,2017,Heatwave_Only,4.12,0.0,2016,2020,3,32.34834116472655,28.20428954715422,4.144051617572327,4.144051617572327,0.1281070827239545,0.1281070827239545,6,55.28620662782768,0.6949085248168295,26.75840283356304,35.65817911735156,0.95,0.0,0,0,0,0,0,3.88,0.0,0,0,0,0,0,4.96,32.248229119791425,0,1,0,0,1,8.030000000000001,32.248229119791425,0,1,0,0,1,reef 21 278,South,-21.10443611111112,0.8718929172760455,32.24380439070177,6.8379733107107725,0.21207092152818843,7.230085357365787,0.22423177084682802,7.836095261545228,0.2430263862971748,0.9425303461436048,0.02923136286037651,5.623454764791566,0.1744041955053299,0.607048082240119,28.106827931517138,6.398237099787474,0.22763995693064012,7.095101870352999,0.2524333904786538,5.017075836730848,0.1785002508627105,0.5612823641297582,0.019969609003809827,4.898190357835346,0.17427047868119044,1.7152251767770788,True,True,True,0.21138559395951567,0.2235071443245954,0.2422410231684432,0.029136898901368204,0.17384059158259169,,8.368298640329344,0.285989733383568,,0.0,0.0246147045820957,0.2282905442397726,,46.23630890638671,0.0583739559791722,,0.2933051704456794,0.0,,0.0291807125067158,0.2215930597156704,,0.0629691395720534,6.8379733107107725,,,,,,,1.5410743426953917,5.623454764791566,0.9425303461436048,2.2325910074494177,,7.836095261545228,7.230085357365787,,,1.604483383294942,,,,,0.4881403213991108,,2.4926618758139023,0.0249846852596354,,,0.0582092182845686,,0.3138349650866362,3.4487950164279835,0.5376385135051955,-0.18158008972549455,-0.8058707579658089,-0.8572574253355764,-0.5777592859729849,0.10975978407022678,0.22593953983884282
Reef_21_296,2009,Storm_Only,2.18,34.11008801109941,2008,2012,3,23.19662083610853,24.726171431233183,-1.529550595124654,0.0,-0.0659385091445609,-0.0659385091445609,15,78.64441043822674,7.973718728269772,15.569158067294005,45.01096826397316,0.8,0.0,0,0,0,0,0,3.61,0.0,0,0,0,0,0,3.61,0.0,0,0,0,0,0,3.61,0.0,0,0,0,0,0,reef 21 296,South,-21.34274444444444,1.0659385091445608,22.192311922078385,10.015236335380456,0.4512930590803671,3.1458146753516547,0.1417524540208895,1.5882152304943644,0.07156601061083241,0.338636206462071,0.015259167573486257,1.7785823015208944,0.0801440745680689,7.783774249228924,23.81064331234713,9.802053957520988,0.41166691000062494,3.5688202479249225,0.1498834030273467,2.462519571199404,0.10342095922802944,0.561365255889003,0.023576232213680014,2.348499277891415,0.09863233206612225,6.823124273709516,True,True,True,0.4317541078996493,0.13561521299062615,0.06846752558123047,0.014598514536002593,0.07667419811217942,0.0,11.80120090935333,5.510568923629446,,0.0,,0.3953541550836443,,53.50486810216526,2.0976806008811604,0.0,4.6973883478992695,0.0,0.0,0.0,0.1119354285379883,,2.9744504727916663,10.015236335380456,,,,,,4.147897225675055,,1.7785823015208944,0.338636206462071,1.1779299471938902,,1.5882152304943644,3.1458146753516547,,,,,,0.1339376101328494,,0.0374151927307772,,0.9971247992761942,0.426677739459234,,0.0418597479442251,,,0.3847069632098571,0.6149111504351052,-0.14798126575204124,-0.7639194101657502,1.4205236908491672,-0.8572574253355764,-0.5777592859729849,1.9358688676329796,-0.5858192859294471
Reef_21_302,2009,Storm_Only,1.94,36.54551541218163,2008,2012,3,29.75521663149589,16.66577869927228,13.08943793222361,13.08943793222361,0.439903970262762,0.439903970262762,15,53.38247001623628,2.5336367651863543,34.112709056806295,40.02415437722485,1.15,0.0,0,0,0,0,0,3.91,0.0,0,0,0,0,0,3.91,0.0,0,0,0,0,0,3.91,0.0,0,0,0,0,0,reef 21 302,South,-21.43091388888889,0.5600960297372379,29.514091527234175,11.34586622458086,0.3844220044554461,6.7029302144762255,0.2271094879641166,2.696836684326384,0.09137454499786563,0.248437572324657,0.008417591715313711,2.068567779689788,0.07008746238321495,2.3621764141639465,16.519148973067423,1.2067878793797664,0.07305387713055288,6.459496677473808,0.3910308386954604,1.547496793134314,0.09367896588724577,0.5335478028326672,0.03229874636414719,2.169003180732796,0.13130235608802285,1.9385676754235,True,True,True,0.3813067928590129,0.22526907793980486,0.0906340799909278,0.008349378712359495,0.06951949990174865,,20.793698828850804,1.6999623764967355,,,0.0,0.3401462799263142,,29.61545373665607,1.0013487740166656,,1.2884994553384117,,,0.0,0.2677795453399298,,0.805897413485605,11.34586622458086,,,,,,5.303737076907662,,2.068567779689788,0.248437572324657,1.1477159749286,,2.696836684326384,6.7029302144762255,,,0.3130887561085597,,,,,2.5875925095673,,2.8513115638744244,0.2887812847864633,,,,0.2503933988940124,0.2222801342657745,16.347740988719657,0.343369304414471,-0.8359613879521736,1.5794861081990421,-0.8572574253355764,-0.5777592859729849,1.9358688676329796,-0.5858192859294471
Reef_21_529,1994,Storm_Only,0.16,25.156116,1993,1995,1,37.24608866529691,29.30713854200678,7.93895012329013,7.93895012329013,0.2131485588898101,0.2131485588898101,2,39.39159195187914,19.64872505675273,,,1.54,22.481028,0,1,0,0,1,2.28,22.481028,0,1,0,0,1,2.28,22.481028,0,1,0,0,1,2.28,22.481028,0,1,0,0,1,reef 21 529,South,-21.86592777777778,0.7868514411101898,37.071654953721506,16.37367660023944,0.4416764404146391,3.5571181418340774,0.09595250458266875,3.082430867686397,0.08314791642116753,2.4848762093210435,0.0670290067282684,2.173132643724937,0.058619790415015804,19.61448274486788,29.21804152879537,10.98350236079837,0.375915078016908,3.203807323894388,0.1096516794507574,2.818171322941581,0.09645312195768417,5.018661660289521,0.17176584732222586,1.6887569695814952,0.05779843142180382,13.813006304777131,True,True,True,0.439607947760034,0.09550313252484767,0.08275851178323519,0.06671509139256986,0.058345257759902666,,7.849105085928184,20.21008077578404,,0.0,0.0,0.0,,11.28719234662016,0.0,,19.61448274486788,0.0,,0.0,0.0,0.0,0.0,16.37367660023944,,,,,,,,2.173132643724937,2.4848762093210435,2.129466551083007,,3.082430867686397,3.5571181418340774,,7.270953939832606,,,,0.1495608720260409,,0.0,,0.0,0.1483081770062343,,,0.0,,1.416197594527541,0.0,0.9045632489233087,-1.3702727232014802,0.836090323985103,-0.8572574253355764,1.3420104933676291,-0.7018442530687745,-2.1078670842449907
Reef_21_529,2009,Storm_Only,0.32,42.338412,2007,2011,2,46.34756518532734,1.175435583140599,45.17212960218674,45.17212960218674,0.9746386767365136,0.9746386767365136,15,53.1318132252211,10.797967678550954,13.616221128995022,30.591496241454102,2.67,0.0,0,0,0,0,0,5.59,0.0,0,0,0,0,0,8.71,0.0,0,0,0,0,0,8.71,0.0,0,0,0,0,0,reef 21 529,South,-21.86592777777778,0.02536132326348649,46.17623979596864,23.391631298068845,0.5065728911974123,4.959951226607476,0.10741349335769212,3.3374196740596425,0.07227569175849204,6.423086879778879,0.1390993919851317,3.1236785843589883,0.06764688069364404,10.766501069345349,1.0931531532224148,0.0789344409861348,0.0722080348517045,0.5479695561912606,0.5012742766884466,0.0,0.0,0.0536821602389507,0.04910762968638525,0.2563542914760963,0.23450903537204362,1.4439092900081563,True,True,True,0.504700326857173,0.1070164356374365,0.07200852214597454,0.13858520623673004,0.06739682164248574,,4.860319689967545,6.958336429310618,,0.0,0.0,0.02819157292609,,35.983597361122314,5.2102780015747845,,5.849741539483622,0.0,,0.0,0.0339904798786,0.0,4.882769049983127,23.391631298068845,,,,,,,,3.1236785843589883,6.423086879778879,4.846567576430546,,3.3374196740596425,4.959951226607476,,0.0939045566642615,,,,0.0311404466169219,,0.0,,0.1888453035666628,0.3129915154730619,,,0.0,,0.1538445200675614,0.0652589761313515,1.5864189108653404,-1.3222447380105313,1.9575933942746824,-0.8572574253355764,-0.5777592859729849,1.9358688676329796,-0.5858192859294471
Reef_21_529,2024,Heatwave_Only,7.19,0.0,2021,2025,1,28.24113109628327,22.709186259324632,5.531944836958637,5.531944836958637,0.1958825522284651,0.1958825522284651,15,60.05129222534704,0.5875407347226725,18.08568744383536,27.719881323606344,1.31,0.0,0,0,0,0,0,5.289999999999999,0.0,0,0,0,0,0,8.96,0.0,0,0,0,0,0,9.31,0.0,0,0,0,0,0,reef 21 529,South,-21.86592777777778,0.8041174477715349,28.133253409896827,17.53620879241837,0.6233267278731941,2.004550981056473,0.07125201454131516,4.28166199742124,0.1521922095193946,1.1372064870469445,0.040422146364589795,1.0818074585196786,0.03845298098865153,0.5198214192681203,22.58156000529227,11.125898437532252,0.4926983979372886,2.9487937068433223,0.13058414503480875,2.8793267903445594,0.12750787765193164,1.637435290490543,0.07251205364495586,1.9619763595427544,0.0868840044302936,0.8369421679262214,True,True,True,0.6209456955754247,0.07097984051071829,0.15161085378711114,0.04026773868121057,0.03830609527753837,,4.590515628369229,0.0,,0.2204937323167527,0.1925550730480822,0.1193797278782074,,54.8767769858479,0.0,,0.0,0.1941793242151848,,0.1950217440052563,0.098322128599701,0.0322982224479782,0.0,17.53620879241837,,,,,,,,1.0818074585196786,1.1372064870469445,1.930561885610784,,4.28166199742124,2.004550981056473,,0.1612558078233349,,,,0.0907294494877283,,2.2148901186094423,,0.2161356613673873,0.3365064349743712,,,0.0301874635231077,,0.060705913743343,2.521446971227199,0.22993850089844917,0.7399568761258379,-0.8058707579658089,-0.8572574253355764,-0.5777592859729849,1.9358688676329796,0.9362285123860965
Reef_21_550,2009,Storm_Only,0.17,42.338412,2008,2010,1,56.09503794242456,4.112239043224307,51.982798899200255,51.982798899200255,0.926691572123633,0.926691572123633,7,49.9753094831668,2.734619115707982,11.728265908709885,42.806412448153374,2.16,0.0,0,0,0,0,0,5.18,0.0,0,0,0,0,0,9.49,0.0,1,0,0,1,0,9.49,0.0,1,0,0,1,0,reef 21 550,South,-21.950930555555555,0.0733084278763671,55.84377767821612,18.347910678877085,0.32855783476185474,1.877645557832356,0.033623183027691184,2.14746904059157,0.03845493857821993,18.53981237394252,0.3319942372232214,8.116820398520318,0.1453486983866168,2.668235302632959,3.97942026057931,0.1141469412741415,0.028684314246699944,0.1165159082742456,0.02927961879987102,0.0206654806945023,0.005193088274495012,1.2962856603298607,0.3257473640497453,1.165424259234209,0.2928628249644964,0.046336936379974,True,True,True,0.327086162196899,0.03347257844373961,0.038282691649049475,0.3305071723629391,0.14469765412854071,,6.028821369132468,1.3174284441729407,,,0.027314653787493,0.1491629163104862,,40.67011606848418,1.507873542014329,,1.1687523593842275,,,0.0231462774827309,0.1386433602320692,,1.3376933055339313,18.347910678877085,,,,,,3.486935350462988,,8.116820398520318,18.53981237394252,3.3271842779892804,,2.14746904059157,1.877645557832356,,,0.0536804147091186,,,0.0223537454974343,,,,,0.0556178280725216,,0.0,0.0909453559508037,,0.0,0.0,2.3166706974216416,-1.3672709741270461,1.9575933942746824,-0.8572574253355764,-0.5777592859729849,0.3126607933549771,-0.5858192859294471
Reef_21_550,2020,Heatwave_Only,5.89,0.0,2018,2020,0,49.49423524429168,52.22588483539998,-2.731649591108301,0.0,-0.0551912677835213,-0.0551912677835213,11,56.57691847981416,0.8549070359304322,25.274124730551662,44.43197871436486,2.7,0.0,0,0,0,0,0,4.02,0.0,0,0,0,0,0,4.33,0.0,0,0,0,0,0,4.630000000000001,0.0,0,0,0,0,0,reef 21 550,South,-21.950930555555555,1.0551912677835213,49.296965605088644,32.74118215792727,0.6641622208598491,1.6102000039011528,0.03266326809646355,3.4498256593988588,0.06998048697428859,7.200647296736987,0.14606674484633403,2.0698864398366257,0.04198811051410765,0.800553846409243,52.071112264020904,35.9781926303582,0.6909434245985508,1.0076214164999775,0.019350871773027294,4.382946681087857,0.08417232685302752,7.048021625999904,0.1353537752422817,1.7072986744421583,0.03278782803381434,0.262707007202502,True,True,True,0.6615150632457425,0.032533081801417715,0.06970156508876936,0.14548456524676698,0.04182075810688179,,4.238704319595114,0.1068375230987574,,,0.0254985422395595,0.7543132812544902,,51.30700362306199,0.0,,0.0932488473319929,,,0.0240785809879864,0.6832264180892637,,0.0,32.74118215792727,,,,,,0.2787568937061841,,2.0698864398366257,7.200647296736987,1.9464671535815647,,3.4498256593988588,1.6102000039011528,,,0.2823074733483141,,,0.0523575199721542,,,,,0.0221584488997443,,0.0238962534739346,0.0214844454372038,,0.021114746920639,0.0,1.8221581111199743,0.34972949644937773,-0.8058707579658089,-0.8572574253355764,-0.5777592859729849,1.1242648304939784,0.5303490995019515
Reef_21_558,2009,Storm_Only,1.62,42.338412,2008,2012,3,14.896848690717924,12.312141230445985,2.5847074602719395,2.5847074602719395,0.1735069956025293,0.1735069956025293,15,40.161626741961385,3.9607364869371087,18.33143995321696,38.06365565205336,1.51,0.0,0,0,0,0,0,3.86,0.0,0,0,0,0,0,3.86,0.0,0,0,0,0,0,3.86,0.0,0,0,0,0,0,reef 21 558,South,-21.54305555555556,0.8264930043974706,14.609078614096525,2.3525523169658924,0.16103358597138895,4.4151392204693085,0.30221886931384384,3.340969341150293,0.22869131102672968,0.5070411534445852,0.03470726435514786,1.8070259611623267,0.12369198694151043,3.905333238632586,12.046244939840207,0.5976938215954037,0.04961660870921425,4.084276184445383,0.3390497374777406,1.906402925495693,0.15825702822883006,0.2835144269839695,0.023535502424187824,3.000883315739176,0.24911358939867137,2.4183196656704613,True,True,True,0.1579228174903692,0.29638075220703136,0.22427356352434574,0.03403680630525015,0.1213025653061957,,4.869452503297099,1.443469970665261,,0.0,0.0,0.1321611791381897,,31.362983108640464,2.031896390565048,,1.5529668358328363,,,0.0,0.1286634712212324,0.0,2.2237029315785173,2.3525523169658924,,,,,,0.8958841136021134,,1.8070259611623267,0.5070411534445852,1.2904665073020056,,3.340969341150293,4.4151392204693085,,,0.6654488724060109,,,1.097584111085831,,0.1074276223614871,,7.385359306524333,0.3880289876598918,,,,,0.355782369304209,15.952088547212606,-0.7697756106265832,-0.9320173583340714,1.9575933942746824,-0.8572574253355764,-0.5777592859729849,1.9358688676329796,-0.5858192859294471
Reef_21_558,2024,Heatwave_Only,7.54,0.0,2023,2025,1,13.646920388313005,10.314745477155215,3.3321749111577894,3.3321749111577894,0.244170466035063,0.244170466035063,15,40.07639950378364,3.842937647915993,22.37616602926988,53.64586710935903,1.9,0.0,0,0,0,0,0,5.88,0.0,0,0,0,0,0,7.66,0.0,0,0,0,0,0,7.66,0.0,0,0,0,0,0,reef 21 558,South,-21.54305555555556,0.755829533964937,13.388975045735858,2.205001499164517,0.1646878488930166,3.576828147822201,0.26714727121411397,3.6185143814678913,0.2702607458081955,0.5397194916794962,0.040310739980905924,1.6638981306435374,0.12427374948117917,3.782902671031578,10.091734768756702,1.3146636309104769,0.13027132212992584,2.8272717010140584,0.280157154919201,1.5881135906440798,0.15736774965199912,0.5385157674832063,0.053362061114647315,1.6174151366601428,0.16027126888704465,2.9997180791661355,True,True,True,0.16157502472520055,0.2620978247140166,0.2651524504068132,0.03954881220980105,0.12192480671818619,,8.870265152994792,3.223471289364299,,0.0,0.0,0.3287168102160091,,27.334615950681425,0.0,,3.444966068371839,,,0.0,0.3379366026597392,0.0,0.0,2.205001499164517,,,,,,0.6647420069679293,,1.6638981306435374,0.5397194916794962,1.120271387990286,,3.6185143814678913,3.576828147822201,,,0.4161223497710949,,,2.096007516999016,,2.816592040763716,,1.2745125092571996,1.1633179439542156,,,,,0.1723680582015406,21.55633311757205,-0.8634165367049749,0.8450180937310385,-0.8058707579658089,-0.8572574253355764,-0.5777592859729849,1.9358688676329796,0.9362285123860965
Reef_21_591,2009,Storm_Only,0.77,27.05059803661401,2008,2010,1,25.616135298005982,20.65897595277773,4.957159345228252,4.957159345228252,0.1935170660038686,0.1935170660038686,5,50.65206110120838,8.135321869242066,8.853981088347332,36.6491880245452,1.33,0.0,0,0,0,0,0,5.74,0.0,1,0,0,1,0,5.74,0.0,1,0,0,1,0,5.74,0.0,1,0,0,1,0,reef 21 591,South,-21.02861111111111,0.8064829339961314,25.346023838537704,11.660601291280932,0.46005643195014334,3.218819164357928,0.1269950342058714,1.330266698951882,0.05248423608476451,0.8654646708058871,0.03414597399257471,3.3752223366750087,0.133165752473692,7.5502805640020725,20.462461370733177,6.967321849910289,0.3404928529211756,2.3305342191493352,0.11389315180248188,1.042339219998021,0.05093909286440225,1.452212316900497,0.07096958135141802,4.114982441335861,0.20109909393507236,2.6606087234817988,True,True,True,0.45520532881432035,0.12565592455347815,0.051930811712078716,0.03378591894278669,0.1317615751716358,,3.286271718537101,4.128724012301778,,0.0,0.0,0.0317624457858738,,39.009103566505175,3.607012243112479,,4.017176799169282,0.0,,0.0,0.0336270183845388,0.0,3.499476746448252,11.660601291280932,,,,,,,0.845771812747699,3.3752223366750087,0.8654646708058871,4.049877863718369,,1.330266698951882,3.218819164357928,,,,,,,,0.6591015444706034,,2.600674028517468,1.3246387612567534,,1.650346578627433,0.0583776531714387,,2.299862421180188,5.937919815869543,0.033281591034397054,-1.1871660296609876,0.9597447774220048,0.01834597602858237,-0.5777592859729849,-0.09314122521452356,-0.5858192859294471
Reef_21_591,2015,Storm_Only,1.28,41.000868,2014,2018,3,24.95805055196487,12.11181439065283,12.84623616131204,12.84623616131204,0.5147131237099244,0.5147131237099244,6,43.93254878641791,2.195443961659884,27.22698067454215,25.363724511679607,1.77,0.0,0,0,0,0,0,3.09,0.0,0,0,0,0,0,3.86,29.42093283373691,0,1,0,0,1,3.86,29.42093283373691,0,1,0,0,1,reef 21 591,South,-21.02861111111111,0.4852868762900756,24.777337741904166,8.224834900005755,0.33194990461366924,3.145034190815009,0.12693188524027882,1.967486658671044,0.07940670136418944,1.5541683954198895,0.06272539897583242,4.719809742475413,0.1904889779378166,2.103051310608828,11.959413559455319,2.032930421180058,0.16998579496172603,2.603182106159017,0.21766803975943255,0.4899615778783641,0.04096869595173352,0.4916589996739443,0.041110627810443945,3.654022177110281,0.3055352303810372,4.207309419096714,True,True,True,0.32954636752902317,0.12601281435289866,0.07883174427323811,0.062271225558421454,0.18910971161983792,,6.773901564973614,1.761246961227602,,0.0,0.0309162818522017,0.1015534753529087,,34.45498688477379,0.3025180511881812,,1.6691458713497735,0.0,,0.0333059922944963,0.0981075459546452,0.0,0.3024919010099132,8.224834900005755,,,,,,,1.2750437873755345,4.719809742475413,1.5541683954198895,3.890960067141521,,1.967486658671044,3.145034190815009,,,,,,,,1.2783550186815391,,3.1812971665342924,2.459951618739679,,1.4067566880882645,1.3204969053699538,,1.2548238036992316,8.615374365078178,-0.016020168865579706,-1.0340768268648377,1.8702907600605234,-0.8572574253355764,-0.5777592859729849,0.10975978407022678,0.022999833396770367
Reef_21_591,2017,Heatwave_Only,4.29,0.0,2016,2018,1,12.357037206634502,12.11181439065283,0.2452228159816716,0.2452228159816716,0.0198447906145343,0.0198447906145343,2,76.88544447331427,0.99189046236129,11.827763672464652,42.50232569683522,2.42,37.03968,0,1,0,0,1,4.19,37.03968,0,1,0,0,1,5.51,37.03968,0,1,0,0,1,6.279999999999999,66.4606128337369,0,2,0,0,1,reef 21 591,South,-21.02861111111111,0.9801552093854657,12.196954776204564,2.000926397107866,0.16405130902112866,1.666664584860435,0.13664595921204734,0.6226872406040677,0.05105268093794104,1.3192446989937805,0.10816180950080573,3.166589640925757,0.2596213316379233,0.9115921919976508,11.959413559455319,2.032930421180058,0.16998579496172603,2.603182106159017,0.21766803975943255,0.4899615778783641,0.04096869595173352,0.4916589996739443,0.041110627810443945,3.654022177110281,0.3055352303810372,4.207309419096714,True,True,True,0.16192606396244943,0.13487574383652431,0.0503913057953525,0.10676059940043534,0.25625800003463717,,6.253715608555746,0.1339696861742152,,0.0594466721991249,0.4606428353472178,0.2672296894948035,,69.40965224703861,0.0,,0.1308563266086872,0.0620899037674762,,0.4464857739418617,0.2721601876796258,0.0,0.0,2.000926397107866,,,,,,,0.9408310567750908,3.166589640925757,1.3192446989937805,2.4800111569375667,,0.6226872406040677,1.666664584860435,,,,,,,,1.0690546630707607,,0.9245718438474382,1.0597016954607024,,0.6055486146848773,0.2886709613344224,,0.9726117970704702,1.9406785273889744,-0.9600507639905878,-0.13055035546011134,-0.8058707579658089,-0.8572574253355764,1.3420104933676291,-0.7018442530687745,0.22593953983884282
Reef_21_591,2020,Heatwave_Only,8.9,0.0,2018,2020,0,12.11181439065283,15.935603307575375,-3.8237889169225454,0.0,-0.3157073575923947,-0.3157073575923947,3,74.63948079943097,4.665304381996392,24.438926958665995,43.98984694113533,4.29,0.0,1,0,0,1,0,6.71,37.03968,1,1,0,1,1,7.33,37.03968,1,1,0,1,1,8.48,37.03968,1,1,0,1,1,reef 21 591,South,-21.02861111111111,1.3157073575923948,11.959413559455319,2.032930421180058,0.16998579496172603,2.603182106159017,0.21766803975943255,0.4899615778783641,0.04096869595173352,0.4916589996739443,0.041110627810443945,3.654022177110281,0.3055352303810372,4.207309419096714,15.78538922295666,3.2012136740246326,0.2027959924718938,2.8365347316120726,0.1796936832882718,1.3425269108143612,0.08504870496711775,1.0562525952677353,0.06691330700491245,4.056179846866451,0.2569578608152124,9.58911632377856,True,True,True,0.16784689358754964,0.2149291610815962,0.040453194052947755,0.04059334000803192,0.30169073429082893,,10.425144042278111,0.3438071447610925,,0.0,2.772032009402245,1.1913542828424954,,59.3147769412687,0.0,,0.3456805416111279,0.0,,2.662217351037137,1.1994115264484495,0.0,0.0,2.032930421180058,,,,,,,0.9115853703348108,3.654022177110281,0.4916589996739443,1.776072907118844,,0.4899615778783641,2.603182106159017,,,,,,,,0.9369435871350016,,1.046678105864887,0.8495393199744288,,0.9973767569311752,1.1397887167208705,,0.4923240317371296,3.417123699361625,-0.978422131004114,1.2532559678541044,-0.8058707579658089,0.01834597602858237,1.3420104933676291,-0.4989432437840242,0.5303490995019515
Reef_21_591,2022,Heatwave_Only,4.39,0.0,2020,2023,1,15.935603307575375,19.156760489557144,-3.221157181981768,0.0,-0.2021358790006094,-0.2021358790006094,2,68.60648236420968,9.384549341992315,28.313231832297035,30.3068895604156,8.9,0.0,1,0,0,1,0,13.19,0.0,2,0,0,1,0,15.61,37.03968,2,1,0,1,1,15.61,37.03968,2,1,0,1,1,reef 21 591,South,-21.02861111111111,1.2021358790006094,15.78538922295666,3.2012136740246326,0.2027959924718938,2.8365347316120726,0.1796936832882718,1.3425269108143612,0.08504870496711775,1.0562525952677353,0.06691330700491245,4.056179846866451,0.2569578608152124,9.58911632377856,18.952890043115698,5.413452841506008,0.2856267740271278,3.5680410072730027,0.1882584133161808,1.3595506549126009,0.07173315794160023,0.8220965734802306,0.04337578974024822,4.572266303659769,0.2412437519163767,1.8696080098729626,True,True,True,0.2008843726991408,0.1779998332578759,0.08424700872016301,0.06628256080933063,0.25453569397891873,,4.1889261773954525,0.5454624325133532,,3.115714258678998,6.003404974039989,0.5809815667302096,,53.227709010863386,0.0,,0.4829413643870897,2.8878447425700537,,5.699050837788816,0.5192793790326007,0.0,0.0,3.2012136740246326,,,,,,,1.2967171891475622,4.056179846866451,1.0562525952677353,1.995964275223844,,1.3425269108143612,2.8365347316120726,,,,,,,,0.887485382258716,,1.248629024514805,1.688165763856398,,1.1980507511162182,1.4672026245095724,,0.8244656004902244,2.775272214936149,-0.691955191564478,-0.10053286471576837,-0.8058707579658089,0.8939493773927413,-0.5777592859729849,-0.7018442530687745,0.733288805944024
Reef_21_591,2024,Heatwave_Only,8.13,0.0,2023,2024,0,19.156760489557144,19.970891213559504,-0.8141307240023608,0.0,-0.0424983506186322,-0.0424983506186322,2,51.79068749620637,1.984444333260572,30.60768526651933,45.25991862924439,5.529999999999999,0.0,1,0,0,1,0,14.43,0.0,2,0,0,1,0,18.72,0.0,3,0,0,1,0,19.86,0.0,3,0,0,1,0,reef 21 591,South,-21.02861111111111,1.0424983506186323,18.952890043115698,5.413452841506008,0.2856267740271278,3.5680410072730027,0.1882584133161808,1.3595506549126009,0.07173315794160023,0.8220965734802306,0.04337578974024822,4.572266303659769,0.2412437519163767,1.8696080098729626,19.77272258702073,6.839069284281426,0.3458840457697388,3.967009031717799,0.2006303893790446,0.9976764122836264,0.05045720981988207,0.8300131872612259,0.04197768838399956,3.88997945034858,0.19673463951302547,2.3444872648323236,True,True,True,0.28258707125649063,0.18625492599430035,0.07096975794282796,0.042914175072991965,0.23867638300078098,,2.2123541379297222,1.3238741056632444,,0.0641175516756643,0.3106181322707522,0.2344802275382301,,47.184894323069415,0.0,,1.274514264079169,0.0261373763303906,,0.3025786559780223,0.2361859453577835,0.0301917681275974,0.0,5.413452841506008,,,,,,,1.07860543558446,4.572266303659769,0.8220965734802306,2.138877226699625,,1.3595506549126009,3.5680410072730027,,,,,,,,3.5186757172903658,,4.474113668872941,2.553712737936749,,1.7747302457541625,2.0174375561274585,,0.3129179662971192,5.528382413529783,-0.45063563668722556,1.022121289122663,-0.8058707579658089,0.8939493773927413,-0.5777592859729849,-0.7018442530687745,0.9362285123860965
Reef_21_591,2025,Heatwave_Only,4.11,0.0,2024,2025,0,19.970891213559504,22.571152819435543,-2.600261605876039,0.0,-0.1302025822518404,-0.1302025822518404,1,46.73068172718145,2.4287621259163688,31.97703534107689,47.21164839458928,13.66,0.0,2,0,0,1,0,22.56,0.0,3,0,0,1,0,22.56,0.0,3,0,0,1,0,26.85,0.0,4,0,0,1,0,reef 21 591,South,-21.02861111111111,1.1302025822518404,19.77272258702073,6.839069284281426,0.3458840457697388,3.967009031717799,0.2006303893790446,0.9976764122836264,0.05045720981988207,0.8300131872612259,0.04197768838399956,3.88997945034858,0.19673463951302547,2.3444872648323236,22.368242753641194,8.726434891287376,0.39012608131082854,3.761193775137714,0.1681488267345208,1.0105293429357187,0.04517696602569375,0.7619399744928466,0.03406347038006885,4.561425928510462,0.203924196404205,1.7253369310109878,True,True,True,0.3424518821492527,0.19863955941156722,0.04995652931133292,0.04156114909372083,0.19478246657852838,,2.4800456001793645,1.6607026210638227,,0.0,0.2126053147048509,0.5718790144281095,,41.45065769784806,0.0,,1.5821099396858065,0.0,,0.2039786307971147,0.5583986943494024,0.0,0.0,6.839069284281426,,,,,,,1.034071640227073,3.88997945034858,0.8300131872612259,2.214903580901001,,0.9976764122836264,3.967009031717799,,,,,,,,3.226807390979737,,2.442836428933029,2.483929166110714,,2.3876048027381302,1.4339866193960509,,0.130949575488607,6.197190498058132,-0.38964337433284013,-0.1845818387999288,-0.8058707579658089,1.7695527787569,-0.5777592859729849,-0.9047452623535249,1.0376983656071328
Reef_22_084,2009,Storm_Only,0.16,42.338412,2008,2010,1,19.65948083869816,6.905947453273723,12.753533385424436,12.753533385424436,0.6487217790777109,0.6487217790777109,15,73.7097377319724,1.1206231030821745,19.55769266339002,61.381476394634696,1.96,0.0,0,0,0,0,0,5.04,0.0,0,0,0,0,0,5.04,0.0,0,0,0,0,0,5.04,0.0,0,0,0,0,0,reef 22 084,South,-22.000275,0.35127822092228916,19.529911992977212,8.797236551096935,0.45044936988248313,1.7556804175745495,0.08989699585978048,4.215237462994807,0.21583494408528672,1.194071817888694,0.06114066557586496,1.2912306102893023,0.06611553655508626,1.049047597715212,6.7863715285041195,1.166605430090937,0.1719041501325061,1.2102536997695843,0.1783359037574463,0.9318563825449538,0.1373129040505623,1.1443193906616052,0.16862020976235012,0.9088586424076044,0.13392409162837846,0.12354363621574241,True,True,True,0.4474806137189676,0.08930451582010392,0.21441245054129,0.06073770857357823,0.06567979189702788,,6.263819124981887,0.801875129711424,,0.0,0.1537732592958039,0.6655420201333209,,64.3164102723176,1.06096943366119,,0.3089261994113972,0.0,,0.0342472964794281,0.3030268867336451,,0.4028472150907417,8.797236551096935,,,,0.954898195428748,,,,1.2912306102893023,1.194071817888694,1.3215569377041765,,4.215237462994807,1.7556804175745495,,,,,,1.0697284841041588,,,,0.4328840765855242,0.5051490575069953,,,0.1562760801818819,0.5414280739325551,0.6520889658994713,2.643780064048009,-0.4129733172074265,-1.3702727232014802,1.9575933942746824,-0.8572574253355764,-0.5777592859729849,1.9358688676329796,-0.5858192859294471
Reef_22_084,2020,Heatwave_Only,6.48,0.0,2018,2022,2,46.06960748861063,12.136848920372463,33.932758568238164,33.932758568238164,0.7365541062321196,0.7365541062321196,11,51.49084566994922,0.3527958553181274,15.275645750894586,32.54460233694368,0.96,0.0,0,0,0,0,0,1.94,0.0,0,0,0,0,0,1.94,0.0,0,0,0,0,0,1.94,0.0,0,0,0,0,0,reef 22 084,South,-22.000275,0.2634458937678804,45.97950531266043,28.99997851684638,0.6307153223951988,2.238154849196537,0.04867722769040454,4.767136899998777,0.10367960393619434,4.66738547030846,0.10151012801399797,1.8277978943466744,0.03975244800738192,0.29836332969411405,,,,,,,,,,,,,True,False,False,0.6294817798049567,0.04858202557401548,0.10347682908254238,0.1013115961854534,0.03967470082740653,,2.96598762751764,0.4452246736931852,,0.0,0.0,0.9089282806692716,,46.67908962280384,0.1564010005941173,,0.0893248245181747,0.0,,0.0,0.1798863431618722,,0.0291521620140672,28.99997851684638,,,,2.248009390402124,,,,1.8277978943466744,4.66738547030846,1.2310422915614758,,4.767136899998777,2.238154849196537,,,,,,0.218323849422694,,,,0.356452124686797,0.0841728325078514,,,0.0194108009756013,0.3909068524047189,1.0325562197250542,0.5519092290242376,1.565595143549175,0.5268326918410021,-0.8058707579658089,-0.8572574253355764,-0.5777592859729849,1.1242648304939784,0.5303490995019515
Reef_22_084,2024,Heatwave_Only,8.45,0.0,2022,2025,1,12.136848920372463,10.558523495026016,1.5783254253464474,1.5783254253464474,0.1300440860475019,0.1300440860475019,4,,,,,0.95,0.0,0,0,0,0,0,7.430000000000001,0.0,1,0,0,1,0,8.389999999999999,0.0,1,0,0,1,0,8.75,0.0,1,0,0,1,0,reef 22 084,South,-22.000275,0.869955913952498,,,,,,,,,,,,,,,,,,,,,,,,,False,False,False,,,,,,,,,,,,,,,,,,,,,,,,,,,,,,,,,,,,,,,,,,,,,,,,,,,,,,,-0.9765466181908007,1.1181772595045603,-0.8058707579658089,0.01834597602858237,-0.5777592859729849,-0.2960422344992739,0.9362285123860965
Rib_Reef,1987,Heatwave_Only,5.47,0.0,1986,1988,1,7.572237737612351,8.387208989386966,-0.8149712517746153,0.0,-0.1076262103772231,-0.1076262103772231,10,,,,,0.0,0.0,0,0,0,0,0,0.0,0.0,0,0,0,0,0,0.0,0.0,0,0,0,0,0,0.0,0.0,0,0,0,0,0,rib reef,Central,-18.48361111111112,1.1076262103772232,,,,,,,,,,,,,,,,,,,,,,,,,False,False,False,,,,,,,,,,,,,,,,,,,,,,,,,,,,,,,,,,,,,,,,,,,,,,,,,,,,,,,-1.3185137674417104,0.22365603532313685,-0.8058707579658089,-0.8572574253355764,-0.5777592859729849,0.9213638212092281,-2.8181560567922443
Rib_Reef,1998,Heatwave_Only,4.21,0.0,1997,2001,3,47.39610415870197,7.308470910137463,40.0876332485645,40.0876332485645,0.8458001761987515,0.8458001761987515,11,38.04005534187224,0.9248421209715896,,24.08195420041968,3.4600000000000004,0.0,0,0,0,0,0,5.69,0.0,0,0,0,0,0,5.99,0.0,0,0,0,0,0,7.050000000000001,0.0,0,0,0,0,0,rib reef,Central,-18.48361111111112,0.15419982380124847,47.229430703598005,37.41465033197149,0.7921893144716899,0.5879216357518124,0.012448205006778193,2.6848852578967755,0.05684771588178888,0.8336210385447694,0.01765045705878608,1.7536128795711865,0.03712966371702621,0.870160488123779,7.197723974913608,4.940141308172195,0.6863477017721411,0.2325709665928596,0.03231173734967394,0.6137859721039446,0.08527500835586177,0.2676057228384364,0.037179214397652476,0.398054242341628,0.05530279345651146,14.4149884131473,True,True,True,0.7894034962597685,0.012404429566261503,0.05664780482603923,0.01758838734410444,0.03699909329465894,,3.81077479749222,0.2971350509180826,,0.0,0.0,0.4334603832494612,,32.266397951153024,0.2171423660687666,,0.2671403855759659,0.0,,0.0,0.4054565999473767,0.0,0.1975635026004364,37.41465033197149,,,,,,,,1.7536128795711865,0.8336210385447694,0.8065798939661726,,2.6848852578967755,0.5879216357518124,,3.1481596658958027,,,,,,,0.2916136865541312,0.529533471843947,0.354033973237515,,0.3128800178808335,0.7406882624326183,,0.5149690841488428,0.2753909101345058,1.6649723449360558,-0.15456434805558583,-0.8058707579658089,-0.8572574253355764,-0.5777592859729849,1.1242648304939784,-1.7019876713608457
Rib_Reef,2000,Storm_Only,0.0,25.534092598201067,1999,2003,3,45.67747675374008,3.3462309512581743,42.33124580248191,42.33124580248191,0.9267422110617312,0.9267422110617312,2,48.957980675299325,1.4902376890302114,,28.618159748219973,5.0600000000000005,0.0,1,0,0,1,0,8.36,0.0,1,0,0,1,0,10.59,0.0,1,0,0,1,0,10.740000000000002,0.0,1,0,0,1,0,rib reef,Central,-18.48361111111112,0.07325778893826888,45.435897353349475,36.31224472152364,0.799197261124342,0.7788576712560391,0.017141901373686038,1.7928551418259386,0.03945900150013812,1.2094530101604444,0.026618886840831482,2.261340638288629,0.049769912558399736,1.455241723526087,3.2215834345172665,1.214822467142036,0.3770886248439098,0.4748079021717046,0.1473833944775208,0.2616687102109473,0.08122363289037605,0.1544307078800725,0.04793627451191961,0.1522063858463095,0.04724583079721374,10.741558738691571,True,True,True,0.7949704603275921,0.01705124115009847,0.039250310420860524,0.026478104661536807,0.049506689051151895,,6.268636558252,0.1068342375015094,,0.0,0.0,0.0,,39.893396201116914,1.491330203960643,,0.1016425565542947,0.0,,0.0,0.0,0.0,1.3535991669717924,36.31224472152364,,,,,,,,2.261340638288629,1.2094530101604444,0.5547204908985008,,1.7928551418259386,0.7788576712560391,,2.526425679396284,,,,,,,0.2230697789782013,0.4822954590331928,0.2670968611967921,,0.7455218916688203,0.7758764425897975,,0.2037230850072163,0.1946657943812202,1.5362178703996445,-1.4183007083924293,0.8607611779489798,0.01834597602858237,-0.5777592859729849,-0.7018442530687745,-1.4990479649187731
Rib_Reef,2011,Storm_Only,0.96,24.990323444774635,2010,2011,0,24.195081568093173,8.877135485992458,15.317946082100717,15.317946082100717,0.6331016508041444,0.6331016508041444,11,70.41104462038469,0.9832499218141728,17.15201513662435,57.64706485443885,2.63,0.0,0,0,0,0,0,3.43,0.0,0,0,0,0,0,6.64,0.0,0,0,0,0,0,6.64,0.0,0,0,0,0,0,rib reef,Central,-18.48361111111112,0.36689834919585557,24.04085418624864,13.54283786526117,0.563325985022931,1.7782090784444122,0.07396613550701318,3.558535505920484,0.14802034396747704,1.7595680186994689,0.07319074459949684,1.591233638154383,0.06618873130824811,0.9378442784191,8.780377227220077,1.656236374842552,0.18862929598378164,1.2484224300238411,0.14218323401340918,0.6578957839795502,0.07492796345241355,1.4062174716034432,0.16015456229420574,2.541917066661454,0.2894997562042378,0.9572583919103512,True,True,True,0.5597351605179353,0.07349465111080235,0.1470768137691769,0.07272420279912871,0.06576682263608459,,5.85857856811578,0.759067385600443,,0.0,0.0,0.249399398559752,,62.47325359537894,0.0287480557987652,,0.6794049097240997,0.0,,0.0,0.2270526636908626,0.0,0.0313867050041377,13.54283786526117,,,,,,,,1.591233638154383,1.7595680186994689,1.557274322034188,,3.558535505920484,1.7782090784444122,,0.2531957577345357,,,,,,,0.1718559749881101,1.814981527140868,0.4317362789111889,,0.5922825808060252,0.774289209441982,,0.6106679561455697,0.9224196063740648,-0.07317954519250303,-1.1301327972467357,0.8252689029295931,-0.8572574253355764,-0.5777592859729849,1.1242648304939784,-0.38287957948737456
Rib_Reef,2017,Heatwave_Only,7.44,0.0,2016,2019,2,39.36676804153284,2.8672680891623696,36.49949995237047,36.49949995237047,0.92716526573537,0.92716526573537,6,52.8328459742166,2.2944104321280285,36.77282364495459,43.080594771833184,5.550000000000001,0.0,0,0,0,0,0,8.98,0.0,0,0,0,0,0,11.58,27.42131938959204,0,1,0,0,1,12.57,27.42131938959204,0,1,0,0,1,rib reef,Central,-18.48361111111112,0.0728347342646299,39.248696040640304,21.801019345455707,0.5554584367053037,2.237404305589377,0.05700582519410691,7.74774840295624,0.1974014218187984,2.114173670172076,0.05386608686268053,3.876240890724207,0.09876101072786035,2.1911652209710835,2.764700459739026,0.1887255020358778,0.06826254951818272,0.5786359050827101,0.20929424851230738,0.3766837565753374,0.13624758344015847,0.1902092874233157,0.06879923890245619,0.8945444387542065,0.32355926140318547,3.4220700246621525,True,True,True,0.5537924607490036,0.05683484870357821,0.19680935947757222,0.05370452732979183,0.09846479870114519,,5.855601667322734,0.5087109947027744,,0.2367567979625678,0.3149260198294772,1.346120239607861,,43.08625430234243,0.0683471137151251,,0.443250083981494,0.2252821306342987,,0.2863406829019111,1.173449381375539,0.0,0.0628429420778405,21.801019345455707,,,,,,,,3.876240890724207,2.114173670172076,1.2879510480882448,,7.74774840295624,2.237404305589377,,0.1841583776544539,,,,,,,0.1347378827240476,1.981926907045656,0.1214255462825398,,0.2592738107333059,0.320623783975561,,0.5718579913470301,0.3121168246880706,1.0634382662535005,0.8150006029866956,-0.8058707579658089,-0.8572574253355764,-0.5777592859729849,0.10975978407022678,0.22593953983884282
Rib_Reef,2020,Concurrent,5.11,29.40382876492337,2019,2020,0,2.8672680891623696,5.618959897242284,-2.751691808079914,0.0,-0.9596911493838656,-0.9596911493838656,3,88.70720596932317,3.5148727863883247,11.455396060191148,30.239910469065894,7.44,0.0,1,0,0,1,0,12.990000000000002,0.0,1,0,0,1,0,15.16,0.0,1,0,0,1,0,16.42,0.0,1,0,0,1,0,rib reef,Central,-18.48361111111112,1.9596911493838656,2.764700459739026,0.1887255020358778,0.06826254951818272,0.5786359050827101,0.20929424851230738,0.3766837565753374,0.13624758344015847,0.1902092874233157,0.06879923890245619,0.8945444387542065,0.32355926140318547,3.4220700246621525,5.488061998647121,0.3920644539370825,0.0714395088892457,1.279104620724009,0.23307036637693326,0.743113849949766,0.1354055129357054,0.2263978722253616,0.04125279056271078,1.5575387822351658,0.2838048809614614,6.604461725816595,True,True,True,0.06582066837391937,0.20180739543324325,0.13137374841198754,0.06633815935882108,0.31198493162721125,,7.197427193802838,1.4816266115123746,,0.0306265529440734,0.2750311340938625,1.9364687290065803,,76.72633533585258,0.0632553480360633,,1.3342715036555437,0.0315920928453614,,0.2605653587156304,1.7294038325772625,0.0,0.0662372368683545,0.1887255020358778,,,,,,,,0.8945444387542065,0.1902092874233157,0.5359015698675784,,0.3766837565753374,0.5786359050827101,,0.0,,,,,,,0.4477999942816203,0.5267200832180271,0.4095874738391366,,0.7086748868078446,1.123575553118136,,0.0639472966023796,0.2621912175610613,-1.6709961571946979,0.11559306864350195,1.1133421480469048,0.01834597602858237,-0.5777592859729849,-0.4989432437840242,0.5303490995019515
Rib_Reef,2022,Heatwave_Only,5.2,0.0,2021,2022,0,7.895828526744831,10.453273066428302,-2.5574445396834715,0.0,-0.3238981863677598,-0.3238981863677598,2,82.83625375165047,3.473243909269144,18.390815431887177,42.45726990878466,5.11,30.90949776509983,1,1,1,1,1,12.55,30.90949776509983,2,1,1,1,1,18.1,30.90949776509983,2,1,1,1,1,18.1,30.90949776509983,2,1,1,1,1,rib reef,Central,-18.48361111111112,1.32389818636776,7.792948785482416,1.2585789367581126,0.1615022722980979,2.0123126146344164,0.2582222301246454,1.097084390859174,0.14077910955900885,0.2613443088002902,0.03353599721932625,1.9726959064426013,0.25313856933303114,3.411222355233232,10.333587672156842,1.4707951977283746,0.14233151586755619,2.0935506196261136,0.2025966862667692,1.340588143545375,0.1297311433431295,1.202665895488697,0.11638415753022541,3.021892785836686,0.29243403953294683,2.1237994191408487,True,True,True,0.1593979570978576,0.25485768945187837,0.138944809546347,0.033099035511607436,0.2498402668903796,,8.579876344986722,1.526359015201895,,0.0,0.6931114443948854,1.5634259618399264,,69.35204031250389,0.0,,1.3698892577544255,0.0,,0.6353243725458319,1.406008724932975,0.0,0.0,1.2585789367581126,,,,,,,,1.9726959064426013,0.2613443088002902,1.1909326279878214,,1.097084390859174,2.0123126146344164,,0.0,,,,,,,0.7624486342532605,1.0609588042680749,0.4190614152890598,,0.5013186768912943,0.750133950615324,,0.0,0.4191883126470407,-1.2942713040088063,0.1426088103134107,-0.8058707579658089,0.8939493773927413,1.3420104933676291,-0.7018442530687745,0.733288805944024
Rib_Reef,2024,Concurrent,6.7,20.33621338401001,2023,2024,0,18.448450547833588,25.193787896433133,-6.745337348599545,0.0,-0.3656316464686328,-0.3656316464686328,2,74.31920405157611,5.804947550091398,18.77861682334165,46.58617892276506,6.86,0.0,1,0,0,1,0,11.97,30.90949776509983,2,1,1,1,1,19.41,30.90949776509983,3,1,1,1,1,21.910000000000004,30.90949776509983,3,1,1,1,1,rib reef,Central,-18.48361111111112,1.3656316464686327,18.310483620214754,4.666117505341797,0.2548331110266475,2.7992217962257384,0.15287536114750136,2.2632789536449294,0.12360563492415197,1.3323311153449704,0.0727632946774862,4.818181113973659,0.2631378402618701,5.71358948690086,25.081298040493838,9.544101557008808,0.3805266195393805,2.786770139192693,0.1111094862272855,2.6970787585598384,0.10753345995910563,1.930494347161004,0.07696947518602165,5.634072660308932,0.22463241939124134,4.673932285144236,True,True,True,0.25292733897859737,0.15173208118307002,0.12268124890904226,0.07221913362807733,0.26116996121061564,,7.269694564480514,1.5815184802268316,,0.3076821439097217,1.6469105134730249,2.826038007809334,,59.32970065658303,0.0,,1.385805270097514,0.2856548903804183,,1.5093004447064198,2.532828881716508,0.0,0.0,4.666117505341797,,,,,,,,4.818181113973659,1.3323311153449704,2.380287230629727,,2.2632789536449294,2.7992217962257384,,0.0510659050539349,,,,,,,0.4962472372347354,1.858612242009625,0.6102846997017672,,0.5760262212025344,1.315540939964732,,0.0602712871605111,0.481045363639108,-0.5037001194786861,0.5928711714785568,0.5214911818023845,0.8939493773927413,1.3420104933676291,-0.7018442530687745,0.9362285123860965
Rib_Reef,2025,Heatwave_Only,6.32,0.0,2024,2025,0,25.193787896433133,30.90179824253625,-5.708010346103116,0.0,-0.2265641978716205,-0.2265641978716205,1,67.63160553951899,4.768971382239784,20.3456739428064,52.6813463696467,13.56,18.147827697063004,2,1,1,1,1,18.67,49.05732546216284,3,2,2,1,1,18.67,49.05732546216284,3,2,2,1,1,26.11,49.05732546216284,4,2,2,1,1,rib reef,Central,-18.48361111111112,1.2265641978716206,25.081298040493838,9.544101557008808,0.3805266195393805,2.786770139192693,0.1111094862272855,2.6970787585598384,0.10753345995910563,1.930494347161004,0.07696947518602165,5.634072660308932,0.22463241939124134,4.673932285144236,30.723460575559603,10.57944985174448,0.34434434316817786,3.914199944559404,0.12740101118925176,2.547998820326696,0.08293332758073547,3.314985927566134,0.10789754361861154,6.931872601975425,0.22562147857424966,7.1469077515429085,True,True,True,0.37882757433073555,0.11061338416631016,0.10705332479764519,0.07662580772279655,0.22362943926770887,,5.721659581695457,2.082978756144405,,0.0,1.839870206412784,1.2589988051327594,,55.33661119503083,0.0,,1.8719968437811687,0.0,,1.6705784347402497,1.1313570066228171,0.0,0.0,9.544101557008808,,,,,,,,5.634072660308932,1.930494347161004,2.343017752720146,,2.6970787585598384,2.786770139192693,,0.1457628255424176,,,,,,,0.6254492974950843,0.9693252708404948,0.6215580874575284,,0.7145684869647095,0.9196587981037492,,0.0638940727479971,0.3445879722519326,0.0016405747185092472,0.47880470665005315,-0.8058707579658089,1.7695527787569,3.2617802727082434,-0.9047452623535249,1.0376983656071328
Roxburgh_Reef,2011,Storm_Only,1.5,24.203893128179825,2010,2012,1,12.947289306438028,5.849375220633635,7.097914085804393,7.097914085804393,0.5482162264092578,0.5482162264092578,11,72.03493223016353,1.2990225014879464,6.582216652164119,89.07372736664907,1.8,0.0,0,0,0,0,0,2.74,0.0,0,0,0,0,0,5.83,0.0,0,0,0,0,0,5.829999999999999,0.0,0,0,0,0,0,roxburgh reef,Central,-18.436072222222226,0.4517837735907421,12.73823099956966,2.275678448873944,0.17864948821785567,3.188368035254697,0.2502991220179953,1.41535105106824,0.11111048709322789,1.411400954408054,0.11080038935200152,2.446437947452992,0.19205476392566917,1.2457507280300706,5.711141308136286,0.2388919891020157,0.04182911544522319,1.7050324595334934,0.29854496107537143,0.5898508666176291,0.10328073405876116,0.7236698940166333,0.12671195737805832,1.310445365655175,0.22945420099976693,2.7492758532126076,True,True,True,0.17576485664395905,0.2462575725151429,0.10931639956206571,0.10901130893137886,0.18895367899414303,,14.281687011411387,0.5336279975275178,,0.0,0.0,0.5756767921767235,,56.06382768655686,0.3340783113230988,,0.4695331475767863,0.0,,0.0,0.4899840907103044,,0.2862334897429799,2.275678448873944,,,,,,,0.7261939080461244,2.446437947452992,1.411400954408054,1.274800654465609,,1.41535105106824,3.188368035254697,,,,,,,,,0.3721304961940976,1.231368109295239,0.3034461868406499,,0.2175449448963562,1.097414528291164,,2.242534286617396,2.605946555365745,-0.9158308250237109,-0.9680383472272831,0.7739379274517009,-0.8572574253355764,-0.5777592859729849,1.1242648304939784,-0.38287957948737456
Roxburgh_Reef,2016,Heatwave_Only,5.0,0.0,2014,2018,2,6.77973024699412,10.312285713552315,-3.532555466558195,0.0,-0.5210466106854913,-0.5210466106854913,5,85.09415955313945,2.274299629270582,15.673548567869698,77.26425150029826,4.92,0.0,0,0,0,0,0,7.5,26.718092169433834,0,1,0,0,1,9.3,26.718092169433834,0,1,0,0,1,9.3,26.718092169433834,0,1,0,0,1,roxburgh reef,Central,-18.436072222222226,1.5210466106854914,6.622164588558429,0.9502126922738168,0.1434897426010167,1.370290173830701,0.20692481370792956,0.7509672108051744,0.11340207582618413,1.0740339207458691,0.16218774184524976,1.3042585126006538,0.19695350291566466,2.19547161530328,10.123891799352334,3.555525430590473,0.35120144516142837,2.6522652092761803,0.2619807937344665,0.6274693642400778,0.06197906661549065,0.5029435058907843,0.049678870128082524,1.6995307928048775,0.16787326716723733,2.066632773155537,True,True,True,0.1401549409277907,0.20211573674900069,0.1107665325088893,0.15841838563150146,0.1923761661725278,,23.863280624036268,0.1273494846086314,,0.0,0.1984705712348105,1.7144885006220048,,58.40556067777962,0.5018767161261116,,0.1128428963187768,0.0,,0.1640381839583184,1.481325576030931,,0.4372649589952539,0.9502126922738168,,,,,,,0.4292583631020212,1.3042585126006538,1.0740339207458691,0.7431437152001934,,0.7509672108051744,1.370290173830701,,,,,,,,,0.2159570228901073,0.176160617385012,0.0834836413514781,,0.0190422714337486,1.1378737305792617,,0.8993116249169191,0.4753943091378684,-1.3778860811998417,0.08257382882472449,-0.8058707579658089,-0.8572574253355764,1.3420104933676291,-0.09314122521452356,0.12446968661780661
Roxburgh_Reef,2017,Heatwave_Only,7.54,0.0,2016,2018,1,18.49258485527629,10.312285713552315,8.180299141723976,8.180299141723976,0.442355636366864,0.442355636366864,1,71.07039884782263,0.7943450029543099,18.68948169667134,60.27622454958196,7.98,0.0,1,0,0,1,0,11.0,0.0,1,0,0,1,0,13.48,26.718092169433834,1,1,0,1,1,14.3,26.718092169433834,1,1,0,1,1,roxburgh reef,Central,-18.436072222222226,0.557644363633136,18.254045363763275,5.680810940931572,0.31120832822124694,1.962757760351936,0.10752453613642667,2.0779398672276934,0.113834485771175,2.071057250962878,0.11345743969028389,3.479044631061381,0.1905903355520169,0.744946638315228,10.123891799352334,3.555525430590473,0.35120144516142837,2.6522652092761803,0.2619807937344665,0.6274693642400778,0.06197906661549065,0.5029435058907843,0.049678870128082524,1.6995307928048775,0.16787326716723733,2.066632773155537,True,True,True,0.3071939907476335,0.10613755598325257,0.11236611233582183,0.11199392984653335,0.1881318733042743,,19.032299580729163,0.1316653088713743,,0.0,0.027254195575221,0.7033351311760208,,50.88605866351246,0.0,,0.1081839567679659,0.0,,0.0224947445927284,0.6142679369545337,,0.0,5.680810940931572,,,,,,,0.9380310216499786,3.479044631061381,2.071057250962878,2.044403891577837,,2.0779398672276934,1.962757760351936,,,,,,,,,0.4765427665386137,0.4052720848684276,0.1181395513986618,,0.1462580807881137,0.9899335415640074,,3.3852561199337257,0.5629298090212705,-0.5003937078926683,0.8450180937310385,-0.8058707579658089,0.01834597602858237,-0.5777592859729849,-0.9047452623535249,0.22593953983884282
Roxburgh_Reef,2020,Concurrent,6.5200000000000005,27.593341999822755,2018,2020,0,10.312285713552315,18.223513262610496,-7.91122754905818,0.0,-0.7671652792417606,-0.7671652792417606,3,80.74579810982965,2.1266366495923235,12.593173720463083,43.32346982662351,7.69,0.0,1,0,0,1,0,15.67,0.0,2,0,0,2,0,17.61,0.0,2,0,0,2,0,18.69,0.0,2,0,0,2,0,roxburgh reef,Central,-18.436072222222226,1.7671652792417607,10.123891799352334,3.555525430590473,0.35120144516142837,2.6522652092761803,0.2619807937344665,0.6274693642400778,0.06197906661549065,0.5029435058907843,0.049678870128082524,1.6995307928048775,0.16787326716723733,2.066632773155537,17.935956206875858,7.280308095014851,0.4059057688947691,3.1072307690527725,0.1732403186768262,1.1460875847525764,0.0638988839810624,1.1032516331047106,0.06151061144327351,2.132155103015588,0.1188760207943758,1.059792417329112,True,True,True,0.3447853879686278,0.2571946979504841,0.06084677846109938,0.04877129279203546,0.16480641052946865,,11.486240151154515,0.5715646719964138,,0.0,0.3012833098239727,1.4976197960112834,,66.66391736987889,0.0,,0.5034483638056737,0.0,,0.2595617057013661,1.3036227036484973,,0.0,3.555525430590473,,,,,,,0.3058345106433805,1.6995307928048775,0.5029435058907843,0.7803229859065601,,0.6274693642400778,2.6522652092761803,,,,,,,,,0.3794130412975307,0.47201850798402,0.2855733741431313,,0.0829553834165925,1.6083571997376214,,0.3120264152507798,0.8411057625961751,-1.1132374892163373,0.5388396881387394,0.9951701374041483,0.8939493773927413,-0.5777592859729849,-0.4989432437840242,0.5303490995019515
Sand_bank_No_1,2020,Heatwave_Only,6.59,0.0,2019,2020,0,30.539685676381573,30.23796576252493,0.301719913856644,0.301719913856644,0.009879601154179,0.009879601154179,3,59.576546641853824,4.2717413308823176,19.020784523109707,35.437385262514425,14.2,0.0,1,0,0,1,0,23.67,27.77976,2,1,0,2,1,23.67,60.37154432438496,2,2,0,2,2,23.67,60.37154432438496,2,2,0,2,2,sand bank no 1,North-Central,-14.1985,0.9901203988458209,30.395639138935387,11.557538151627512,0.3802367207611321,2.3362671148953367,0.07686191773156986,5.796803813296547,0.19071169343733632,2.7956666530443948,0.0919759127375373,3.916841052768488,0.1288619408483238,4.191978822794992,30.135620375881317,8.277087433749902,0.2746612590187249,2.718685761541583,0.09021502552897337,4.767131172094463,0.15818924955365377,2.6237652237533515,0.0870652467421328,5.710779018022101,0.1895026200486868,4.706066537722022,True,True,True,0.37844325819521274,0.07649938311913052,0.1898121635803086,0.09154208994385542,0.12825413772341634,,26.41658546953163,0.8499462962559254,0.0,0.0208141115851677,0.1582068668855304,3.5961093701635543,,28.41307761312905,,,0.801957036565245,0.0,,0.1539845566524857,3.210707974883563,0.0,0.025329254693698,11.557538151627512,1.039984233031644,,,,,,,3.916841052768488,2.7956666530443948,2.952538120271464,,5.796803813296547,2.3362671148953367,,,,,,,,0.1297292023002961,0.2102582215611159,0.1849139926798237,0.2466623295099705,,0.3180368210202776,5.561049351165918,,0.9884685960718368,,0.40213940162851863,0.5598519316597793,-0.8058707579658089,0.8939493773927413,1.3420104933676291,-0.4989432437840242,0.5303490995019515
Sand_bank_No_1,2021,Heatwave_Only,5.68,0.0,2020,2023,2,30.23796576252493,37.73820646132727,-7.500240698802344,0.0,-0.2480405182579338,-0.2480405182579338,1,61.11587296353592,4.7782442151642925,21.31416160617705,46.82247531042646,9.07,0.0,1,0,0,1,0,30.26,0.0,3,0,0,2,0,30.26,60.37154432438496,3,2,0,2,2,30.26,60.37154432438496,3,2,0,2,2,sand bank no 1,North-Central,-14.1985,1.248040518257934,30.135620375881317,8.277087433749902,0.2746612590187249,2.718685761541583,0.09021502552897337,4.767131172094463,0.15818924955365377,2.6237652237533515,0.0870652467421328,5.710779018022101,0.1895026200486868,4.706066537722022,37.57842053636847,12.071223623731578,0.3212275410045248,4.069586510576042,0.10829583714508406,5.500929869044298,0.1463853400576133,3.469710138143752,0.09233251660446345,6.370006122065633,0.16951234328491077,3.819294046682953,True,True,True,0.27373162264797635,0.08990967788286057,0.15765383192551105,0.08677056004227257,0.18886121714906126,,29.79844545426953,1.346133461742259,0.0,0.0482577735789758,0.8864591672854166,3.0503413256309457,,25.82378085744922,,,1.222067995623496,0.0,,0.8097991746589026,2.622965726462942,0.0,0.0512336409766815,8.277087433749902,1.7806082391490747,,,,,,,5.710779018022101,2.6237652237533515,4.257563527570843,,4.767131172094463,2.718685761541583,,,,,,,,0.2587492291739602,1.4358620496402574,0.2999239959008523,0.1298553722946474,,0.2827671431843948,3.643117479644711,,0.4644455203219839,,0.3795354393888702,0.2866927658862573,-0.8058707579658089,1.7695527787569,-0.5777592859729849,-0.9047452623535249,0.6318189527229878
Sand_bank_No_1,2022,Concurrent,6.390000000000001,19.857384,2021,2023,1,42.40032524616626,37.73820646132727,4.662118784838988,4.662118784838988,0.1099547882656991,0.1099547882656991,1,47.72967672391336,3.931730629881191,25.3143124539936,56.85658672862616,13.11,0.0,2,0,0,2,0,26.47,0.0,3,0,0,2,0,35.94,27.77976,4,1,0,2,1,35.94,60.37154432438496,4,2,0,2,2,sand bank no 1,North-Central,-14.1985,0.8900452117343008,42.257667460532105,16.499268759036806,0.3904443796962249,3.035515678559085,0.07183348871288747,6.937806518659976,0.16417864344121127,3.5482490242988,0.08396698723640628,5.539755875522568,0.13109469141183902,3.8601906738556737,37.57842053636847,12.071223623731578,0.3212275410045248,4.069586510576042,0.10829583714508406,5.500929869044298,0.1463853400576133,3.469710138143752,0.09233251660446345,6.370006122065633,0.16951234328491077,3.819294046682953,True,True,True,0.38913071216425704,0.07159180173584988,0.1636262570718671,0.08368447656234959,0.13065361747486737,,22.81095121267559,1.0871696258920445,0.0,0.0,0.502597066647622,2.6533255579590147,,20.49715803300265,,,1.0301365452452236,0.0,,0.4746957525895052,2.355358376020945,0.0,0.0,16.499268759036806,2.324429871519292,,,,,,,5.539755875522568,3.5482490242988,4.372641732935579,,6.937806518659976,3.035515678559085,,,,,,,,0.2445433203451669,2.219079140029324,0.3816339678708503,0.3747355005406732,,0.3965895116399489,2.92350203719971,,0.0,,1.2907033865064748,0.4998169501710934,0.49023758075208873,1.7695527787569,-0.5777592859729849,-0.9047452623535249,0.733288805944024
Sand_bank_No_1,2024,Heatwave_Only,7.49,0.0,2023,2025,1,37.73820646132727,41.72627597778458,-3.988069516457308,0.0,-0.105677240399438,-0.105677240399438,2,53.12558411385662,3.9066418139588928,24.21511968458317,57.39991590373617,14.0,19.857384,2,1,1,2,1,21.43,19.857384,3,1,1,3,1,34.79,19.857384,4,1,1,3,1,44.260000000000005,19.857384,5,1,1,3,1,sand bank no 1,North-Central,-14.1985,1.1056772403994382,37.57842053636847,12.071223623731578,0.3212275410045248,4.069586510576042,0.10829583714508406,5.500929869044298,0.1463853400576133,3.469710138143752,0.09233251660446345,6.370006122065633,0.16951234328491077,3.819294046682953,41.62680555049011,17.259012421511112,0.41461294455029124,3.790594885010005,0.09106139265027928,5.841381311723226,0.1403273980425445,3.582158428533534,0.08605412741048918,5.720645743017356,0.13742696965008888,2.8889479426022073,True,True,True,0.3198674435177974,0.10783730580165236,0.14576553537809087,0.09194157495797749,0.16879461742818597,,24.605146666068688,0.2957073133898241,0.0871046338493748,0.0,0.2930388667341767,3.587588566172238,,24.13552397081871,,,0.2830130619088801,0.09287022294186,,0.280439960362313,3.1629708014699,0.0,0.0,12.071223623731578,1.763677927689136,,,,,,,6.370006122065633,3.469710138143752,4.333286345118029,,5.500929869044298,4.069586510576042,,,,,,,,0.0604733334220293,1.3854637007388066,0.1819382488110299,0.06517338860942,,0.4987794655338466,4.251339387596789,,0.0,,0.9414312565292455,0.8300093483588671,-0.8058707579658089,1.7695527787569,1.3420104933676291,-0.7018442530687745,0.9362285123860965
Sand_bank_No_1,2025,Heatwave_Only,8.13,0.0,2024,2025,0,42.20900881579413,41.72627597778458,0.4827328380095466,0.4827328380095466,0.0114367252762617,0.0114367252762617,1,44.34225558863526,4.184379253882773,28.727546297335568,60.31206203836404,15.81,19.857384,2,1,1,1,1,28.08,19.857384,4,1,1,3,1,30.56,19.857384,4,1,1,3,1,42.28,19.857384,5,1,1,3,1,sand bank no 1,North-Central,-14.1985,0.9885632747237383,42.11337424107353,15.159488788937796,0.35996851504130056,4.006379898479747,0.09513319629877322,5.215526949179651,0.12384490777974526,4.729427766435533,0.11230227574172583,5.976411939986903,0.1419124458129517,4.080262612937144,41.62680555049011,17.259012421511112,0.41461294455029124,3.790594885010005,0.09106139265027928,5.841381311723226,0.1403273980425445,3.582158428533534,0.08605412741048918,5.720645743017356,0.13742696965008888,2.8889479426022073,True,True,True,0.35915292053163045,0.09491764935689762,0.12356430760885483,0.11204782815619767,0.14159090932622417,,17.12000979275568,1.2625213971941185,0.0217161032962316,0.0207673738439646,0.3356398636063786,2.8357000587141505,,22.62255607467292,,,1.179586433787816,0.0261572838746565,,0.3190924652072133,2.53014023843304,0.0252861916344183,0.0,15.159488788937796,2.1645790105230933,,,,,,,5.976411939986903,4.729427766435533,4.861559887530803,,5.215526949179651,4.006379898479747,,,,,,,,0.0584174722610801,1.0534194013043336,0.3468041109294179,0.0615129095492283,,0.3741834875588811,7.51313588447175,,0.0632670082685873,,1.2763705262299379,1.022121289122663,-0.8058707579658089,2.6451561801210586,1.3420104933676291,-0.9047452623535249,1.0376983656071328
Slate_Reef,1996,Storm_Only,0.17,18.51984,1995,1996,0,38.1602823889309,39.74461649140635,-1.5843341024754451,0.0,-0.0415178820305326,-0.0415178820305326,10,29.926435661696765,0.3584873695528239,,19.70794079012774,1.61,0.0,0,0,0,0,0,1.61,0.0,0,0,0,0,0,2.55,0.0,0,0,0,0,0,2.55,0.0,0,0,0,0,0,slate reef,Central,-19.667883333333336,1.0415178820305326,37.877745216614535,11.80076144996,0.31154867805551856,,,3.704568086888412,0.09780328965472464,1.9931409216129727,0.05262036877365947,6.423585583035915,0.1695873275006428,0.2967052702383536,39.5037515198859,13.436955252998157,0.34014377713554855,,,4.359550763399089,0.11035789249546396,1.861273552569168,0.047116374545648314,6.207920816796755,0.15714762719869105,0.7052535131863367,True,True,True,0.3092419843670504,,0.09707915809247236,0.0522307697123101,0.16833170985388712,,4.953995459078605,0.0730036182282675,,0.0,0.0,0.0737446093538753,,23.501811208182456,0.1848115509033481,0.0,0.0653312661744708,0.0,,0.0,0.0657045555504635,,0.1656694485134193,11.80076144996,,,,,,6.167905615427085,,6.423585583035915,1.9931409216129727,3.924356750360377,,3.704568086888412,,,3.863426809329777,0.0732189866362262,,,0.5956636051771869,,,,0.0,0.6786099799549049,,,0.0703991664539065,,17.590034495027936,0.0,0.9730519348194762,-1.3672709741270461,0.4029349465379297,-0.8572574253355764,-0.5777592859729849,0.9213638212092281,-1.904927377802918
Slate_Reef,2003,Storm_Only,0.15,27.295255775047657,2002,2004,1,41.80617630634234,41.93622203101182,-0.1300457246694861,0.0,-0.0031106821087045,-0.0031106821087045,10,28.91003546222394,2.7340311255781096,,19.57793903656489,2.9800000000000004,0.0,0,0,0,0,0,4.590000000000001,0.0,0,0,0,0,0,4.760000000000001,0.0,0,0,0,0,0,5.0600000000000005,0.0,0,0,0,0,0,slate reef,Central,-19.667883333333336,1.0031106821087046,41.61610376542016,18.245240045016885,0.4384177852847748,,,3.5564920078721167,0.0854595141322983,2.198106277812001,0.05281864660378085,5.585371042341768,0.1342117722943297,2.687859117529937,41.58513058350729,16.910371992139307,0.4066446769520541,,,3.489724310703365,0.08391759895272262,2.990289583589144,0.0719076636680106,6.003907817317589,0.14437631271257195,0.49521094291878,True,True,True,0.4364245108503007,,0.08507097089700998,0.05257850566636324,0.1336015760306312,,5.81237470714249,0.0358141861123963,,0.0,0.0,0.0,,18.99662206262509,3.048910986373888,0.0,0.0320960558886788,0.0,,0.0,0.0,,2.655763061641258,18.245240045016885,,,,,,6.567517148234009,,5.585371042341768,2.198106277812001,4.003999377763678,,3.5564920078721167,,,1.4593778663797037,0.073058879146246,,,0.8900821109790036,,,,3.389071840302746,0.4548038114392293,,,0.2717031831191326,,0.6513085855752955,9.512846501291303,1.2461915078278663,-1.3732744722759145,0.975713796045793,-0.8572574253355764,-0.5777592859729849,0.9213638212092281,-1.1946384052556644
Slate_Reef,2009,Storm_Only,3.06,42.338412,2007,2011,2,35.54958228481734,10.950684057441787,24.598898227375557,24.598898227375557,0.691960260750556,0.691960260750556,10,42.16680733889519,0.2463682276013019,10.490560605065602,36.2361507650565,1.33,0.0,0,0,0,0,0,4.930000000000001,0.0,0,0,0,0,0,6.94,0.0,0,0,0,0,0,8.06,0.0,0,0,0,0,0,slate reef,Central,-19.667883333333336,0.308039739249444,35.19900925168726,13.75563992499329,0.3907962245935634,,,2.6584862346906912,0.07552730293291585,2.3620138540595343,0.0671045550506883,6.980304695966757,0.19830969235681423,0.20928801667800218,10.790154852614867,0.1486722353100351,0.013778508032626254,,,0.5387645699330116,0.049931124927502624,1.3053961418807996,0.12098029729058542,3.533943258984937,0.3275155275578392,3.6870557538339708,True,True,True,0.3869423785288218,,0.0747824886771198,0.06644280191917509,0.1963540567099134,,7.214826259706751,0.0300265278667369,,0.0,0.0,0.207609265695533,,33.318913188240955,0.0,0.0,0.0303277969035549,0.0,,0.0,0.1789602197744473,,0.0,13.75563992499329,,,,,,4.781448879019346,,6.980304695966757,2.3620138540595343,4.176681551114494,,2.6584862346906912,,,0.4844341118431444,0.3497503419519849,,,0.3756939854263638,,,,1.8301253178342365,1.1749990497826466,,,0.1172456557140463,,0.6621254043847159,7.821815479870092,0.7774660160177506,-0.49976549161553113,1.9575933942746824,-0.8572574253355764,-0.5777592859729849,0.9213638212092281,-0.5858192859294471
Slate_Reef,2010,Storm_Only,0.77,29.117304,2009,2011,1,18.911000960122426,10.950684057441787,7.960316902680638,7.960316902680638,0.4209357780408629,0.4209357780408629,1,69.99406006744519,0.8386559697469144,2.173992780774062,51.02312934509366,3.38,42.338412,0,1,0,0,1,4.390000000000001,42.338412,0,1,0,0,1,8.14,42.338412,0,1,0,0,1,10.0,42.338412,0,1,0,0,1,slate reef,Central,-19.667883333333336,0.5790642219591371,18.687291552680122,1.193066434609179,0.06384373204891054,,,1.150402656225507,0.06156069503076366,1.9658927162080508,0.10519944587294157,4.474885512081006,0.2394614275410724,0.7854546878209365,10.790154852614867,0.1486722353100351,0.013778508032626254,,,0.5387645699330116,0.049931124927502624,1.3053961418807996,0.12098029729058542,3.533943258984937,0.3275155275578392,3.6870557538339708,True,True,True,0.063088486808551,,0.06083245718464918,0.1039549794510361,0.2366286967843312,,7.245217081764049,0.1670473280141707,,0.0,0.0,0.4424621244081117,,60.47767453544534,0.3055919523867667,0.0,0.1433787553149779,0.0,,0.0,0.3788708307119085,,0.2632051017940501,1.193066434609179,,,,,,4.001517059279141,,4.474885512081006,1.9658927162080508,5.629572583924294,,1.150402656225507,,,0.2719545903529446,0.341016345471441,,,0.1897331964874261,,,,0.7227120856563098,0.3470365674275589,,,0.0,,0.4711649720327492,2.3504553622522906,-0.4690472126828874,-1.1871660296609876,1.0946404330039583,-0.8572574253355764,1.3420104933676291,-0.9047452623535249,-0.4843494327084108
Slate_Reef,2017,Storm_Only,2.87,35.75358,2015,2019,2,17.653969041749072,30.68167717851909,-13.02770813677002,0.0,-0.7379478295198877,-0.7379478295198877,7,76.12190784893569,0.8833751292712398,25.38429520959232,41.52080774166025,3.93,0.0,0,0,0,0,0,4.08,0.0,0,0,0,0,0,5.289999999999999,29.117304,0,1,0,0,1,8.35,71.455716,0,2,0,0,2,slate reef,Central,-19.667883333333336,1.7379478295198878,17.438396176468174,4.433560078149877,0.2542412750166003,,,2.422616370027566,0.13892426491013593,1.8835933207239697,0.10801413740477692,3.8643404157318346,0.22159953109371813,0.824700268680683,30.402715508700705,13.386342985333291,0.44030089948716467,,,5.005604344120895,0.16464333071459955,1.5732781322878455,0.051747947706763296,4.774208957102156,0.1570323202128397,1.1864756395131986,True,True,True,0.25113673121693775,,0.13722785874940815,0.10669517524753472,0.21889357609006965,,16.468607868059685,0.0,,0.0,0.0667407460918965,0.7845814409828393,,57.23806664654476,0.0991630076302742,0.0,0.0,0.0,,0.0585779516578406,0.6805779387596727,,0.0855443782631698,4.433560078149877,,,,,,1.7630329751344074,,3.8643404157318346,1.8835933207239697,2.909951120875038,,2.422616370027566,,,0.1613018958254834,0.1318306843618555,,,0.0649097604030657,,,,0.346385132605397,0.4007343095140104,,,0.3818898612292973,,0.0630325941465069,1.1729722013870847,-0.5632203206284385,-0.5567987240297829,1.5277958104511309,-0.8572574253355764,-0.5777592859729849,0.3126607933549771,0.22593953983884282
Slate_Reef,2020,Concurrent,5.73,38.377224,2019,2021,1,30.68167717851909,43.09781589644353,-12.416138717924436,0.0,-0.4046760105610277,-0.4046760105610277,10,60.21563799605699,1.2455543845534924,15.813175712826206,48.01963904698949,2.87,0.0,0,0,0,0,0,6.8,0.0,0,0,0,0,0,6.8,0.0,0,0,0,0,0,6.95,0.0,0,0,0,0,0,slate reef,Central,-19.667883333333336,1.4046760105610279,30.402715508700705,13.386342985333291,0.44030089948716467,,,5.005604344120895,0.16464333071459955,1.5732781322878455,0.051747947706763296,4.774208957102156,0.1570323202128397,1.1864756395131986,42.81498454200555,26.56902412436157,0.6205543318203197,,,4.629328968070054,0.10812403689012767,2.3613232196211347,0.055151794281379535,4.020631636942382,0.0939071140618482,0.8301513667674121,True,True,True,0.43629762830258056,,0.1631463728334065,0.051277448854371355,0.15560456259688057,,15.005393178950888,0.1682155963415795,,0.0,0.0630409562051257,1.1260716044056274,,42.20948425241529,0.0,0.0,0.1499344324227552,0.0,,0.0580778793206149,0.9784633277698284,,0.0,13.386342985333291,,,,,,2.401037933013433,,4.774208957102156,1.5732781322878455,3.239527246037351,,5.005604344120895,,,0.0227159108057312,0.1886053503299216,,,0.3187977977930153,,,,0.3732733309932935,0.912752393906113,,,0.2498729944218055,,0.2507254648220534,2.031629878982692,0.4127769843841348,0.30170151125842903,1.6990432852558273,-0.8572574253355764,-0.5777592859729849,0.9213638212092281,0.5303490995019515
Slate_Reef,2022,Heatwave_Only,5.63,0.0,2021,2025,3,43.09781589644353,37.66785135522074,5.429964541222788,5.429964541222788,0.1259916408355828,0.1259916408355828,2,47.56994973866565,0.8869749795868794,18.5653974098564,36.3715750753009,5.73,38.377224,1,1,1,1,1,8.600000000000001,38.377224,1,1,1,1,1,12.53,38.377224,1,1,1,1,1,12.53,38.377224,1,1,1,1,1,slate reef,Central,-19.667883333333336,0.8740083591644171,42.81498454200555,26.56902412436157,0.6205543318203197,,,4.629328968070054,0.10812403689012767,2.3613232196211347,0.055151794281379535,4.020631636942382,0.0939071140618482,0.8301513667674121,37.39461254685582,22.00568317075832,0.5884720196842522,,,3.0486247853934128,0.08152577544622118,3.347559464055927,0.08951983283317622,3.167357078944613,0.08470089307586443,0.8739119445500548,True,True,True,0.6164819161184933,,0.10741446803693061,0.05478985815186039,0.09329084440388472,,14.759407978517345,0.030179363051452,,0.0,0.2406119320066416,0.6860967118268335,,30.14347322701916,0.0,0.0,0.0291542370862526,0.0,,0.2063468881401328,0.5946502415410266,,0.0,26.56902412436157,,,,,,2.163016730030408,,4.020631636942382,2.3613232196211347,3.0716598629800003,,4.629328968070054,,,0.0,0.311189772946306,,,0.1911294202384621,,,,0.1764378367763709,1.1467738874240865,,,0.5485532994347532,,0.0,1.1960925660372934,1.3429573200299547,0.2716840205140858,-0.8058707579658089,0.01834597602858237,1.3420104933676291,-0.7018442530687745,0.733288805944024
Slate_Reef,2024,Heatwave_Only,8.61,0.0,2023,2025,1,46.87585057604239,37.66785135522074,9.207999220821648,9.207999220821648,0.1964337522981979,0.1964337522981979,2,42.3107774665181,1.373591669949736,14.117609768168656,34.0410015006035,6.85,0.0,1,0,0,1,0,12.58,38.377224,2,1,1,1,1,15.45,38.377224,2,1,1,1,1,18.46,38.377224,2,1,1,1,1,slate reef,Central,-19.667883333333336,0.8035662477018021,46.666474191846,31.17065178456924,0.6679452931547091,,,3.8802364513158216,0.08314826689850532,1.7021949437055568,0.03647575637936196,3.645758814944415,0.07812372539559537,1.3090808325416652,37.39461254685582,22.00568317075832,0.5884720196842522,,,3.0486247853934128,0.08152577544622118,3.347559464055927,0.08951983283317622,3.167357078944613,0.08470089307586443,0.8739119445500548,True,True,True,0.6649618385911517,,0.0827768755901564,0.036312833213431345,0.07777477678042845,,11.911625523113145,0.0341117859888918,,0.0,0.0310166744971662,1.440461076555995,,27.346670242644034,0.0,0.0,0.0306978551347817,0.0,,0.0300843840028933,1.24829859340399,,0.0,31.17065178456924,,,,,,1.8338611537723275,,3.645758814944415,1.7021949437055568,4.040561169545049,,3.8802364513158216,,,0.3932098739935902,0.1310884378524516,,,0.3322228475970512,,,,0.6466512552677445,1.2673262366238864,,,0.4495995126036725,,0.0622431723570526,1.1864748464001058,1.625996487535187,1.1662052446955093,-0.8058707579658089,0.8939493773927413,1.3420104933676291,-0.7018442530687745,0.9362285123860965
Small_Lagoon_Reef,2009,Storm_Only,0.15,42.338412,2008,2012,3,12.98109731378558,12.144771629785186,0.8363256840003945,0.8363256840003945,0.0644264243449002,0.0644264243449002,15,85.15223536749826,0.8324137772979393,15.744366398296805,51.95289487764925,1.66,0.0,0,0,0,0,0,5.11,0.0,0,0,0,0,0,5.11,0.0,0,0,0,0,0,5.11,0.0,0,0,0,0,0,small lagoon reef,South,-21.87138888888889,0.9355735756550998,12.85568849397668,3.376387696552788,0.2626376407716116,3.4753267342553538,0.27033376982365903,2.2726739618817264,0.1767835276147637,0.7018325997781164,0.054593155404080336,0.9082263051371688,0.07064781521135202,0.7830248161721383,,,,,,,,,,,,,True,False,False,0.2601003301136302,0.2677221077885803,0.17507564321763516,0.054065737496073525,0.06996529516596849,,4.033784627675977,0.3128917506569034,,,0.0,0.7267154941493459,,79.35173952014294,0.5824565777507774,,0.1198079421490863,,,0.0,0.392820481134767,,0.270396392888285,3.376387696552788,,,,0.3908075290417281,,,,0.9082263051371688,0.7018325997781164,1.7304336673297984,,2.2726739618817264,3.4753267342553538,,,,,,0.2912502029357779,,,0.4312285363413319,,0.2249613248819899,,0.0884838953724254,0.1570560678339888,,0.1898890187510049,0.0541904570613869,-0.9132980292539066,-1.3732744722759145,1.9575933942746824,-0.8572574253355764,-0.5777592859729849,1.9358688676329796,-0.5858192859294471
Small_Lagoon_Reef,2020,Heatwave_Only,6.17,0.0,2018,2022,2,52.90537820351282,10.306595179169324,42.59878302434349,42.59878302434349,0.8051881391052037,0.8051881391052037,11,46.33881374557334,0.6761806155709554,27.741341040947304,35.81647452539452,1.24,0.0,0,0,0,0,0,2.15,0.0,0,0,0,0,0,2.15,0.0,0,0,0,0,0,2.15,0.0,0,0,0,0,0,small lagoon reef,South,-21.87138888888889,0.19481186089479624,52.79698413991962,31.32965505797688,0.5933985732016203,4.420508527680127,0.08372653475746156,3.547710852494311,0.06719533151917098,9.253761642876412,0.17527064838310857,2.096047576391607,0.03970013837981311,0.637066890727807,,,,,,,,,,,,,True,False,False,0.5921828011031334,0.08355499342005675,0.06705765978738906,0.17491154882741164,0.039618799592144927,,3.4310835908084494,0.1011457930511325,,,0.0,1.0604974763359971,,41.52069483414354,0.0,,0.0282990374478182,,,0.0,0.6087678532799888,,0.0,31.32965505797688,,,,1.0390068495975535,,,,2.096047576391607,9.253761642876412,1.1102936329027298,,3.547710852494311,4.420508527680127,,,,,,0.050365232913341,,,0.0205695025685558,,0.0194507817807036,,0.051516504834366,0.0199915315565824,,0.3865843197090406,0.0871468569569689,2.077710837682505,0.4337784705335384,-0.8058707579658089,-0.8572574253355764,-0.5777592859729849,1.1242648304939784,0.5303490995019515
Small_Lagoon_Reef,2024,Heatwave_Only,8.69,0.0,2022,2026,2,10.306595179169324,9.901715067216994,0.4048801119523304,0.4048801119523304,0.0392835951072022,0.0392835951072022,4,,,,,0.49,0.0,0,0,0,0,0,6.66,0.0,1,0,0,1,0,7.9,0.0,1,0,0,1,0,8.23,0.0,1,0,0,1,0,small lagoon reef,South,-21.87138888888889,0.9607164048927977,,,,,,,,,,,,,,,,,,,,,,,,,False,False,False,,,,,,,,,,,,,,,,,,,,,,,,,,,,,,,,,,,,,,,,,,,,,,,,,,,,,,,-1.1136638071967198,1.190219237290984,-0.8058707579658089,0.01834597602858237,-0.5777592859729849,-0.2960422344992739,0.9362285123860965
Snake_Reef,1994,Storm_Only,0.16,25.156116,1993,1997,3,30.5208139485699,16.353045745426723,14.167768203143176,14.167768203143176,0.464200208651612,0.464200208651612,2,60.89578868740095,0.1324710785071399,,,1.18,22.481028,0,1,0,0,1,1.76,22.481028,0,1,0,0,1,1.76,22.481028,0,1,0,0,1,1.76,22.481028,0,1,0,0,1,snake reef,South,-22.031944444444445,0.5357997913483881,29.987710431155776,3.8464707662552127,0.12826823758638525,0.0857808365527987,0.002860533042351795,2.4815175911885228,0.08275115223903011,9.816877928916826,0.3273633694527598,4.006795548540744,0.13361458714026656,0.1031177621692787,16.085442898037652,0.4540280308327076,0.028226019868442472,5.051832786107859,0.3140623990356,1.7762941000762973,0.11042867214386723,2.781708118370327,0.17293326245369856,1.057462674388124,0.06574035176346493,0.9195973354912383,True,True,True,0.1260277911571046,0.0028105684434676778,0.08130574746040803,0.3216453514463631,0.13128075664340166,,16.945877199157888,0.1100954300677786,,0.0,0.0,0.0,,43.827893189960754,0.0,0.0,0.1031177621692787,0.0,,0.0,0.0,,0.0,3.8464707662552127,,,,,,,,4.006795548540744,9.816877928916826,1.6576716240562623,,2.4815175911885228,0.0857808365527987,,8.092596135645412,0.0,,,,,,0.0,0.0,0.0535156891802138,,,0.0,,3.407551669993006,0.0,0.40072558767968297,-1.3702727232014802,0.836090323985103,-0.8572574253355764,1.3420104933676291,-0.7018442530687745,-2.1078670842449907
Snake_Reef,2009,Storm_Only,0.33,42.338412,2007,2011,2,53.300716366703135,27.63804053491198,25.662675831791155,25.662675831791155,0.4814696233205335,0.4814696233205335,15,38.15295553679186,1.0811691991060202,29.12953715841116,30.191671566505185,2.6,0.0,0,0,0,0,0,5.42,0.0,0,0,0,0,0,9.08,0.0,0,0,0,0,0,9.08,0.0,0,0,0,0,0,snake reef,South,-22.031944444444445,0.5185303766794664,53.08358470992137,17.629897329150452,0.3321158023801548,9.23366903607846,0.17394584571739896,4.295311251272977,0.08091599832123206,11.34720252185501,0.2137610446593334,5.065255821486621,0.09542037993790423,1.045852966519565,27.530393683039318,2.682226467269768,0.09742782824505015,4.97060064641119,0.18054956654954896,1.4459936519199337,0.05252353702485441,8.798374935734818,0.3195876905005991,4.432290491676594,0.16099626262908112,2.062235948193359,True,True,True,0.3307628589428081,0.17323724080088945,0.08058637001652479,0.21289024417209498,0.09503166498998271,,7.473354745351227,0.0,,0.0,0.0,0.736268228661215,,29.489638867712674,0.3421496565720055,0.0,0.0,0.0,,0.0,0.7192527404036152,,0.3266002261159499,17.629897329150452,,,,,,,,5.065255821486621,11.34720252185501,5.021558854295671,,4.295311251272977,9.23366903607846,,0.4906898957821791,1.2078810354636038,,,,,,0.1891614050246063,0.6465910391858976,0.0612022312748473,,,0.156961818920688,,0.376994111083645,3.85747290859874,2.1073284018612215,-1.319242988936097,1.9575933942746824,-0.8572574253355764,-0.5777592859729849,1.9358688676329796,-0.5858192859294471
Snake_Reef,2020,Heatwave_Only,4.86,0.0,2019,2023,3,54.34534563434492,21.55571530669517,32.78963032764975,32.78963032764975,0.6033567354280936,0.6033567354280936,11,41.36373201723759,1.4439486039580662,26.167141954499243,25.849196956347985,3.39,0.0,0,0,0,0,0,4.91,0.0,0,0,0,0,0,5.35,0.0,0,0,0,0,0,5.66,0.0,0,0,0,0,0,snake reef,South,-22.031944444444445,0.39664326457190635,54.24382623143408,19.67076875159978,0.36263608447666346,6.635799037375577,0.12233279800476461,4.959786924832532,0.091435049284159,12.518013130246691,0.23077304828825945,5.651593806890997,0.10418870126856798,1.4065159873928312,21.462536581308697,4.159195234675349,0.1937886148227936,5.787750543955404,0.26966759134126966,2.5149944917546816,0.11718067350645502,4.354131221241514,0.20287123121474102,2.262522369151846,0.10541728656258798,3.4585765940925293,True,True,True,0.3619586649416457,0.12210427516688596,0.09126424474698838,0.230341954478906,0.10399407237037293,,9.795754545253676,0.0643506095094951,,0.0,0.0,1.3996410924277334,,30.02454974455296,0.0,0.0,0.0678767391814037,0.0,,0.0,1.3386392482114275,,0.0,19.67076875159978,,,,,,,,5.651593806890997,12.518013130246691,4.788109115471276,,4.959786924832532,6.635799037375577,,0.0197554650172217,0.7286492307355749,,,,,,0.0632711875048235,0.030620400649725,0.1585134565796432,,,0.0,,0.0,1.258962289609455,2.1855889323591375,0.04054934178264427,-0.8058707579658089,-0.8572574253355764,-0.5777592859729849,1.1242648304939784,0.5303490995019515
Snake_Reef,2024,Heatwave_Only,7.58,0.0,2023,2026,2,21.55571530669517,21.887766023277504,-0.3320507165823336,0.0,-0.0154043005234532,-0.0154043005234532,4,72.22661556256654,3.509306122741739,18.7185066587467,56.10131421873552,1.31,0.0,0,0,0,0,0,6.17,0.0,1,0,0,1,0,9.56,0.0,1,0,0,1,0,9.92,0.0,1,0,0,1,0,snake reef,South,-22.031944444444445,1.0154043005234532,21.462536581308697,4.159195234675349,0.1937886148227936,5.787750543955404,0.26966759134126966,2.5149944917546816,0.11718067350645502,4.354131221241514,0.20287123121474102,2.262522369151846,0.10541728656258798,3.4585765940925293,,,,,,,,,,,,,True,False,False,0.19295092626239638,0.2685019013104955,0.11667413750698073,0.2019942812980615,0.10496160006571947,,17.835936923155632,0.0,,0.0325283415665002,0.6618568300499963,2.9019181502457574,,50.65923766665507,0.0,0.0,0.0,0.0326212270778458,,0.6590461897464387,2.7669091772682446,,0.0,4.159195234675349,,,,,,,,2.262522369151846,4.354131221241514,2.383942720529902,,2.5149944917546816,5.787750543955404,,0.0,1.3565420987635846,,,,,,0.03340967339737,0.0314189149863089,0.1582806818449854,,,0.3799980214594714,,0.0,2.329074912640255,-0.2709130475876708,0.8570250900287758,-0.8058707579658089,0.01834597602858237,-0.5777592859729849,-0.2960422344992739,0.9362285123860965
St_Crispin_Reef,1999,Storm_Only,0.49,19.857384,1998,2000,1,22.82942357129281,20.499286146615937,2.330137424676874,2.330137424676874,0.1020672912480777,0.1020672912480777,10,30.54150309983656,1.93725741879808,,32.987360314368026,1.33,0.0,0,0,0,0,0,5.79,0.0,0,0,0,0,0,5.79,0.0,0,0,0,0,0,6.41,0.0,0,0,0,0,0,st crispin reef,Central,-16.10346388888889,0.8979327087519223,22.698964220517766,8.949019542165871,0.3942479249373319,3.944145710537804,0.17375884080969037,2.965688351781135,0.13065302552882244,,,2.085560497076469,0.09187910412191033,1.8662928702347976,20.330278801825763,8.948822572978735,0.44017215209931526,4.449473037824967,0.21885942053216614,2.797798632757449,0.13761732733867832,,,1.81881609140254,0.0894634111579031,2.148036007494071,True,True,True,0.3919949846398639,0.172765891272762,0.12990640532467856,,0.09135405852730277,,7.402692272273254,0.2378374432894457,,0.0,0.0,0.6072972693796329,,21.063482988316093,1.158148762309703,0.0,0.2311634597651916,0.0,,0.0,0.5391268753515914,,1.0960025351180145,8.949019542165871,,,,,,0.7220025493845041,,2.085560497076469,,3.376500354240098,,2.965688351781135,3.944145710537804,0.656047215331885,,,,,0.3778820890648301,,,0.4004442708368179,1.7596452887318252,1.186122703110976,,,0.8478916741440027,,1.5171137964005246,33.2660431280827,-0.17549059717900273,-1.2712150037451482,0.49023758075208873,-0.8572574253355764,-0.5777592859729849,0.9213638212092281,-1.6005178181398094
St_Crispin_Reef,2014,Storm_Only,0.0,19.993910025930884,2013,2017,3,15.423974711431107,13.94078165905704,1.4831930523740675,1.4831930523740675,0.096161532946163,0.096161532946163,15,69.12793790326303,1.7406366505523574,15.118628273567843,67.89899704341481,3.33,0.0,0,0,0,0,0,5.45,0.0,0,0,0,0,0,5.45,0.0,0,0,0,0,0,5.45,0.0,0,0,0,0,0,st crispin reef,Central,-16.10346388888889,0.903838467053837,15.27658510942834,1.0178940715834854,0.06663099536265248,5.410097806642023,0.3541431391825285,2.314549965878028,0.1515096436342664,,,2.5082863892624427,0.1641915631860938,1.6530242917419773,13.793432125227053,4.380196116536967,0.31755665136641004,2.924213320830755,0.21200041398562502,2.7651459631215407,0.20046830535123425,,,1.66376050583145,0.12061976241493724,2.426888624135741,True,True,True,0.06599427778036343,0.35075899097736846,0.15006183614672652,,0.16262256883781628,,23.177911740249293,0.05635611676593,,0.0599137567771871,0.091970809237041,1.0778843790768906,,44.07714302776869,0.4764760612016851,0.0637533643585385,0.0663445961921873,0.0,,0.0978265978603877,0.9667928611832164,,0.4583068721476475,1.0178940715834854,,,,,,0.9969721451560106,,2.5082863892624427,,2.110265159491019,,2.314549965878028,5.410097806642023,0.9185195714153306,,,,,0.2065985951181201,,,0.0669372396372321,1.9624141908814607,0.2622592354790452,,,0.7106237536637628,,0.7114892952922722,8.339390019384055,-0.7302848905231758,-1.4183007083924293,0.4991487505547694,-0.8572574253355764,-0.5777592859729849,1.9358688676329796,-0.07847001982426587
St_Crispin_Reef,2016,Heatwave_Only,5.82,0.0,2015,2018,2,16.232232884299126,12.848689308633146,3.38354357566598,3.38354357566598,0.2084459728851453,0.2084459728851453,2,58.88016526989571,0.7123239563468678,24.08222429425836,77.48862182636773,3.01,22.29599308732585,0,1,0,0,1,4.73,22.29599308732585,0,1,0,0,1,6.85,22.29599308732585,0,1,0,0,1,6.85,22.29599308732585,0,1,0,0,1,st crispin reef,Central,-16.10346388888889,0.7915540271148547,16.117177179193316,3.698979728079409,0.22950543305155544,3.5799828643004385,0.22212220071155295,3.309410240489844,0.20533435872146213,,,1.3565273989204985,0.08416656240968334,0.6496092920731958,12.711563097063388,3.3022638307445,0.2597842456925998,2.226210124474869,0.17513268096739149,3.2363852809717506,0.2546016769345555,,,1.6171759529893464,0.1272208571550846,2.545104001482013,True,True,True,0.22787867537665155,0.22054777613271132,0.20387892806114932,,0.0835699813198602,,20.88205626044612,0.0944192330011198,,0.0,0.0253582032819397,0.5790888208093568,,37.263366200436735,0.0,0.0,0.0955614844599365,0.0,,0.0332382268678641,0.5208095807453953,,0.0,3.698979728079409,,,,,,1.811383928032748,,1.3565273989204985,,1.6207739456196448,,3.309410240489844,3.5799828643004385,0.7401190737507348,,,,,0.3161879476815287,,,0.3758034691376815,2.6889786053585443,0.7780217886242782,,,1.0896752760632813,,0.6562386393125915,15.07666013352525,-0.6697325823050431,0.32871725292833776,-0.8058707579658089,-0.8572574253355764,1.3420104933676291,-0.7018442530687745,0.12446968661780661
St_Crispin_Reef,2017,Heatwave_Only,8.58,0.0,2016,2018,1,20.7158987200523,12.848689308633146,7.8672094114191555,7.8672094114191555,0.3797667442641027,0.3797667442641027,1,49.33216301411262,2.271994171914465,30.82981104430392,55.27794714955885,7.220000000000001,22.29599308732585,1,1,0,1,1,8.98,22.29599308732585,1,1,0,1,1,11.5,22.29599308732585,1,1,0,1,1,12.67,22.29599308732585,1,1,0,1,1,st crispin reef,Central,-16.10346388888889,0.6202332557358973,20.583695692808522,5.561096768132884,0.2701699855617184,4.060306077968424,0.19725836111087688,4.288244156138349,0.20833208089238148,,,2.072502165403585,0.10068659177310275,2.207214030716852,12.711563097063388,3.3022638307445,0.2597842456925998,2.226210124474869,0.17513268096739149,3.2363852809717506,0.2546016769345555,,,1.6171759529893464,0.1272208571550846,2.545104001482013,True,True,True,0.26844583685620776,0.1959995138438374,0.2070025642666167,,0.10004403832103465,,18.03485115629003,0.0935326291229949,,0.0,0.0,2.351843894712604,,28.76448938299356,0.0252759378107062,0.0,0.0945390111214645,0.0,,0.0,2.081681249881994,,0.0309937697133938,5.561096768132884,,,,,,1.8553023794759165,,2.072502165403585,,2.142183077212404,,4.288244156138349,4.060306077968424,0.6040610684769601,,,,,0.064024642888232,,,0.7147992861374058,2.97562597216532,0.7602969470480135,,,1.8111811323511533,,0.4309341130476598,18.481101534163,-0.33382961868852734,1.1571999974722065,-0.8058707579658089,0.01834597602858237,1.3420104933676291,-0.9047452623535249,0.22593953983884282
St_Crispin_Reef,2020,Heatwave_Only,6.34,0.0,2019,2020,0,16.85247696649068,20.247070184707127,-3.394593218216446,0.0,-0.2014299277765651,-0.2014299277765651,3,72.75787130491995,3.371993482655686,16.612952742039404,61.81186965677277,9.24,0.0,1,0,0,1,0,16.46,0.0,2,0,0,2,0,18.07,22.29599308732585,2,1,0,2,1,18.22,22.29599308732585,2,1,0,2,1,st crispin reef,Central,-16.10346388888889,1.2014299277765652,16.71049710953177,5.2175928613710925,0.31223444923101334,3.404793375986385,0.20375177073842227,4.061999677268564,0.2430807204982295,,,1.6345573484426754,0.09781620126132058,3.3038700914688266,20.096726310477344,8.204061080499972,0.40822873107560903,1.839047039554336,0.09150978179941459,6.000869177452726,0.2985993382576046,,,1.4680037633440093,0.07304691026113401,3.314761841510375,True,True,True,0.30960391589590713,0.20203518941200432,0.2410327980477534,,0.09699211289193957,,24.80920810573372,0.0898765014482161,,0.0,0.0246805704555022,3.582385191294675,,44.252694060121165,0.0,0.0,0.0951464283961649,0.0,,0.034388479298433,3.174335183774229,,0.0,5.2175928613710925,,,,,,0.3088884518652538,,1.6345573484426754,,1.258152830879646,,4.061999677268564,3.404793375986385,0.8245125637181512,,,,,0.0,,,0.2978303276166442,0.71846767508223,0.6817742197740706,,,1.3591706034403317,,0.0,3.888121293302992,-0.6232657328551106,0.4848082047989216,-0.8058707579658089,0.8939493773927413,-0.5777592859729849,-0.4989432437840242,0.5303490995019515
St_Crispin_Reef,2022,Heatwave_Only,4.5,0.0,2021,2025,3,27.83659502855628,33.07086898582612,-5.234273957269835,0.0,-0.188035711691758,-0.188035711691758,2,56.73286565717196,1.3373836308703515,14.2571739079376,51.58181748797147,7.6,0.0,1,0,0,1,0,16.18,0.0,2,0,0,1,0,23.4,0.0,3,0,0,2,0,23.4,22.29599308732585,3,1,0,2,1,st crispin reef,Central,-16.10346388888889,1.1880357116917581,27.716427227323997,13.72800969953794,0.49530228362205003,2.657813774777787,0.09589308726478298,6.1530328107711805,0.22199949366869576,,,1.7525935716859686,0.06323302629561828,1.2783920542627676,32.87554646095439,18.50901818009439,0.5630026014039697,2.2002608034437583,0.06692697278985044,6.41198262803317,0.1950380546722942,,,1.9485113366226416,0.05926932161985044,1.5365080022265607,True,True,True,0.49316411311997777,0.09547912638206138,0.22104114402135272,,0.06296005563496769,,14.91818946107484,0.1297448627991091,,0.0,0.0589371479377656,1.2093335035463793,,40.405343698883065,0.0,0.0,0.1333720286934265,0.0,,0.0653619215083363,1.0796581040610047,,0.0,13.72800969953794,,,,,,0.3101879401149132,,1.7525935716859686,,2.113911600523984,,6.1530328107711805,2.657813774777787,1.000877829912225,,,,,0.0,,,0.3424541721183547,1.1471576586320646,0.6437216868750558,,,0.9874837606509596,,0.4687486687729618,8.67279436477042,0.19963185695640787,-0.06751362489699089,-0.8058707579658089,0.8939493773927413,-0.5777592859729849,-0.7018442530687745,0.733288805944024
St_Crispin_Reef,2024,Concurrent,5.87,18.51984,2023,2026,2,36.17623758090021,23.338841326065403,12.837396254834804,12.837396254834804,0.3548571414074443,0.3548571414074443,2,44.323753230873294,1.5899082621555962,24.27917806689718,42.40620081570707,5.56,0.0,1,0,0,1,0,12.56,0.0,2,0,0,1,0,21.14,0.0,3,0,0,1,0,26.96,0.0,4,0,0,2,0,st crispin reef,Central,-16.10346388888889,0.6451428585925557,36.035632415450536,21.42074581260261,0.5944323542222146,3.24579004165584,0.09007168250123965,5.889824893058912,0.16344447143748772,,,2.1960645405892194,0.0609414735745734,1.5378873485422975,,,,,,,,,,,,,True,False,False,0.5921219907045286,0.08972160342537955,0.16280921640586898,,0.060704614062703555,,17.65293365124352,0.1943995432235712,,0.0,0.3625041587200657,1.0856342238089467,,24.925289971252027,0.0,0.0,0.1913528794954922,0.0,,0.3612639510526567,0.9852705179941486,,0.0,21.42074581260261,,,,,,0.4659626111917518,,2.1960645405892194,,1.8907001008133355,,5.889824893058912,3.24579004165584,0.9265444155388642,,,,,0.0,,,0.3743938394766115,1.3362688711371755,0.7426751316971618,,,1.2608093534616465,,0.1351485336985457,11.769075689799417,0.8244131746221474,0.34372599830050926,0.4029349465379297,0.8939493773927413,-0.5777592859729849,-0.7018442530687745,0.9362285123860965
St_Crispin_Reef,2025,Heatwave_Only,5.34,0.0,2024,2026,1,38.84654332896981,23.338841326065403,15.507702002904406,15.507702002904406,0.3992041678349161,0.3992041678349161,1,43.0774225197022,1.9304962108809147,17.232740154801093,105.19828117020782,10.83,18.51984,2,1,1,1,1,17.77,18.51984,3,1,1,1,1,18.43,18.51984,3,1,1,1,1,27.01,18.51984,4,1,1,1,1,st crispin reef,Central,-16.10346388888889,0.6007958321650838,38.70012184584603,22.934432646292265,0.592619132767769,3.492277499965553,0.09023944456496344,6.23726519238371,0.16116913577762293,,,2.035016195483092,0.05258423225614535,1.8456857923578291,,,,,,,,,,,,,True,False,False,0.5903854160735303,0.0898993115138043,0.16056165254045318,,0.052386030289739545,,16.062939156201654,0.1610554045495365,,0.0,0.1617774973068605,1.689439991195448,,24.947146894837648,0.0231051974434424,0.0,0.1665807075184355,0.0,,0.1641211363362382,1.4815771313081734,,0.0334068171949821,22.934432646292265,,,,,,0.5229224464368074,,2.035016195483092,,2.350735620134036,,6.23726519238371,3.492277499965553,1.1274722451505637,,,,,0.0,,,0.2172478096564074,1.6021271033522315,0.742668744148624,,,1.567179537871087,,0.0714807976517005,9.576182250242177,1.0244645717147505,0.1846332973554909,-0.8058707579658089,1.7695527787569,1.3420104933676291,-0.9047452623535249,1.0376983656071328
Taylor_Reef,2011,Storm_Only,1.2,41.000868,2010,2012,1,17.413693914590006,20.425034053991663,-3.011340139401657,0.0,-0.1729294286537686,-0.1729294286537686,10,73.16560834609719,2.83763889702162,25.90523360794832,64.36042970694648,2.52,0.0,0,0,0,0,0,2.66,0.0,0,0,0,0,0,5.48,0.0,0,0,0,0,0,5.48,0.0,0,0,0,0,0,taylor reef,Central,-17.823888888888888,1.1729294286537686,17.317098225207463,8.138558602295609,0.4699724224263391,1.5457418078331908,0.08926101750598994,4.452014302189594,0.2570877778881605,,,1.2477625179708236,0.07205378763484349,2.7696530578390908,20.327134193887687,7.523651542764465,0.3701284928313606,1.899678287751928,0.09345529328591513,6.292998352977797,0.30958610756208244,,,1.670105304390159,0.08216137545312979,2.4241157860096334,True,True,True,0.4673654333315658,0.0887658767527834,0.2556616835018266,,0.07165409729209665,,10.306126707494284,0.6549827216056401,,0.2237563279107312,0.0,1.1907794450060651,,59.48995572054224,1.0905917922357444,,0.3906753105433274,0.0923495249174035,,0.0,0.9409736246383996,,1.34565459773996,8.138558602295609,,,0.2439347221714153,,,,0.3860057187717703,1.2477625179708236,,1.3030805539750614,,4.452014302189594,1.5457418078331908,,,,,,,,,0.3109785539160004,0.4387232009598157,0.4597822899278792,,0.210315476329378,0.5580890569975748,,0.8765112792975358,2.073788016800329,-0.5812210214506282,-1.0580908194603122,1.8702907600605234,-0.8572574253355764,-0.5777592859729849,0.9213638212092281,-0.38287957948737456
Taylor_Reef,2017,Heatwave_Only,7.61,0.0,2016,2018,1,62.855817851787045,3.373383081067248,59.4824347707198,59.4824347707198,0.9463314105780688,0.9463314105780688,10,25.912403168537608,1.6350299085619882,36.72784496663034,34.489741986575766,4.57,0.0,0,0,0,0,0,6.880000000000001,0.0,0,0,0,0,0,9.48,0.0,0,0,0,0,0,10.14,0.0,0,0,0,0,0,taylor reef,Central,-17.823888888888888,0.05366858942193113,62.767886976370555,43.62923684880413,0.6950885070454688,1.8062397325488149,0.028776494152635525,11.726496354801784,0.1868231817205558,,,2.7279593655976218,0.043461067386649205,1.577043916522932,3.2786563467975314,0.2783330189355737,0.08489240392865174,0.4143455449469823,0.1263766314977474,1.014156592391745,0.30932079642391774,,,0.4193075013431342,0.1278900430515379,1.1412304984539021,True,True,True,0.6941161270334774,0.02873623785801177,0.1865618292081198,,0.04340026840522709,,3.3089186014506264,0.3515455915194796,,0.0,0.5478118403386061,1.3848844849264783,,19.97325832093908,0.0690092089577571,,0.1592115623686851,0.0,,0.2921023763446648,1.1012720112281469,,0.0244579665814351,43.62923684880413,,,0.2774789546041205,,,,0.2748874963824698,2.7279593655976218,,2.325588223631613,,11.726496354801784,1.8062397325488149,,,,,,,,,0.3064134029391367,0.583339841311655,0.2067490805746618,,0.1446520250522631,0.5659690542757584,,0.8780719237982858,1.2019184378752334,2.823168302529712,0.8660303372520788,-0.8058707579658089,-0.8572574253355764,-0.5777592859729849,0.9213638212092281,0.22593953983884282
Taylor_Reef,2020,Heatwave_Only,5.84,0.0,2018,2020,0,3.373383081067248,4.3642163448547695,-0.9908332637875216,0.0,-0.2937209442202005,-0.2937209442202005,3,91.1030042489904,1.210647397158546,5.86356618887948,43.25328159472991,7.77,0.0,1,0,0,1,0,12.34,0.0,1,0,0,1,0,14.21,0.0,1,0,0,1,0,14.65,0.0,1,0,0,1,0,taylor reef,Central,-17.823888888888888,1.2937209442202005,3.2786563467975314,0.2783330189355737,0.08489240392865174,0.4143455449469823,0.1263766314977474,1.014156592391745,0.30932079642391774,,,0.4193075013431342,0.1278900430515379,1.1412304984539021,4.259230297015252,0.406902031786704,0.09553417012267437,0.8427887709557627,0.1978734917307395,0.9808931384537468,0.2302982158868303,,,0.6520837373962791,0.15309896200100778,0.6699328350559755,True,True,True,0.08250857143906604,0.12282789561388754,0.30063487247671056,,0.12429880961235999,,4.705845327060936,0.4773740460683522,,0.0,0.2336906697870547,0.9496642087535404,,84.48122924256994,0.0743708527483665,,0.2546490920296173,0.0,,0.2268767422979646,0.6364990235592233,,0.023205640567097,0.2783330189355737,,,0.522981458941809,,,,0.1128124991870529,0.4193075013431342,,0.5167197310512341,,1.014156592391745,0.4143455449469823,,,,,,,,,0.3746307794954331,0.139135433322364,0.1816045855055294,,0.558686617454143,0.8545605048110555,,0.4045119270786252,0.2046550695443542,-1.633079521134098,0.3347207510772063,-0.8058707579658089,0.01834597602858237,-0.5777592859729849,-0.4989432437840242,0.5303490995019515
Taylor_Reef,2022,Heatwave_Only,5.38,0.0,2020,2023,1,4.3642163448547695,8.222318546795194,-3.858102201940424,0.0,-0.8840309226395174,-0.8840309226395174,2,85.55950389213857,0.7205497166116762,8.344020567925847,35.58706743583188,5.84,22.481028,1,1,1,1,1,13.61,22.481028,2,1,1,1,1,18.18,22.481028,2,1,1,1,1,18.18,22.481028,2,1,1,1,1,taylor reef,Central,-17.823888888888888,1.8840309226395173,4.259230297015252,0.406902031786704,0.09553417012267437,0.8427887709557627,0.1978734917307395,0.9808931384537468,0.2302982158868303,,,0.6520837373962791,0.15309896200100778,0.6699328350559755,8.1067872815104,1.7505108396642477,0.21593151255574883,1.07832268196529,0.13301479914548647,1.4381245856058271,0.1773975973053885,,,1.5364558862850166,0.18952710030881123,1.2169046554410363,True,True,True,0.09323599006873814,0.19311342618231467,0.22475813776055792,,0.14941599725344937,,5.091121096755325,0.2359513054647585,,0.0,0.0747676765434386,0.6919804525949251,,79.27266714665471,0.0,,0.1568952927940992,0.0,,0.0559661568335011,0.4570713854283751,,0.0,0.406902031786704,,,0.2531861210701496,,,,0.0185863159565761,0.6520837373962791,,1.104790181396034,,0.9808931384537468,0.8427887709557627,,,,,,,,,1.2410823976072125,0.5190898448591201,0.7245368459768917,,0.6862949593382369,1.1446693367231109,,0.0484808088688212,1.1628508643042943,-1.5588492278990214,0.19664029365322813,-0.8058707579658089,0.8939493773927413,1.3420104933676291,-0.7018442530687745,0.733288805944024
Taylor_Reef,2024,Heatwave_Only,4.6000000000000005,0.0,2023,2024,0,8.222318546795194,12.44018529869363,-4.217866751898436,0.0,-0.5129777845377239,-0.5129777845377239,2,80.14221311519695,1.2714493036721066,13.239176161861517,48.6601922479727,5.87,0.0,1,0,0,1,0,11.71,22.481028,2,1,1,1,1,19.48,22.481028,3,1,1,1,1,21.8,22.481028,3,1,1,1,1,taylor reef,Central,-17.823888888888888,1.512977784537724,8.1067872815104,1.7505108396642477,0.21593151255574883,1.07832268196529,0.13301479914548647,1.4381245856058271,0.1773975973053885,,,1.5364558862850166,0.18952710030881123,1.2169046554410363,12.33150778940414,3.504593709363565,0.28419831290824715,1.9928506876586376,0.16160640869650963,1.7353609037947095,0.14072576796211572,,,2.2259698661892817,0.18051076187957715,3.689071414029205,True,True,True,0.21289747286019986,0.13114581681897827,0.17490499515691518,,0.1868640672993483,,5.340853463006424,0.2173984293847645,,0.0733196211997159,0.5585362144366961,1.2093043704623374,,72.44278077469922,0.0,,0.0910980828787486,0.024848961841033,,0.327940669290417,0.7730169414308377,,0.0,1.7505108396642477,,,0.8147767676109304,,,,0.5485416089094813,1.5364558862850166,,0.9400549114696072,,1.4381245856058271,1.07832268196529,,,,,,,,,0.7811118754420305,0.1782935790604538,0.5326213556238245,,0.7909581429991291,2.6379189003843098,,0.0193483617490398,3.16032712625615,-1.269811638783173,-0.03749613415264766,-0.8058707579658089,0.8939493773927413,1.3420104933676291,-0.7018442530687745,0.9362285123860965
Taylor_Reef,2025,Heatwave_Only,5.76,0.0,2024,2025,0,12.44018529869363,14.041346200117315,-1.601160901423686,0.0,-0.1287087662264827,-0.1287087662264827,1,73.44914368605686,3.759625543057774,19.2218944194198,67.87083560056749,10.47,0.0,2,0,0,1,0,16.31,22.481028,3,1,1,1,1,16.47,22.481028,3,1,1,1,1,24.08,22.481028,4,1,1,1,1,taylor reef,Central,-17.823888888888888,1.1287087662264828,12.33150778940414,3.504593709363565,0.28419831290824715,1.9928506876586376,0.16160640869650963,1.7353609037947095,0.14072576796211572,,,2.2259698661892817,0.18051076187957715,3.689071414029205,13.92749122339586,4.590288639533353,0.32958474472577187,1.4130163447385748,0.10145519548882884,1.5982571637736358,0.11475556782895907,,,3.258368116831262,0.2339522649533426,2.3381765046802356,True,True,True,0.2817155552925397,0.1601946144538467,0.13949638708170556,,0.17893381913073558,,7.938106541118714,0.5914035555471956,,0.8060839811263303,1.295912979280765,1.8232769196554672,,60.7910661904804,0.0,,0.3972957978928871,0.5322205974365009,,1.1876763448228993,1.5718786738769177,,0.0,3.504593709363565,,,0.8484027095032268,,,,0.6300573140769731,2.2259698661892817,,1.394272598817747,,1.7353609037947095,1.9928506876586376,,,,,,,,,1.0235379579900157,0.1523990377272788,0.9810122597511094,,0.9600136930601024,2.052480650551817,,0.0513141035611564,3.93162099226784,-0.9538215552215028,0.3107067584817318,-0.8058707579658089,1.7695527787569,1.3420104933676291,-0.9047452623535249,1.0376983656071328
Tern_Island,2015,Storm_Only,2.35,38.59638811474957,2014,2018,3,15.916999625197848,14.538912014551231,1.378087610646617,1.378087610646617,0.0865796094174053,0.0865796094174053,8,57.51310421522907,0.5974134145726973,14.4878595167853,46.11732779343513,4.470000000000001,0.0,0,0,0,0,0,8.16,0.0,0,0,0,0,0,9.24,0.0,0,0,0,0,0,16.61,0.0,1,0,0,1,0,tern island,South,-20.91027777777777,0.9134203905825947,15.51375066786949,3.8918524116690527,0.250864700290012,2.02045158934458,0.13023617773676965,0.9382945743827364,0.060481478300797836,3.479013221883421,0.22425352168955515,2.804188209696909,0.18075501338980907,0.5346494290316255,14.138528174072954,2.1532373026904774,0.15229571820913124,2.15207252799014,0.1522133351855239,0.6707229614808151,0.047439376519458225,2.41268791665318,0.1706463280299243,3.9989617234178447,0.28284144390298616,0.3134779004165074,True,True,True,0.24450917279082848,0.12693671149844396,0.05894921131350303,0.2185721746437609,0.1761756785655546,0.0,6.083123528055946,0.213321595029522,,0.2177879338244231,0.1035776906347533,0.652419469106736,,49.654342313497146,,0.0,0.0951581718972403,0.0,0.0,0.0322052435468471,0.2506041992606457,,0.1566818143268924,3.8918524116690527,,,,,,,0.3288216850006159,2.804188209696909,3.479013221883421,2.0511289758921736,,0.9382945743827364,2.02045158934458,,,3.957285067561582,,,,,1.508505264866575,,0.7256344788469923,1.0659503013230789,,,1.5319842839150968,,3.5406678327961134,7.772545754046164,-0.6933489243433487,-0.712889675900367,1.713348313384137,-0.8572574253355764,-0.5777592859729849,0.5155618026397275,0.022999833396770367
Tern_Island,2017,Heatwave_Only,4.01,0.0,2016,2018,1,27.734407276595192,14.538912014551231,13.19549526204396,13.19549526204396,0.475780683915301,0.475780683915301,10,43.49526722652972,3.4662853225425927,20.14124373866684,41.04231431263255,6.65,0.0,0,0,0,0,0,8.77,0.0,0,0,0,0,0,12.46,0.0,0,0,0,0,0,12.91,0.0,0,0,0,0,0,tern island,South,-20.91027777777777,0.524219316084699,27.131993232412725,8.758870157063802,0.322824426574019,3.100748074545145,0.11428382898315391,1.7685715119161256,0.0651839876549628,5.4115856661104615,0.19945404009778436,5.284554479411225,0.19477206979021844,3.3475237946106895,14.138528174072954,2.1532373026904774,0.15229571820913124,2.15207252799014,0.1522133351855239,0.6707229614808151,0.047439376519458225,2.41268791665318,0.1706463280299243,3.9989617234178447,0.28284144390298616,0.3134779004165074,True,True,True,0.31581241559307927,0.11180149060412181,0.0637681380488202,0.19512173496771457,0.1905414608903797,0.0,2.9449066950550544,2.5869947546833534,,0.2025788608077228,0.4337679791100937,0.5337012077208995,,36.13868583294197,,0.0,2.8779209747681227,0.0309986274674689,0.0313447023159796,0.184850663847451,0.2224088262116674,,0.0,8.758870157063802,,,,,,,0.6035823895867589,5.284554479411225,5.4115856661104615,2.2040809537792057,,1.7685715119161256,3.100748074545145,,,3.3113876242672826,,,,,0.8690966857214942,,0.7488132082882726,1.1558560594839815,,,1.5139435214775323,,5.32151469780253,6.859853605489407,0.19197625326370463,-0.21459932954427202,-0.8058707579658089,-0.8572574253355764,-0.5777592859729849,0.9213638212092281,0.22593953983884282
Tern_Island,2019,Heatwave_Only,4.84,0.0,2018,2020,1,14.538912014551231,20.433693276548336,-5.894781261997105,0.0,-0.405448582128933,-0.405448582128933,2,73.92722361175926,0.3702768161090958,7.881851759394379,48.01596781624143,8.23,0.0,1,0,0,1,0,12.93,0.0,1,0,0,1,0,15.05,0.0,1,0,0,1,0,17.43,0.0,1,0,0,1,0,tern island,South,-20.91027777777777,1.4054485821289329,14.138528174072954,2.1532373026904774,0.15229571820913124,2.15207252799014,0.1522133351855239,0.6707229614808151,0.047439376519458225,2.41268791665318,0.1706463280299243,3.9989617234178447,0.28284144390298616,0.3134779004165074,19.964800785986785,2.7049529792659914,0.13548609917333046,2.93169149765992,0.14684301281471654,1.1125047924010476,0.05572331045656666,5.0637506529328125,0.25363391837533583,5.628121581277967,0.28190221588528563,1.3020759016943464,True,True,True,0.1481016805477202,0.14802156625174182,0.04613295415843523,0.16594693703617217,0.2750523367508858,0.0,2.0186823711007653,0.2077847519541864,,0.0,0.0985612613363944,0.4233215592321643,,70.73903320748043,,0.0,0.125452359453752,0.0,0.0,0.0301591441780973,0.1578663967846581,,0.0,2.1532373026904774,,,,,,,0.9721174522678556,3.9989617234178447,2.41268791665318,1.7787282895726408,,0.6707229614808151,2.15207252799014,,,2.602260915018146,,,,,0.74846547421004,,0.1182371854911421,1.0590046631294137,,,1.4421933140436396,,0.3340216544530291,0.4402390415775631,-0.7965911661821948,0.03454584363377552,-0.8058707579658089,0.01834597602858237,-0.5777592859729849,-0.7018442530687745,0.4288792462809153
Tern_Island,2020,Heatwave_Only,8.11,0.0,2018,2020,0,14.538912014551231,20.433693276548336,-5.894781261997105,0.0,-0.405448582128933,-0.405448582128933,1,73.92722361175926,0.3702768161090958,7.881851759394379,48.01596781624143,11.12,0.0,2,0,0,1,0,15.419999999999998,0.0,2,0,0,1,0,18.43,0.0,2,0,0,1,0,19.89,0.0,2,0,0,1,0,tern island,South,-20.91027777777777,1.4054485821289329,14.138528174072954,2.1532373026904774,0.15229571820913124,2.15207252799014,0.1522133351855239,0.6707229614808151,0.047439376519458225,2.41268791665318,0.1706463280299243,3.9989617234178447,0.28284144390298616,0.3134779004165074,19.964800785986785,2.7049529792659914,0.13548609917333046,2.93169149765992,0.14684301281471654,1.1125047924010476,0.05572331045656666,5.0637506529328125,0.25363391837533583,5.628121581277967,0.28190221588528563,1.3020759016943464,True,True,True,0.1481016805477202,0.14802156625174182,0.04613295415843523,0.16594693703617217,0.2750523367508858,0.0,2.0186823711007653,0.2077847519541864,,0.0,0.0985612613363944,0.4233215592321643,,70.73903320748043,,0.0,0.125452359453752,0.0,0.0,0.0301591441780973,0.1578663967846581,,0.0,2.1532373026904774,,,,,,,0.9721174522678556,3.9989617234178447,2.41268791665318,1.7787282895726408,,0.6707229614808151,2.15207252799014,,,2.602260915018146,,,,,0.74846547421004,,0.1182371854911421,1.0590046631294137,,,1.4421933140436396,,0.3340216544530291,0.4402390415775631,-0.7965911661821948,1.016117790973794,-0.8058707579658089,0.8939493773927413,-0.5777592859729849,-0.9047452623535249,0.5303490995019515
Tern_Island,2022,Heatwave_Only,5.0,0.0,2020,2025,3,20.433693276548336,4.475354712083805,15.958338564464531,15.958338564464531,0.7809816046705492,0.7809816046705492,2,69.60660486025006,1.400095908592942,11.65101276089178,50.927507414094094,16.13,0.0,2,0,0,2,0,22.41,0.0,3,0,0,2,0,26.71,0.0,3,0,0,2,0,29.06,0.0,3,0,0,2,0,tern island,South,-20.91027777777777,0.2190183953294508,19.964800785986785,2.7049529792659914,0.13548609917333046,2.93169149765992,0.14684301281471654,1.1125047924010476,0.05572331045656666,5.0637506529328125,0.25363391837533583,5.628121581277967,0.28190221588528563,1.3020759016943464,4.279150710955577,0.026592402672433,0.0062144113326858385,2.1047438760218293,0.491860188666227,0.0194610565012898,0.004547878262727501,0.4473238173309351,0.10453565381225922,0.8486743769891149,0.19832776041664527,0.5561831022307674,True,True,True,0.13237709613515902,0.14347340238412065,0.05444462620361756,0.24781377426000897,0.27543339841248077,0.1295672698482784,2.230563133085228,0.0943435715234239,,0.2990801768565043,0.4935925893667502,0.7416459097439738,,65.02093844705247,,0.3730962954456387,0.0302047993780772,0.0657246971936824,0.0,0.3372899922307551,0.4673276605916111,,0.0284324568545818,2.7049529792659914,,,,,,,1.0736432701897978,5.628121581277967,5.0637506529328125,1.4501360122592473,,1.1125047924010476,2.93169149765992,,,2.543576804402329,,,,,0.3608317085772157,,0.0892813173058063,0.918518115762622,,,0.5884800032756334,,0.7109532353728788,0.5256874762781866,-0.3549716146119973,0.08257382882472449,-0.8058707579658089,1.7695527787569,-0.5777592859729849,-0.7018442530687745,0.733288805944024
Tern_Island,2024,Heatwave_Only,7.54,0.0,2023,2025,1,25.18642928735211,4.475354712083805,20.711074575268302,20.711074575268302,0.8223108698329383,0.8223108698329383,2,60.663885736026266,3.193988830706314,14.188120420169636,69.11641652646617,8.98,0.0,1,0,0,1,0,21.93,0.0,3,0,0,2,0,28.21,0.0,4,0,0,2,0,30.16,0.0,4,0,0,2,0,tern island,South,-20.91027777777777,0.17768913016706173,24.595164056381304,4.581247511436853,0.18626619041592576,3.178864469881644,0.12924754080088668,0.171562054496086,0.006975438509082586,5.114280987875768,0.2079384783184176,7.965397110603043,0.3238602959648237,3.119042358241265,4.279150710955577,0.026592402672433,0.0062144113326858385,2.1047438760218293,0.491860188666227,0.0194610565012898,0.004547878262727501,0.4473238173309351,0.10453565381225922,0.8486743769891149,0.19832776041664527,0.5561831022307674,True,True,True,0.18189348951252182,0.12621338394632928,0.006811686267185141,0.20305700857898148,0.3162574980250588,0.0,3.064473217054303,0.4196274477503524,,0.2148627151012238,1.7746538181320122,2.182387956229653,,52.38603651174205,,0.0,0.1544890147387025,0.092028250379099,0.0,0.9048242783380336,1.96770081478543,,0.0,4.581247511436853,,,,,,,0.99745448578482,7.965397110603043,5.114280987875768,2.586357436303091,,0.171562054496086,3.178864469881644,,,2.9182867212133656,,,,,0.7882450691936594,,0.4371510409902417,1.2846063409653088,,,0.8641841159128025,,0.0,1.4393144053955718,0.0010892895226543044,0.8450180937310385,-0.8058707579658089,1.7695527787569,-0.5777592859729849,-0.7018442530687745,0.9362285123860965
Thetford_Reef,1990,Storm_Only,0.0,21.760466282362053,1989,1992,2,32.88647713591931,17.438747105917958,15.447730030001347,15.447730030001347,0.4697289395320793,0.4697289395320793,10,,,,,1.23,0.0,0,0,0,0,0,1.23,0.0,0,0,0,0,0,1.23,0.0,0,0,0,0,0,1.23,0.0,0,0,0,0,0,thetford reef,Central,-16.80611111111111,0.5302710604679207,,,,,,,,,,,,,,,,,,,,,,,,,False,False,False,,,,,,,,,,,,,,,,,,,,,,,,,,,,,,,,,,,,,,,,,,,,,,,,,,,,,,,0.5779540664866177,-1.4183007083924293,0.6144533795418863,-0.8572574253355764,-0.5777592859729849,0.9213638212092281,-2.5137464971291354
Thetford_Reef,1991,Storm_Only,0.0,20.31405414732738,1989,1994,3,32.88647713591931,15.476507072507422,17.409970063411883,17.409970063411883,0.529396018657053,0.529396018657053,10,,,,,1.23,0.0,0,0,0,0,0,1.23,0.0,0,0,0,0,0,1.23,0.0,0,0,0,0,0,1.23,0.0,0,0,0,0,0,thetford reef,Central,-16.80611111111111,0.470603981342947,,,,,,,,,,,,,15.310128054071267,1.803417676056367,0.1177924619367767,0.6006782586552557,0.039234045367473165,1.5260083394297952,0.0996731270986332,0.3709311566002231,0.024227828486489054,3.345156994550787,0.21849307744106314,1.1848273439369938,False,True,False,,,,,,,,,,,,,,,,,,,,,,,,,,,,,,,,,,,,,,,,,,,,,,,,,,,,,,,0.5779540664866177,-1.4183007083924293,0.5200448295817708,-0.8572574253355764,-0.5777592859729849,0.9213638212092281,-2.412276643908099
Thetford_Reef,2006,Storm_Only,0.77,24.53324895423199,2005,2006,0,8.324947106042343,11.07431017313302,-2.749363067090677,0.0,-0.3302559201961965,-0.3302559201961965,10,75.36162776258683,0.3094485909389431,,57.51139257115787,2.48,0.0,0,0,0,0,0,5.74,0.0,0,0,0,0,0,7.0600000000000005,0.0,0,0,0,0,0,7.21,0.0,0,0,0,0,0,thetford reef,Central,-16.80611111111111,1.3302559201961965,8.194318127058713,1.8320190411709063,0.2235718717243036,1.135933879142139,0.1386245763867937,2.406285071655668,0.29365287438741233,0.5455872013901989,0.06658115939977952,0.3924056674123004,0.047887531497773486,0.27122572380003496,10.950762439247809,3.9282897679681392,0.35872294643969715,1.723314993969148,0.1573694072471834,2.5776000359837785,0.23538087418877748,0.1455415813321307,0.013290543205512886,1.067806371834396,0.09750977411466356,4.412339492877747,True,True,True,0.22006374549109214,0.13644938095974987,0.28904508833565545,0.06553641656103802,0.047136115390749786,,10.5553695355199,0.1444472213297413,,0.0,0.0,0.0,,64.10766645518504,0.3775555282092331,,0.0693980152374063,0.0,,0.0,0.0,,0.2018277085626287,1.8320190411709063,,,,,,,,0.3924056674123004,0.5455872013901989,0.6236073983571103,,2.406285071655668,1.135933879142139,,1.2584798679303904,,,,,,,1.639335728871865,0.0551744875219537,0.2307374909890195,,0.613586684510072,2.9508446156003765,,4.945860858979565,2.200919354319624,-1.2621230111142872,-1.1871660296609876,0.7954352622744314,-0.8572574253355764,-0.5777592859729849,0.9213638212092281,-0.8902288455925558
Thetford_Reef,2010,Storm_Only,1.24,18.51984,2009,2012,2,30.584156304595368,19.036148378178712,11.548007926416656,11.548007926416656,0.3775813794373504,0.3775813794373504,10,46.91325071606467,1.132586323286154,14.857199688224869,56.409572640633954,2.8000000000000003,0.0,0,0,0,0,0,4.23,0.0,0,0,0,0,0,6.050000000000001,0.0,0,0,0,0,0,7.96,0.0,0,0,0,0,0,thetford reef,Central,-16.80611111111111,0.6224186205626496,30.452207308883185,17.07005214747105,0.5605522113496042,2.776847702471502,0.09118707469397366,6.350582142428081,0.2085425886541748,0.4013810460755319,0.013180688086227674,2.423169586172861,0.07957287173288094,1.0863102111206564,18.900205546465028,3.761842629132385,0.19903712792350958,2.5867358216777547,0.1368628407409866,4.934697084193454,0.261092244317756,1.2659297090351442,0.0669796794496722,4.0587929930610205,0.21474861652074206,1.6300696042540972,True,True,True,0.5581338251565965,0.09079366698287085,0.20764287493109254,0.013123822742667029,0.07922957109033517,,13.57215687056495,0.1522406453064763,,0.0,0.0,0.9748240207393016,,31.502901527901585,0.3563516510909528,,0.1609684603084003,0.0,,0.0,0.5279893358253813,,0.3973524149868747,17.07005214747105,,,,,,,,2.423169586172861,0.4013810460755319,1.2241202987219215,,6.350582142428081,2.776847702471502,,0.206054385542239,,,,,,,0.1244708540319197,2.027936321313053,0.7250966158534405,,1.2199367709893876,2.057972843543756,,7.747718353621091,3.342723629719432,0.40547100937051095,-1.046083823162575,0.4029349465379297,-0.8572574253355764,-0.5777592859729849,0.9213638212092281,-0.4843494327084108
Thetford_Reef,2011,Storm_Only,1.4,21.73302444896565,2010,2012,1,34.87300120067934,19.036148378178712,15.836852822500628,15.836852822500628,0.4541293343628858,0.4541293343628858,10,41.45670235948511,1.9635297206828448,19.208289009352143,73.84719298630995,4.04,0.0,0,0,0,0,0,4.8100000000000005,0.0,0,0,0,0,0,7.290000000000001,0.0,0,0,0,0,0,7.29,0.0,0,0,0,0,0,thetford reef,Central,-16.80611111111111,0.5458706656371142,34.76845515634536,21.137911303879065,0.6079623385286166,2.3179987735209253,0.06666959354672054,6.420950908098351,0.18467748650967902,0.8180733980872353,0.02352918455561389,2.213640468774595,0.06366807092292101,1.9027891123347067,18.900205546465028,3.761842629132385,0.19903712792350958,2.5867358216777547,0.1368628407409866,4.934697084193454,0.261092244317756,1.2659297090351442,0.0669796794496722,4.0587929930610205,0.21474861652074206,1.6300696042540972,True,True,True,0.6061397234565314,0.06646972424833254,0.18412384042166316,0.023458646228340648,0.06347719991279306,,9.526113061432644,1.1542145125092305,,0.0,0.0,1.0444023778544524,,28.67945772894969,0.7386291791761898,,0.8121953444767377,0.0,,0.0,0.6596909743773064,,0.4309027934806627,21.137911303879065,,,,,,,,2.213640468774595,0.8180733980872353,1.6482951115376685,,6.420950908098351,2.3179987735209253,,0.211585192447521,,,,,,,0.2893617892774944,1.3615153321765217,1.292075855192312,,1.217999968078978,9.584951203322303,,2.999192648809352,2.9540007213531907,0.7267785652544505,-0.9980558379716262,0.6126622277418917,-0.8572574253355764,-0.5777592859729849,0.9213638212092281,-0.38287957948737456
Thetford_Reef,2017,Heatwave_Only,10.88,0.0,2016,2018,1,30.239679241872828,12.306932284940435,17.93274695693239,17.93274695693239,0.5930204091616471,0.5930204091616471,10,46.29515905932836,2.559209453138504,30.910540615174853,47.68401700272557,5.69,0.0,0,0,0,0,0,8.81,0.0,0,0,0,0,0,11.45,0.0,0,0,0,0,0,14.11,0.0,0,0,0,0,0,thetford reef,Central,-16.80611111111111,0.40697959083835283,30.12601062888834,11.206264044927009,0.3719796883488162,2.4257471243604,0.0805200248463801,6.690155483365897,0.22207240001935716,1.4844951664310706,0.04927619473809662,5.0355478815092685,0.1671495088925115,2.465109661292551,12.205086323611841,1.172811289382671,0.09609201100968551,0.6896303584166253,0.05650352157546589,3.977081731798382,0.3258544533277375,0.5267187975293024,0.04315567981770988,3.580838459183655,0.29338903177245046,4.648411897755256,True,True,True,0.3705814455005765,0.08021735630718835,0.22123764706148244,0.04909096933725054,0.16652120683001673,,14.700736153137944,0.4930450641305192,,0.0684397504284927,0.0756806139452839,2.054189223906639,,27.89703379322762,0.5067621563411239,,0.3650963043078622,0.0330441655408169,,0.0334817933442411,1.7096102828314692,,0.3238771152681614,11.206264044927009,,,,,,,,5.0355478815092685,1.4844951664310706,3.2348938547497235,,6.690155483365897,2.4257471243604,,0.0489070735449742,,,,,,,0.9033069735167772,0.9694135371157706,1.0235797567391818,,1.2999759967494282,9.368635579849114,,3.513063615821264,2.0975860340971924,0.3796638081862202,1.8476022845920974,-0.8058707579658089,-0.8572574253355764,-0.5777592859729849,0.9213638212092281,0.22593953983884282
Thetford_Reef,2020,Heatwave_Only,6.23,0.0,2019,2020,0,16.63595145487427,15.86055546239318,0.7753959924810907,0.7753959924810907,0.046609657078189,0.046609657078189,3,68.86761454497137,4.636744092639425,15.765360545478456,73.56857541777504,11.73,0.0,1,0,0,1,0,17.419999999999998,0.0,1,0,0,1,0,20.22,0.0,1,0,0,1,0,20.54,0.0,1,0,0,1,0,thetford reef,Central,-16.80611111111111,0.9533903429218109,16.52238031730786,1.4755413711382577,0.08930561715690376,2.3416643829428487,0.141726817684366,3.784979589519992,0.22908197952295486,0.4071430685819072,0.024641913620364275,5.469337119494414,0.3310259789725977,4.589349435685715,15.745240911364084,1.0453642485518186,0.06639239465668194,1.974049810456408,0.12537437957088626,4.8957437583233006,0.31093482696665575,0.6027357220712691,0.03828050173790903,4.871592566008612,0.3094009544491983,1.6737481562628773,True,True,True,0.08869594114533977,0.14075927002400274,0.22751807131602367,0.024473686983657063,0.32876611441973874,,22.024636624750805,0.9121923945577304,,0.0,0.2144636537042756,4.041036331232354,,41.48505031256082,0.0,,0.6565638346450173,0.0,,0.0976220837768762,3.8351635172638217,,0.0,1.4755413711382577,,,,,,,,5.469337119494414,0.4071430685819072,3.0437147856304394,,3.784979589519992,2.3416643829428487,,0.0,,,,,,,3.659898436795814,0.4321209903936831,0.5392527260638543,,1.638259840160826,5.058524039858457,,0.26292030989798,0.5496087982394476,-0.6394871828281585,0.4517889649801444,-0.8058707579658089,0.01834597602858237,-0.5777592859729849,-0.4989432437840242,0.5303490995019515
Thetford_Reef,2022,Heatwave_Only,4.6000000000000005,0.0,2021,2022,0,20.84985701879186,20.704742317266387,0.1451147015254719,0.1451147015254719,0.0069599854519232,0.0069599854519232,2,61.69039360795823,3.464933249730684,11.970845944171854,44.80284666555698,7.53,0.0,1,0,0,1,0,18.56,0.0,2,0,0,1,0,24.25,0.0,2,0,0,1,0,24.25,0.0,2,0,0,1,0,thetford reef,Central,-16.80611111111111,0.9930400145480767,20.733923538440678,2.338151546623699,0.11276937248701473,1.577567647405078,0.07608630583016614,7.648409732889777,0.3688838592806437,0.4715979197899659,0.022745232898907133,5.645293686406403,0.27227329530467465,3.3985497141909478,20.574832467423082,2.825026103354704,0.13730493834288449,2.502636805810836,0.12163582910205255,5.532219760019573,0.2688828581607626,0.7977925160613785,0.038775164625255334,6.19114266175438,0.30090853335292295,3.341695203498746,True,True,True,0.1121423300177232,0.07566323577102832,0.3668327186127132,0.022618760376386146,0.27075934771726884,,23.55344951374836,0.7753173178990885,,0.0,0.4769477080306386,3.0069401391915136,,33.363897900299875,0.0753012324912492,,0.3928429074596404,0.0,,0.2919778397650305,2.679183381385081,,0.0345455855811959,2.338151546623699,,,,,,,,5.645293686406403,0.4715979197899659,3.033008984166067,,7.648409732889777,1.577567647405078,,0.0198940211596857,,,,,,,1.3974964631271392,0.0891942563784706,0.7415337598565788,,1.5706470971117068,9.579207190668193,,0.6636288955097439,1.6288534085041926,-0.3237938597368156,-0.03749613415264766,-0.8058707579658089,0.8939493773927413,-0.5777592859729849,-0.7018442530687745,0.733288805944024
Thetford_Reef,2024,Heatwave_Only,7.34,0.0,2023,2025,1,22.644295942164547,20.857183958615693,1.7871119835488545,1.7871119835488545,0.078921066396292,0.078921066396292,2,57.91578293330552,4.679690453052814,14.348945384362574,65.88609511249852,5.8500000000000005,0.0,1,0,0,1,0,12.78,0.0,2,0,0,1,0,23.81,0.0,3,0,0,1,0,27.200000000000003,0.0,3,0,0,1,0,thetford reef,Central,-16.80611111111111,0.921078933603708,22.524858359526117,4.218110962350584,0.18726470528799924,2.326917280306456,0.10330441342475151,4.800058402738124,0.21310049218170127,0.7669337834919385,0.034048328795265884,7.01943097891842,0.3116304159111301,4.604149663237844,20.750976498733863,4.0430360721594925,0.19483594289676834,2.993493832865384,0.1442579742234316,4.524154388405218,0.21802127667010096,0.9990645417542086,0.04814542302696778,5.379451792707806,0.2592384889952546,2.9639699717189947,True,True,True,0.1862769755846681,0.1027595331844099,0.2119764913423619,0.033868740518616804,0.30998671792872884,,16.21674342818723,0.6781485715316955,,0.2259261163152899,0.693825963167675,3.901971814224778,,35.835322035369984,0.0,,0.428743715342757,0.1012365195551408,,0.4597277354323919,3.614441692907554,,0.0,4.218110962350584,,,,,,,,7.01943097891842,0.7669337834919385,3.2741241735513578,,4.800058402738124,2.326917280306456,,0.1192827781692356,,,,,,,3.86727149971533,0.5428705274988557,0.7077567161878252,,2.0477767568703418,7.534338280561887,,0.044172061792945,1.0854609602377017,-0.18935981079782654,0.7849831122423524,-0.8058707579658089,0.8939493773927413,-0.5777592859729849,-0.7018442530687745,0.9362285123860965
Thetford_Reef,2025,Heatwave_Only,6.72,0.0,2024,2025,0,22.09710952033732,20.857183958615693,1.239925561721627,1.239925561721627,0.0561125680524164,0.0561125680524164,1,58.67124887028449,3.593804821324402,23.23650121776466,113.41921118078405,12.59,0.0,2,0,0,1,0,19.42,0.0,3,0,0,1,0,20.270000000000003,0.0,3,0,0,1,0,31.15,0.0,4,0,0,1,0,thetford reef,Central,-16.80611111111111,0.9438874319475835,21.972446045119195,3.923735899751145,0.1785752888728898,2.952050348189745,0.13435237670525502,5.278018805313195,0.24021079830962275,1.2891964598501302,0.05867332463590248,5.715353254658552,0.26011456543902267,3.538546024436765,20.750976498733863,4.0430360721594925,0.19483594289676834,2.993493832865384,0.1442579742234316,4.524154388405218,0.21802127667010096,0.9990645417542086,0.04814542302696778,5.379451792707806,0.2592384889952546,2.9639699717189947,True,True,True,0.17756783511164168,0.1335944117701364,0.23885562048083764,0.05834231208672808,0.25864709813735426,,16.794322701298352,0.784679908081632,,0.0,0.216474989166795,3.2793382171512224,,37.280760958155184,0.0,,0.6975009039951137,0.0,,0.1037706541819516,2.7372744662596995,,0.0,3.923735899751145,,,,,,,,5.715353254658552,1.2891964598501302,2.6674511934352823,,5.278018805313195,2.952050348189745,,0.146640083921144,,,,,,,0.8508895087291993,0.2262248223503181,1.1594531789114892,,1.636671494809146,12.27496615245105,,0.0,1.0652719719991643,-0.23035339673298516,0.5988746696274253,-0.8058707579658089,1.7695527787569,-0.5777592859729849,-0.9047452623535249,1.0376983656071328
Turner_Cay,2009,Storm_Only,1.21,42.338412,2008,2011,2,12.22991905089521,19.65123161120048,-7.421312560305269,0.0,-0.6068161636574398,-0.6068161636574398,15,50.69429949178407,2.808988168337275,19.713216714605657,51.87455789709679,1.82,0.0,0,0,0,0,0,5.38,0.0,0,0,0,0,0,9.24,0.0,0,0,0,0,0,9.38,0.0,0,0,0,0,0,turner cay,South,-21.71815277777777,1.6068161636574398,,,,,,,,,,,,,19.401040555676147,3.8348834488906287,0.19766380251025556,5.704999338995467,0.2940563586073408,2.5109836965586365,0.12942520734146912,,,3.7464493726806736,0.19310558946203418,0.8890792383370718,False,True,False,,,,,,,,,,,,,,,,,,,,,,,,,,,,,,,,,,,,,,,,,,,,,,,,,,,,,,,-0.9695740796894975,-1.055089070385878,1.9575933942746824,-0.8572574253355764,-0.5777592859729849,1.9358688676329796,-0.5858192859294471
Turner_Cay,2020,Heatwave_Only,6.0,0.0,2019,2021,1,6.849555129561584,6.696683579140252,0.1528715504213318,0.1528715504213318,0.0223184641235403,0.0223184641235403,11,63.374154133613416,1.364083951858792,18.804747416145407,40.40494652430348,1.4,0.0,0,0,0,0,0,2.02,0.0,0,0,0,0,0,2.02,0.0,0,0,0,0,0,2.02,0.0,0,0,0,0,0,turner cay,South,-21.71815277777777,0.9776815358764597,6.711410037279749,1.2439246584747965,0.1853447564021853,2.8533866082895365,0.42515456400963153,0.9053711372899124,0.13490028656584288,,,0.6095668928295304,0.09082545835280217,1.3328471375265873,6.491490049625697,0.2344422955987218,0.03611532850030939,3.741903963088617,0.5764322111692025,0.1810417390123719,0.027889088272238953,,,0.5682256981095561,0.08753393962951855,2.659718356029138,True,True,True,0.18160663502162597,0.41657984413831145,0.13217955329426803,,0.08899364722224617,,10.685245934690204,0.4135136061890559,,0.0,0.0313259451652197,0.9794194857317527,,50.83770034806563,0.0,,0.3826727336873682,0.0,,0.0309318320614772,0.919242571777742,0.0,0.0,1.2439246584747965,,,,,0.2995356495980158,,,0.6095668928295304,,0.7996250907979575,,0.9053711372899124,2.8533866082895365,,0.0,0.8678141217055932,,,0.3183630842542875,,,,0.9451353691810858,1.6790747227582767,,,0.7607891135048039,,0.2479483069625001,21.741338262679896,-1.3726550078219912,0.38274873626815525,-0.8058707579658089,-0.8572574253355764,-0.5777592859729849,1.1242648304939784,0.5303490995019515
Turner_Cay,2024,Heatwave_Only,9.27,0.0,2023,2025,1,10.239683580251995,13.084555999175969,-2.8448724189239734,0.0,-0.2778281571522898,-0.2778281571522898,4,52.59571651535621,2.605627341140939,30.52214684627536,70.30211661824103,1.11,0.0,0,0,0,0,0,7.11,0.0,1,0,0,1,0,8.51,0.0,1,0,0,1,0,8.67,0.0,1,0,0,1,0,turner cay,South,-21.71815277777777,1.2778281571522898,10.067757624471383,0.8490494487099071,0.08433352096659033,4.900082003189392,0.48671036649500937,0.9722346226174744,0.09656913275845001,,,1.5964835429307025,0.15857389524854867,2.5693439339383253,12.755715325741962,2.634861058903408,0.20656317514283706,5.445154352377892,0.4268795761997898,1.1120502850708418,0.08718055057458388,,,2.0089439274683234,0.15749363137746797,2.0853493456320895,True,True,True,0.08291754740814093,0.47853842013629905,0.09494772128432781,,0.1559114137090761,,21.15980850340624,0.9335842950601602,,0.0,0.0654015498124425,1.7548554192796022,,28.27957624439411,0.0,,0.8531346464595777,0.0,,0.0643062951649028,1.6519029923138446,0.0,0.0,0.8490494487099071,,,,,0.5296501499127373,,,1.5964835429307025,,1.10164887285853,,0.9722346226174744,4.900082003189392,,0.1186089842526396,0.6222993467243542,,,0.5137692320089359,,,,0.4544275621793178,3.237104739478584,,,1.3613593010899847,,0.1199863424258255,29.26036077386061,-1.1186766259927652,1.3643206836081736,-0.8058707579658089,0.01834597602858237,-0.5777592859729849,-0.2960422344992739,0.9362285123860965
Wade_Reef,2009,Storm_Only,0.6,42.338412,2008,2012,3,38.83636884406105,21.87323859846856,16.963130245592488,16.963130245592488,0.4367846621733414,0.4367846621733414,4,44.65198285738163,1.0021697046194835,21.03889941503285,48.66611018582486,2.25,0.0,0,0,0,0,0,19.92,0.0,2,0,0,2,0,19.92,0.0,2,0,0,2,0,19.92,0.0,2,0,0,2,0,wade reef,South,-21.98778611111112,0.5632153378266586,38.43397545511741,20.937535192107536,0.5447663153284276,4.752534714222384,0.12365451811698008,3.447282730810926,0.08969362887887068,3.3048928684969487,0.08598883746377864,2.935664915196732,0.07638202607026574,0.9573643291014071,,,,,,,,,,,,,True,False,False,0.5391218544704226,0.12237330254291148,0.08876429062286272,0.0850978854837594,0.07559061268019811,,11.969640784408249,0.0322027500924949,,0.0,0.0,0.6838863125777859,,30.802773826158447,0.3187570242904012,,0.0199096572980184,0.0,,0.0,0.649551987704056,,0.2879026840993327,20.937535192107536,0.5705196409643929,,,,,,,2.935664915196732,3.3048928684969487,2.485545393318494,,3.447282730810926,4.752534714222384,,,0.957450564849085,,,,,,0.60424832076326,,1.7168762293625282,,1.772701332660473,1.2816241738154317,,1.815697060578274,7.537301129137744,1.0237023294426186,-1.238195763926371,1.9575933942746824,0.8939493773927413,-0.5777592859729849,-0.2960422344992739,-0.5858192859294471
Wade_Reef,2020,Heatwave_Only,6.41,0.0,2018,2020,0,3.54026483585589,2.248662413223785,1.291602422632105,1.291602422632105,0.3648321474570839,0.3648321474570839,9,79.81745905508636,0.8890469482638154,7.883224670513119,46.35392088707765,2.91,0.0,0,0,0,0,0,3.57,0.0,0,0,0,0,0,5.55,0.0,0,0,0,0,0,6.210000000000001,0.0,0,0,0,0,0,wade reef,South,-21.98778611111112,0.6351678525429161,3.3452976149861513,0.2833174705049493,0.08469126012458601,1.171958389395054,0.35033008248502445,0.552209248853074,0.1650702904217866,0.2924911390896923,0.08743351795648925,0.3878738895264822,0.11594600366463595,0.8459261607130045,2.036395402246339,0.1475171793814267,0.0724403419977776,0.6540431563024861,0.321176896972471,0.6315173237314479,0.3101152767457753,0.1638164910581176,0.08044434341062268,0.2198981023315607,0.10798399077555962,3.287169811020504,True,True,True,0.08002719673271416,0.33103692625631576,0.15597964402557826,0.08261843467961347,0.10956069884887873,,10.42568080301188,0.0298365897698417,,0.0,0.0294480686227777,0.8623667773819944,,67.78173258072478,0.0,,0.0197610346700471,0.0,,0.0194566346695234,0.806708491373434,,0.0,0.2833174705049493,0.0,,,,,,,0.3878738895264822,0.2924911390896923,0.6574474776168996,,0.552209248853074,1.171958389395054,,,1.9029774751069977,,,,,,0.2273822151181559,,0.4795242329116843,,2.68213031731302,0.4235821341266146,,2.6215535306744497,8.47396562117092,-1.620577234375787,0.5058204483199619,-0.8058707579658089,-0.8572574253355764,-0.5777592859729849,0.7184628119244778,0.5303490995019515
Wade_Reef,2021,Heatwave_Only,12.45,0.0,2020,2022,1,2.248662413223785,6.984299339923174,-4.735636926699389,0.0,-2.105979492008391,-1.0,1,83.37741273654693,3.328509999618196,9.147719116741584,52.047824694530384,8.25,0.0,1,0,0,1,0,9.69,0.0,1,0,0,1,0,9.98,0.0,1,0,0,1,0,11.96,0.0,1,0,0,1,0,wade reef,South,-21.98778611111112,3.105979492008391,2.036395402246339,0.1475171793814267,0.0724403419977776,0.6540431563024861,0.321176896972471,0.6315173237314479,0.3101152767457753,0.1638164910581176,0.08044434341062268,0.2198981023315607,0.10798399077555962,3.287169811020504,6.72759379752182,1.1815570866687843,0.17562848207393605,1.5836479427366768,0.23539589196363642,1.093650210993318,0.16256186742371032,0.416843994368137,0.061960339300164924,0.8562227316972908,0.1272702778239509,3.5955746078430906,True,True,True,0.0656021902238048,0.2908587578358728,0.2808413214974656,0.07285063782573874,0.09779062479027466,,11.452064277006349,0.1941899247136016,,0.0,0.1970750623211193,3.07397340322467,,67.72991265888699,0.0,,0.1861241792544651,0.0,,0.176033465402006,2.925012166364033,,0.0,0.1475171793814267,0.0343421082025746,,,,,,,0.2198981023315607,0.1638164910581176,0.1852610412387256,,0.6315173237314479,0.6540431563024861,,,1.4958638254693584,,,,,,0.6833760881291886,,0.4187599430503227,,1.97181789873892,1.8822414895246533,,0.0209917137694718,7.655501401117613,-1.717340262101183,2.3188768892782834,-0.8058707579658089,0.01834597602858237,-0.5777592859729849,-0.9047452623535249,0.6318189527229878
Wade_Reef,2024,Heatwave_Only,9.33,0.0,2023,2024,0,8.98056067818521,14.239840379719848,-5.259279701534638,0.0,-0.5856293264974,-0.5856293264974,3,73.45806859956046,5.042707685731447,24.76362532271549,75.39250150493977,14.73,0.0,1,0,0,1,0,21.44,0.0,2,0,0,2,0,24.05,0.0,2,0,0,2,0,24.42,0.0,2,0,0,2,0,wade reef,South,-21.98778611111112,1.5856293264974,8.663445822429782,1.814996723176817,0.20950055675049817,2.2159985639315822,0.25578720169223323,1.3909611626138083,0.1605551868302322,0.5757066816716526,0.06645239013108849,1.511505813979432,0.1744693560691662,5.001318697300382,13.900869419969634,4.055176263144024,0.2917210528802221,3.140348922339443,0.22591025262262357,2.3126020717897418,0.1663638440101823,0.9406017750454364,0.06766496012790336,1.9543504828873013,0.14059196039060198,4.952538922448389,True,True,True,0.20210282945759142,0.2467550349405791,0.15488578190809502,0.06410587292952753,0.16830862438812416,,35.60797710831194,0.0632794238993304,,0.0,0.1661978173130497,4.950961323849706,,31.81047614313724,0.0,,0.0505930644360687,0.0,,0.1469239185381649,4.803801714326148,,0.0,1.814996723176817,0.4123864847805732,,,,,,,1.511505813979432,0.5757066816716526,0.7418903922759169,,1.3909611626138083,2.2159985639315822,,,1.4912886903003102,,,,,,1.3970430660151918,,0.5758943333305947,,3.5466824832218613,2.2861130803136933,,0.0,5.67380805766033,-1.2130063842430505,1.3823311780547796,-0.8058707579658089,0.8939493773927413,-0.5777592859729849,-0.4989432437840242,0.9362285123860965
Wade_Reef,2025,Heatwave_Only,14.33,0.0,2024,2026,1,14.239840379719848,18.8237685019782,-4.583928122258353,0.0,-0.3219086731327908,-0.3219086731327908,1,66.78718537023323,5.012311222515856,22.278302025163207,50.8417443452616,11.61,0.0,1,0,0,1,0,30.47,0.0,3,0,0,2,0,32.31,0.0,3,0,0,2,0,33.379999999999995,0.0,3,0,0,2,0,wade reef,South,-21.98778611111112,1.321908673132791,13.900869419969634,4.055176263144024,0.2917210528802221,3.140348922339443,0.22591025262262357,2.3126020717897418,0.1663638440101823,0.9406017750454364,0.06766496012790336,1.9543504828873013,0.14059196039060198,4.952538922448389,,,,,,,,,,,,,True,False,False,0.2847768061304494,0.22053259296444624,0.16240365131362797,0.06605423585962568,0.13724525210764693,,22.71059368552845,0.0981950816363163,,0.0314324125744822,0.0650794794570832,4.964125367319385,,37.97217328480216,0.0,,0.0847161274697572,0.0191383431476563,,0.0504206156714996,4.798263836159476,,0.0,4.055176263144024,0.416974500574146,,,,,,,1.9543504828873013,0.9406017750454364,1.0808154041895408,,2.3126020717897418,3.140348922339443,,,2.530292909413768,,,,,,0.5841161040412647,,0.7574060095034316,,1.7303418278270866,3.33388175506274,,0.0,7.156561284070113,-0.8189967272015796,2.883205715271933,-0.8058707579658089,1.7695527787569,-0.5777592859729849,-0.9047452623535249,1.0376983656071328
Wreck_Island,1994,Storm_Only,0.0,18.66072077154937,1993,1996,2,13.847044851766018,42.330052553719625,-28.483007701953607,0.0,-2.0569737447135483,-1.0,2,84.16836258329195,2.7172827201529466,,,3.08,18.51984,0,1,0,0,1,3.25,18.51984,0,1,0,0,1,3.25,18.51984,0,1,0,0,1,3.25,18.51984,0,1,0,0,1,wreck island,South,-23.33258333333333,3.0569737447135483,13.519284981426477,1.453167405189164,0.10748848087643717,0.0316668048943936,0.0023423431740583296,0.0788699455508643,0.005833884385100254,2.184480265280368,0.1615825295702787,4.3401845807037445,0.32103654791407416,2.5842771674093044,41.93678167623067,28.495373013208592,0.6794840203333836,0.7420972958033413,0.01769561864648174,2.246801001712857,0.05357590429945463,3.319457021488036,0.07915383319386832,3.7780832220172935,0.09008996568181271,8.410403334447128,True,True,True,0.10494422606017852,0.002286899857217903,0.0056957962074345,0.15775786737642905,0.3134376054360948,,12.839336633223594,0.507659642558233,0.0,1.9026775978019448,,0.157370998807166,,68.65735226189894,0.0930877925094148,,0.4331709248985713,0.0,,1.981033649640544,0.1381630746456303,0.0,0.0319095182245588,1.453167405189164,,,,,,1.8759709348875664,,4.3401845807037445,2.184480265280368,3.554945044920376,,0.0788699455508643,0.0316668048943936,,,,,,,,,0.0,0.0,0.0,,0.2984105403072919,0.1790865611249075,,0.7470647351437851,0.0,-0.8484238046797657,-1.4183007083924293,0.41213035429003614,-0.8572574253355764,1.3420104933676291,-0.7018442530687745,-2.1078670842449907
Wreck_Island,2020,Heatwave_Only,6.48,0.0,2019,2023,3,67.79791363105726,58.88581794348987,8.912095687567387,8.912095687567387,0.1314508841092845,0.1314508841092845,26,29.3921648358474,0.4390807977529791,25.68571078594848,49.147392270020006,2.84,0.0,0,0,0,0,0,3.88,0.0,0,0,0,0,0,3.88,0.0,0,0,0,0,0,3.88,0.0,0,0,0,0,0,wreck island,South,-23.33258333333333,0.8685491158907155,67.7506196529971,64.21505416464308,0.9478150088299949,0.6393819648563334,0.009437285859983258,0.796489380891971,0.011756193300834798,0.6593632715119458,0.009732210198062408,1.1485192630968712,0.016952158799127145,0.4078776968780037,58.73013633317052,55.33591675765332,0.9422065095122185,0.3736086829535264,0.006361447568145928,0.279129581349244,0.004752748738156646,0.5680877719031381,0.009672849534699353,1.6304173954900647,0.027761171645181628,1.5438155247828411,True,True,True,0.9471538388937544,0.00943070266639358,0.011747992500570261,0.009725421273286808,0.016940333434844093,,7.022373007189932,0.3676893759963855,0.0,0.0,,0.1415366562005293,,21.80885041721417,0.0,,0.2890103985314282,0.0,,0.0,0.1188672983465755,0.0,0.0,64.21505416464308,,,,,,0.1429668334460822,,1.1485192630968712,0.6593632715119458,0.1488447745508253,,0.796489380891971,0.6393819648563334,,,,,,,,,0.1819932822120065,0.1536905915551386,0.1807376462190681,,0.1550240522538877,0.3362743861838759,,0.1047718990258214,1.2805789537517147,3.193415479626636,0.5268326918410021,-0.8058707579658089,-0.8572574253355764,-0.5777592859729849,4.167779969765233,0.5303490995019515
Wreck_Island,2024,Heatwave_Only,11.64,0.0,2023,2026,2,58.88581794348987,14.374392023162123,44.51142592032775,44.51142592032775,0.7558938208694563,0.7558938208694563,4,39.303100884266726,1.621456818042914,10.114518519548373,58.43431636961496,1.59,0.0,0,0,0,0,0,8.07,0.0,1,0,0,1,0,10.91,0.0,1,0,0,1,0,10.91,0.0,1,0,0,1,0,wreck island,South,-23.33258333333333,0.24410617913054372,58.73013633317052,55.33591675765332,0.9422065095122185,0.3736086829535264,0.006361447568145928,0.279129581349244,0.004752748738156646,0.5680877719031381,0.009672849534699353,1.6304173954900647,0.027761171645181628,1.5438155247828411,,,,,,,,,,,,,True,False,False,0.9397155153853305,0.006344629250324114,0.004740183478764146,0.009647276572574859,0.027687776996741468,,13.36952337685569,0.296168861304829,0.5861983086826217,0.4426280658595172,,0.4070620996977935,,24.15323953019643,0.0,,0.2294409637091328,0.5316394820338348,,0.4337246301435942,0.3490104488962794,0.0,0.0,55.33591675765332,,,,,,0.3965759357070039,,1.6304173954900647,0.5680877719031381,0.1464002081142215,,0.279129581349244,0.3736086829535264,,,,,,,,,0.0804084319388444,0.0772100356761026,0.0761380665937345,,0.20746217448074,0.1781500234820233,,0.0230082367582237,1.9849209413313824,2.525747668699111,2.075735214249105,-0.8058707579658089,0.01834597602858237,-0.5777592859729849,-0.2960422344992739,0.9362285123860965
Yonge_Reef,2014,Storm_Only,0.29,41.000868,2013,2017,3,21.89114874206956,7.237340921996596,14.653807820072965,14.653807820072965,0.6693941918137829,0.6693941918137829,24,80.42952211638263,2.349473122359973,25.2264433763392,57.832049323415845,4.57,0.0,0,0,0,0,0,10.27,0.0,0,0,0,0,0,12.35,0.0,0,0,0,0,0,12.79,0.0,0,0,0,0,0,yonge reef,North-Central,-14.595263888888889,0.33060580818621704,21.79539860379753,6.144891793365488,0.28193527932518886,1.607997608649106,0.07377693052922353,4.924819047519618,0.22595682405466722,2.2547074474592463,0.10344878239879479,2.43319466086204,0.11163799777619536,2.2353432709489085,7.111328369829004,0.587854708937138,0.08266454287657557,0.219887838870236,0.030920782649152694,4.002646475877341,0.5628549643213264,0.6099425620717724,0.08577055232881038,0.7171892353675439,0.1008516550030707,5.077022572953669,True,True,True,0.2807021169042844,0.07345423612050649,0.22496850693153858,0.10299630567701717,0.11114970207963645,,56.98116760525094,0.1406732638474428,,0.0,0.178232599348912,1.9817401658532887,,21.67662532591354,0.0,,0.1881185123039902,0.0,,0.1972734075818475,1.8499513510630707,0.0,0.0,6.144891793365488,,,,,,3.38409221054507,,2.43319466086204,2.2547074474592463,1.0456958353969612,,4.924819047519618,1.607997608649106,,,,,,,,,0.0555896652076071,0.0557926820428505,0.0,,0.1106002391222637,0.6014896354809779,,0.4411635008225829,0.9285349937801826,-0.24578336817671628,-1.3312499852338344,1.8702907600605234,-0.8572574253355764,-0.5777592859729849,3.7619779511957328,-0.07847001982426587
Yonge_Reef,2015,Storm_Only,1.37,29.117304,2013,2017,2,21.89114874206956,7.237340921996596,14.653807820072965,14.653807820072965,0.6693941918137829,0.6693941918137829,25,80.42952211638263,2.349473122359973,25.2264433763392,57.832049323415845,2.18,0.0,0,0,0,0,0,7.640000000000001,0.0,0,0,0,0,0,11.49,0.0,0,0,0,0,0,12.64,0.0,0,0,0,0,0,yonge reef,North-Central,-14.595263888888889,0.33060580818621704,21.79539860379753,6.144891793365488,0.28193527932518886,1.607997608649106,0.07377693052922353,4.924819047519618,0.22595682405466722,2.2547074474592463,0.10344878239879479,2.43319466086204,0.11163799777619536,2.2353432709489085,7.111328369829004,0.587854708937138,0.08266454287657557,0.219887838870236,0.030920782649152694,4.002646475877341,0.5628549643213264,0.6099425620717724,0.08577055232881038,0.7171892353675439,0.1008516550030707,5.077022572953669,True,True,True,0.2807021169042844,0.07345423612050649,0.22496850693153858,0.10299630567701717,0.11114970207963645,,56.98116760525094,0.1406732638474428,,0.0,0.178232599348912,1.9817401658532887,,21.67662532591354,0.0,,0.1881185123039902,0.0,,0.1972734075818475,1.8499513510630707,0.0,0.0,6.144891793365488,,,,,,3.38409221054507,,2.43319466086204,2.2547074474592463,1.0456958353969612,,4.924819047519618,1.607997608649106,,,,,,,,,0.0555896652076071,0.0557926820428505,0.0,,0.1106002391222637,0.6014896354809779,,0.4411635008225829,0.9285349937801826,-0.24578336817671628,-1.007061085194929,1.0946404330039583,-0.8572574253355764,-0.5777592859729849,3.964878960480483,0.022999833396770367
Yonge_Reef,2016,Heatwave_Only,11.49,0.0,2015,2017,1,18.02390023621174,7.237340921996596,10.786559314215143,10.786559314215143,0.5984586672613685,0.5984586672613685,26,86.0519253169651,3.843962519893695,33.54953602886174,54.6561179047309,3.4,0.0,0,0,0,0,0,6.23,0.0,0,0,0,0,0,11.93,0.0,0,0,0,0,0,12.86,0.0,0,0,0,0,0,yonge reef,North-Central,-14.595263888888889,0.4015413327386314,17.91321553079189,4.207942704115675,0.23490716654876614,1.5584469447777156,0.08699984333347778,4.689254257174789,0.2617762427473841,2.2731113525510938,0.12689577416426062,2.674022737285075,0.1492765345612332,3.6524597661302503,7.111328369829004,0.587854708937138,0.08266454287657557,0.219887838870236,0.030920782649152694,4.002646475877341,0.5628549643213264,0.6099425620717724,0.08577055232881038,0.7171892353675439,0.1008516550030707,5.077022572953669,True,True,True,0.23346460249827145,0.08646557761380894,0.2601686757982397,0.12611650767929772,0.14835982790854044,,43.95562417234927,0.9116139572514128,,0.0263316798600994,0.1433974344639334,2.893256462309478,,38.810165962734125,0.1375645946704162,,0.7755272741423143,0.0617980115024947,,0.1865998011159496,2.438449903533707,0.0,0.1900847758357848,4.207942704115675,,,,,,1.5984584971625513,,2.674022737285075,2.2731113525510938,0.9119790377249908,,4.689254257174789,1.5584469447777156,,,,,,,,,0.1362583090133541,0.1420747658801172,0.0272403715175037,,0.1088360189411974,0.5880554162247726,,0.4224630082734771,0.5021066070951088,-0.5355061712903368,2.03070897813259,-0.8058707579658089,-0.8572574253355764,-0.5777592859729849,4.167779969765233,0.12446968661780661
Yonge_Reef,2017,Heatwave_Only,8.93,0.0,2015,2017,0,18.02390023621174,7.237340921996596,10.786559314215143,10.786559314215143,0.5984586672613685,0.5984586672613685,1,86.0519253169651,3.843962519893695,33.54953602886174,54.6561179047309,13.15,0.0,1,0,0,1,0,15.04,0.0,1,0,0,1,0,20.5,0.0,1,0,0,1,0,23.42,0.0,1,0,0,1,0,yonge reef,North-Central,-14.595263888888889,0.4015413327386314,17.91321553079189,4.207942704115675,0.23490716654876614,1.5584469447777156,0.08699984333347778,4.689254257174789,0.2617762427473841,2.2731113525510938,0.12689577416426062,2.674022737285075,0.1492765345612332,3.6524597661302503,7.111328369829004,0.587854708937138,0.08266454287657557,0.219887838870236,0.030920782649152694,4.002646475877341,0.5628549643213264,0.6099425620717724,0.08577055232881038,0.7171892353675439,0.1008516550030707,5.077022572953669,True,True,True,0.23346460249827145,0.08646557761380894,0.2601686757982397,0.12611650767929772,0.14835982790854044,,43.95562417234927,0.9116139572514128,,0.0263316798600994,0.1433974344639334,2.893256462309478,,38.810165962734125,0.1375645946704162,,0.7755272741423143,0.0617980115024947,,0.1865998011159496,2.438449903533707,0.0,0.1900847758357848,4.207942704115675,,,,,,1.5984584971625513,,2.674022737285075,2.2731113525510938,0.9119790377249908,,4.689254257174789,1.5584469447777156,,,,,,,,,0.1362583090133541,0.1420747658801172,0.0272403715175037,,0.1088360189411974,0.5880554162247726,,0.4224630082734771,0.5021066070951088,-0.5355061712903368,1.2622612150774073,-0.8058707579658089,0.01834597602858237,-0.5777592859729849,-0.9047452623535249,0.22593953983884282
Yonge_Reef,2020,Heatwave_Only,8.11,0.0,2019,2021,1,12.390629832750813,20.958403647046804,-8.567773814295991,0.0,-0.6914720179639069,-0.6914720179639069,3,94.11769738501972,4.834476009208178,16.5318866850253,65.23339183937517,9.53,0.0,1,0,0,1,0,22.39,0.0,2,0,0,2,0,24.42,0.0,2,0,0,2,0,24.570000000000004,0.0,2,0,0,2,0,yonge reef,North-Central,-14.595263888888889,1.691472017963907,12.286171684302783,1.0871703837458155,0.08848731823720322,0.8515146458284596,0.06930675133869264,8.32855117061743,0.6778800902854273,0.589906735872758,0.04801387698549274,0.6919139488460451,0.05631648056245682,4.722123069369264,20.832205731544498,2.6633453019946365,0.12784749422677558,1.953964846025951,0.09379538927398469,12.469636261606771,0.5985749383573448,1.5387342674628448,0.07386324267779604,1.672689389929002,0.08029343658968315,4.9970095364236,True,True,True,0.08774133344474673,0.06872246668024437,0.6721652799766055,0.04760910008896572,0.05584170927430854,,44.86503078031401,0.296690726850612,,0.0,1.1805206657842813,3.978793398001253,,44.29826725103912,0.0,,0.3949317341714818,0.0,,0.917783256091657,3.4094080791061256,0.0,0.0,1.0871703837458155,,,,,,0.0194138252192308,,0.6919139488460451,0.589906735872758,0.7177009741730423,,8.32855117061743,0.8515146458284596,,,,,,,,,0.0548749500709357,0.0,0.0283469035537594,,0.1098895802429337,0.057601739141282,,0.0568587454491183,0.1981738769972418,-0.9575341039446601,1.016117790973794,-0.8058707579658089,0.8939493773927413,-0.5777592859729849,-0.4989432437840242,0.5303490995019515
Yonge_Reef,2021,Heatwave_Only,4.1,0.0,2019,2021,0,12.390629832750813,20.958403647046804,-8.567773814295991,0.0,-0.6914720179639069,-0.6914720179639069,1,94.11769738501972,4.834476009208178,16.5318866850253,65.23339183937517,8.709999999999999,0.0,1,0,0,1,0,29.130000000000003,0.0,3,0,0,2,0,30.79,0.0,3,0,0,2,0,32.53,0.0,3,0,0,2,0,yonge reef,North-Central,-14.595263888888889,1.691472017963907,12.286171684302783,1.0871703837458155,0.08848731823720322,0.8515146458284596,0.06930675133869264,8.32855117061743,0.6778800902854273,0.589906735872758,0.04801387698549274,0.6919139488460451,0.05631648056245682,4.722123069369264,20.832205731544498,2.6633453019946365,0.12784749422677558,1.953964846025951,0.09379538927398469,12.469636261606771,0.5985749383573448,1.5387342674628448,0.07386324267779604,1.672689389929002,0.08029343658968315,4.9970095364236,True,True,True,0.08774133344474673,0.06872246668024437,0.6721652799766055,0.04760910008896572,0.05584170927430854,,44.86503078031401,0.296690726850612,,0.0,1.1805206657842813,3.978793398001253,,44.29826725103912,0.0,,0.3949317341714818,0.0,,0.917783256091657,3.4094080791061256,0.0,0.0,1.0871703837458155,,,,,,0.0194138252192308,,0.6919139488460451,0.589906735872758,0.7177009741730423,,8.32855117061743,0.8515146458284596,,,,,,,,,0.0548749500709357,0.0,0.0283469035537594,,0.1098895802429337,0.057601739141282,,0.0568587454491183,0.1981738769972418,-0.9575341039446601,-0.1875835878743633,-0.8058707579658089,1.7695527787569,-0.5777592859729849,-0.9047452623535249,0.6318189527229878
Yonge_Reef,2022,Heatwave_Only,4.65,0.0,2021,2022,0,20.958403647046804,30.16218990563604,-9.203786258589236,0.0,-0.4391453859552952,-0.4391453859552952,1,84.74539980455988,5.101218301497849,15.170672757201428,56.84934667767412,12.67,0.0,2,0,0,2,0,21.74,0.0,3,0,0,2,0,34.6,0.0,4,0,0,2,0,34.89,0.0,4,0,0,2,0,yonge reef,North-Central,-14.595263888888889,1.4391453859552952,20.832205731544498,2.6633453019946365,0.12784749422677558,1.953964846025951,0.09379538927398469,12.469636261606771,0.5985749383573448,1.5387342674628448,0.07386324267779604,1.672689389929002,0.08029343658968315,4.9970095364236,30.091940009814184,4.468647017447689,0.14849979815160755,2.0760498309804176,0.06899022895510674,19.242814152928737,0.6394673838460693,1.125464648327534,0.03740086707472084,2.193779427852415,0.07290255886250391,5.436135832017863,True,True,True,0.12707767952402815,0.09323061426490273,0.5949707082468486,0.07341848612977087,0.07980996158382017,,52.89242846198968,0.1447178711814409,,0.0,1.404682120857777,4.459522250379767,,26.193661524758586,0.0,,0.1277477002204497,0.0,,1.3573016221499872,3.5119602140531634,0.0,0.0,2.6633453019946365,,,,,,0.1156047729899161,,1.672689389929002,1.5387342674628448,0.4182308915353767,,12.469636261606771,1.953964846025951,,,,,,,,,0.0820836060381967,0.0,0.0301245686410021,,0.1128390039205996,0.0525864057862256,,0.0275957417378806,0.5345632308489981,-0.31566186786742345,-0.022487388780476174,-0.8058707579658089,1.7695527787569,-0.5777592859729849,-0.9047452623535249,0.733288805944024
Yonge_Reef,2024,Heatwave_Only,8.08,0.0,2023,2024,0,31.30164473481428,36.75107955712552,-5.449434822311243,0.0,-0.1740942007513835,-0.1740942007513835,2,73.6050755869958,4.872973277661518,19.899226536691103,62.222487821029446,11.13,0.0,2,0,0,2,0,19.7,0.0,3,0,0,3,0,28.77,0.0,4,0,0,3,0,40.260000000000005,0.0,5,0,0,3,0,yonge reef,North-Central,-14.595263888888889,1.1740942007513835,31.19499969845403,6.007277908806623,0.1925718213455964,2.3014678151563683,0.07377681799658505,18.29803551811304,0.5865695045677419,1.0969621848788462,0.035164680092406274,2.3618216873540514,0.07571154704871176,4.726288899524462,36.6361214367665,9.858431783557531,0.2690904876645598,3.227830241780262,0.0881051299972203,18.363745903665624,0.5012469984127884,1.24820274313444,0.034070275296167,2.4684102573523816,0.06737640777866805,3.8453198394960815,True,True,True,0.1919157271031581,0.07352545959339422,0.5845710560302162,0.03504487365351713,0.07545359700307341,,48.10434144879287,0.3732631828142229,,0.0,0.6912560167217008,4.290099146147776,,20.45108576441904,0.0,,0.3493145120427031,0.0,,0.8245867919775085,3.552387595504251,0.0,0.0,6.007277908806623,,,,,,0.1844301781849389,,2.3618216873540514,1.0969621848788462,0.945004405960166,,18.29803551811304,2.3014678151563683,,,,,,,,,0.2261507632785963,0.0,0.1985113154110948,,0.0,0.2916715082064434,,0.0270904859253965,0.6314222142415596,0.45922311733299226,1.0071125437504913,-0.8058707579658089,1.7695527787569,-0.5777592859729849,-0.7018442530687745,0.9362285123860965
Yonge_Reef,2025,Heatwave_Only,8.290000000000001,0.0,2024,2025,0,36.75107955712552,42.648379208756,-5.897299651630476,0.0,-0.1604660250174085,-0.1604660250174085,1,67.59944238269397,3.9624028127911006,22.746729815560503,101.02200870456248,15.11,0.0,2,0,0,1,0,27.32,0.0,4,0,0,3,0,27.92,0.0,4,0,0,3,0,36.85,0.0,5,0,0,3,0,yonge reef,North-Central,-14.595263888888889,1.1604660250174086,36.6361214367665,9.858431783557531,0.2690904876645598,3.227830241780262,0.0881051299972203,18.363745903665624,0.5012469984127884,1.24820274313444,0.034070275296167,2.4684102573523816,0.06737640777866805,3.8453198394960815,42.520049954651604,11.593880646461008,0.2726685565709845,4.4441214151772375,0.10451825479784178,19.00614979320722,0.44699264966710106,1.9641702507477112,0.046193977966689455,3.5233831798298603,0.08286404140135328,3.5639714419280066,True,True,True,0.2682487671752249,0.08782953536815032,0.4996790876611174,0.03396370278577112,0.06716565301205665,,29.853359961572373,0.1821362729937461,,0.0,2.177537431692918,3.0865843060730205,,32.70155185919034,0.0,,0.2506808719464354,0.0,,1.037258880856408,2.557380086693238,0.0,0.0,9.858431783557531,,,,,,0.2500844320139565,,2.4684102573523816,1.24820274313444,1.2194160752623036,,18.363745903665624,3.227830241780262,,,,,,,,,0.1116178778707854,0.0,0.0536139489477781,,0.1701349723711432,0.2310202807911597,,0.0,1.1424431026458497,0.8674786327759489,1.0701492743136118,-0.8058707579658089,2.6451561801210586,-0.5777592859729849,-0.9047452623535249,1.0376983656071328
