reef_name,event_year,event_type,recent_max_dhw,recent_max_wind,baseline_hc,nadir_hc,loss_abs,positive_loss,rel_loss,rel_loss_clipped,yrs_since_last_dist,cumulative_dhw_3yr,cumulative_wind_3yr,heatwave_years_3yr,storm_years_3yr,concurrent_years_3yr,max_consecutive_heatwave_3yr,max_consecutive_storm_3yr,cumulative_dhw_5yr,cumulative_wind_5yr,heatwave_years_5yr,storm_years_5yr,concurrent_years_5yr,max_consecutive_heatwave_5yr,max_consecutive_storm_5yr,cumulative_dhw_7yr,cumulative_wind_7yr,heatwave_years_7yr,storm_years_7yr,concurrent_years_7yr,max_consecutive_heatwave_7yr,max_consecutive_storm_7yr,cumulative_dhw_8yr,cumulative_wind_8yr,heatwave_years_8yr,storm_years_8yr,concurrent_years_8yr,max_consecutive_heatwave_8yr,max_consecutive_storm_8yr,baseline_algae,baseline_macroalgae,baseline_juveniles,baseline_herbivores,post_macroalgae,post_juveniles_mean,post_algae,baseline_algae_z,baseline_juveniles_z,baseline_macroalgae_z,baseline_herbivores_z,baseline_hc_z,recent_max_dhw_z,recent_max_wind_z,cumulative_dhw_5yr_z,cumulative_wind_5yr_z,yrs_since_last_dist_z
Agincourt_Reef_No_1,1999,Storm_Only,0.49,19.857384,31.34126412075912,35.806982350624786,-4.465718229865665,0.0,-0.1424868573475236,-0.1424868573475236,10,1.44,0.0,0,0,0,0,0,6.109999999999999,0.0,0,0,0,0,0,6.109999999999999,0.0,0,0,0,0,0,6.74,0.0,0,0,0,0,0,39.331749246290585,1.2583490249773637,,46.39334875362778,2.7533765325596904,,36.40981340816317,-1.3245846106877786,,-0.5224224829099782,0.019958362152982145,0.46175089238774797,-1.2700037457247433,0.48977046527607526,-0.5117545258237031,-0.5525116480315188,0.9204859136051936
Agincourt_Reef_No_1,2014,Storm_Only,0.0,19.80906675466956,15.184786656002323,12.949162076156034,2.2356245798462897,2.2356245798462897,0.1472279216358025,0.1472279216358025,15,3.88,0.0,0,0,0,0,0,6.57,0.0,0,0,0,0,0,6.57,0.0,0,0,0,0,0,6.57,0.0,0,0,0,0,0,71.86710537688826,1.895201722290761,29.707325570229,71.80118402336977,4.271882521332042,38.15959875741519,61.95337216024023,0.6778399574502454,1.4142645384865422,-0.32346824049075934,1.3003046062552548,-0.7474912361240745,-1.416949301979411,0.48661976255121103,-0.45128771564790054,-0.5525116480315188,1.934024304214939
Agincourt_Reef_No_1,2016,Heatwave_Only,6.890000000000001,0.0,20.855648918378726,12.949162076156034,7.906486842222693,7.906486842222693,0.379105290521803,0.379105290521803,2,3.38,22.128370039244206,0,1,0,0,1,5.609999999999999,22.128370039244206,0,1,0,0,1,8.3,22.128370039244206,0,1,0,0,1,8.3,22.128370039244206,0,1,0,0,1,61.95337216024023,2.4780526026208607,42.234289533853584,79.77207687829517,4.271882521332042,17.155145849376307,78.68134947143844,0.06768825432157437,2.8467041962644295,-0.1413842894787954,1.7019721478068575,-0.32305183913224794,0.649285152295406,-0.8051028961830892,-0.5774793194930535,0.8892890143796139,-0.7011755113703992
Agincourt_Reef_No_1,2017,Heatwave_Only,8.16,0.0,26.569385499281623,12.949162076156034,13.620223423125587,13.620223423125587,0.5126284694651236,0.5126284694651236,1,8.620000000000001,22.128370039244206,1,1,0,1,1,10.71,22.128370039244206,1,1,0,1,1,13.57,22.128370039244206,1,1,0,1,1,15.19,22.128370039244206,1,1,0,1,1,53.2023168930295,2.9437970648892304,52.39204964207232,50.79299739384481,3.4551357693255818,14.76590534045394,78.45489009878617,-0.47090514523604476,4.008228924479317,0.0041153481021548805,0.24166452295212476,0.10459651428628525,1.0301440429962792,-0.8051028961830892,0.09291357593432104,0.8892890143796139,-0.9038831894923484
Agincourt_Reef_No_1,2020,Heatwave_Only,7.74,0.0,17.971979836431903,23.91429529595699,-5.942315459525087,0.0,-0.3306433411125424,-0.3306433411125424,3,9.0,0.0,1,0,0,1,0,17.62,0.0,2,0,0,2,0,19.27,22.128370039244206,2,1,0,2,1,19.71,22.128370039244206,2,1,0,2,1,71.59613294212296,3.4551357693255818,17.20184910317507,70.52287496940299,3.81647477680034,14.581566340115671,62.57996883933824,0.6611626584993996,-0.015718056085643122,0.16385873144641347,1.23588832762811,-0.5388819386191971,0.9041907090637069,-0.8051028961830892,1.001230224444744,-0.5525116480315188,-0.4984678332484502
Agincourt_Reef_No_1,2022,Heatwave_Only,4.33,0.0,23.91429529595699,31.8571367354726,-7.942841439515611,0.0,-0.332137800475285,-0.332137800475285,2,9.48,0.0,1,0,0,1,0,17.790000000000003,0.0,2,0,0,1,0,26.41,0.0,3,0,0,2,0,26.410000000000004,22.128370039244206,3,1,0,2,1,62.57996883933824,3.34399228211633,14.365151581168542,50.00552947077145,3.81647477680034,15.080472118820545,51.48103473034556,0.10625284170470047,-0.3400901896242711,0.12913725128180137,0.20198260645061603,-0.09412544945010257,-0.11843040691265384,-0.8051028961830892,1.0235766542923233,-0.5525116480315188,-0.7011755113703992
Agincourt_Reef_No_1,2024,Concurrent,6.97,18.51984,34.74179356956395,31.8571367354726,2.884656834091352,2.884656834091352,0.0830313158218318,0.0830313158218318,2,5.85,0.0,1,0,0,1,0,14.28,0.0,2,0,0,1,0,22.590000000000003,0.0,3,0,0,1,0,29.48,0.0,4,0,0,2,0,51.48103473034556,3.81647477680034,14.7979810990628,54.796654833839305,2.705352337545164,12.569310076446945,54.98525134361494,-0.5768433644896093,-0.2905967793862467,0.27674186563415437,0.4434159792075765,0.7162657442612339,0.6732762635206575,0.40255101605861854,0.5621886027334829,-0.5525116480315188,-0.7011755113703992
Agincourt_Reef_No_1,2025,Heatwave_Only,5.16,0.0,37.11176219595191,31.8571367354726,5.254625460479311,5.254625460479311,0.1415892199549736,0.1415892199549736,1,11.77,18.51984,2,1,1,1,1,20.56,18.51984,3,1,1,1,1,21.4,18.51984,3,1,1,1,1,29.56,18.51984,4,1,1,1,1,48.01698701956127,3.452341505072924,17.874125180951886,71.54764343637723,,,,-0.790042021772889,0.06115571137941829,0.16298579688893755,1.2875282427895338,0.8936475969906498,0.13047737204933427,-0.8051028961830892,1.3876920112205242,0.6541708835961109,-0.9038831894923484
Arlington_Reef,2010,Storm_Only,1.45,18.51984,20.496040574204777,15.322870762820756,5.173169811384021,5.173169811384021,0.2523984958292235,0.2523984958292235,4,3.51,0.0,0,0,0,0,0,4.92,23.929370015874483,0,1,0,0,1,6.82,23.929370015874483,0,1,0,0,1,9.3,23.929370015874483,0,1,0,0,1,57.62911796563011,2.352034818795535,10.959633510095776,55.11726581154496,2.4755071049552178,11.415632737668751,61.84313315377508,-0.19845276480247667,-0.7295061051205597,-0.1807525340007757,0.4595721395717082,-0.3499669609766038,-0.9821104110217209,0.40255101605861854,-0.668179534756757,1.0066353419538006,-0.29576015512650106
Arlington_Reef,2016,Heatwave_Only,4.58,0.0,18.156446734239083,10.813158237339104,7.343288496899978,7.343288496899978,0.4044452421988573,0.4044452421988573,6,4.58,0.0,0,0,0,0,0,6.44,0.0,0,0,0,0,0,10.96,18.51984,0,1,0,0,1,11.4,18.51984,0,1,0,0,1,54.5034270827933,2.5302185724744186,20.833878419771768,71.46583061166193,4.86294036412335,10.666678997304562,58.27378971495243,-0.3908268759409514,0.3995990827208833,-0.12508752092295608,1.2834055482848046,-0.5250753929392421,-0.04345818433374177,-0.8051028961830892,-0.46837616200193166,-0.5525116480315188,0.10965520111739717
Arlington_Reef,2017,Heatwave_Only,10.87,0.0,24.198395391062203,10.813158237339104,13.385237153723098,13.385237153723098,0.5531456502552645,0.5531456502552645,1,7.19,0.0,1,0,0,1,0,9.46,0.0,1,0,0,1,0,12.47,18.51984,1,1,0,1,1,15.54,18.51984,1,1,0,1,1,49.871628844751314,4.047671844180469,16.00941230996602,59.332468242172204,4.86294036412335,6.093984091205211,78.41120410686199,-0.6758960342216942,-0.15207142605988788,0.3489683594280921,0.6719837261113735,-0.07286179191925536,1.8428429357516858,-0.8051028961830892,-0.07139840823905502,-0.5525116480315188,-0.9038831894923484
Arlington_Reef,2020,Heatwave_Only,7.5,0.0,10.813158237339104,12.368085640141906,-1.554927402802802,0.0,-0.1437995605607115,-0.1437995605607115,3,11.68,0.0,1,0,0,1,0,18.87,0.0,2,0,0,2,0,20.84,0.0,2,0,0,2,0,21.14,0.0,2,0,0,2,0,78.41120410686199,4.86294036412335,7.243775970292797,54.50209083851658,,,,1.0806037698585131,-1.1544088763046052,0.603660113797241,0.4285723728532662,-1.0746886258755577,0.8322173753879513,-0.8051028961830892,1.16554220861812,-0.5525116480315188,-0.4984678332484502
Arlington_Reef,2022,Heatwave_Only,4.86,0.0,12.368085640141906,30.25943190152201,-17.891346261380104,0.0,-1.446573607423277,-1.0,2,9.22,0.0,1,0,0,1,0,20.25,0.0,2,0,0,1,0,27.44,0.0,3,0,0,2,0,27.44,0.0,3,0,0,2,0,69.68071165235746,2.0307377290998203,4.944192212117626,50.55185194006454,,,,0.5432759314088667,-1.4173628515181598,-0.28112648129121764,0.22951277240934656,-0.9583090668814509,0.040510704954639834,-0.8051028961830892,1.346942639145527,-0.5525116480315188,-0.7011755113703992
Border_Island,1996,Storm_Only,1.02,17.872172042231476,24.87292226133772,25.31318815377164,-0.4402658924339206,0.0,-0.0177006098361939,-0.0177006098361939,11,1.25,0.0,0,0,0,0,0,1.25,0.0,0,0,0,0,0,1.25,0.0,0,0,0,0,0,1.25,0.0,0,0,0,0,0,25.06548418132729,0.0,,9.864540028690492,16.693144529524226,,22.57151353353261,-2.2026177124919393,,-0.9155336026704305,-1.820793616753354,-0.022376386908809713,-1.1110626338574496,0.3603174577215728,-1.1505995202897892,-0.5525116480315188,1.1231935917271427
Border_Island,2003,Storm_Only,0.0,29.117304,29.011723799190943,25.9025307125706,3.109193086620344,3.109193086620344,0.1071702291163771,0.1071702291163771,18,1.24,0.0,0,0,0,0,0,1.53,0.0,0,0,0,0,0,2.55,0.0,0,0,0,0,0,2.55,0.0,0,0,0,0,0,35.47919157220413,0.1674977702881845,,12.261528439848885,0.0765245676818061,,31.007637341155515,-1.5616945444408745,,-0.8632069152980206,-1.7000050853101367,0.2873949225885091,-1.416949301979411,1.0935974213969293,-1.113793635834953,-0.5525116480315188,2.5421473385807865
Border_Island,2010,Storm_Only,1.46,29.117304,25.674580727897983,29.175529693036413,-3.5009489651384307,0.0,-0.1363585642251326,-0.1363585642251326,25,0.0,0.0,0,0,0,0,0,0.0,0.0,0,0,0,0,0,3.16,0.0,0,0,0,0,0,4.4,0.0,0,0,0,0,0,25.42704598967701,0.1015615038061861,3.996381654581673,6.876472293420159,0.3932288357620835,11.79578273278203,21.753462142333404,-2.180364990098684,-1.5257435760590354,-0.8838055560845293,-1.9713676920872187,0.03762426561940817,-0.9791115221185644,1.0935974213969293,-1.3149115044631652,-0.5525116480315188,3.96110108543443
Border_Island,2011,Storm_Only,0.0,18.09499186687058,25.674580727897983,29.175529693036413,-3.5009489651384307,0.0,-0.1363585642251326,-0.1363585642251326,1,1.46,29.117304,0,1,0,0,1,1.46,29.117304,0,1,0,0,1,4.62,29.117304,0,1,0,0,1,4.62,29.117304,0,1,0,0,1,25.42704598967701,0.1015615038061861,3.996381654581673,6.876472293420159,0.3932288357620835,15.248228356922798,26.32395882223938,-2.180364990098684,-1.5257435760590354,-0.8838055560845293,-1.9713676920872187,0.03762426561940817,-1.416949301979411,0.37484723945567117,-1.1229951069486621,1.3446614433608104,-0.9038831894923484
Border_Island,2017,Concurrent,6.71,33.078492,30.843460573431138,18.946700216452733,11.896760356978405,11.896760356978405,0.3857141882200596,0.3857141882200596,6,4.98,0.0,0,0,0,0,0,7.49,0.0,0,0,0,0,0,8.950000000000001,47.29120568728558,0,2,0,0,2,8.95,47.29120568728558,0,2,0,0,2,33.43488742153013,0.0954430096768185,13.409610580122065,14.338853975131014,0.1918065376450517,3.236951763374205,47.92779054437148,-1.6875135101108518,-0.4493548788583348,-0.8857169876752095,-1.5953249376848238,0.42449246012955727,0.595305152038589,1.3519011748486274,-0.3303540952962958,-0.5525116480315188,0.10965520111739717
Border_Island,2020,Concurrent,7.66,38.377224,18.946700216452733,16.1221287770108,2.8245714394419323,2.8245714394419323,0.149079861251468,0.149079861251468,3,6.71,29.117304,1,1,1,1,1,11.69,29.117304,1,1,1,1,1,12.29,29.117304,1,1,1,1,1,14.2,29.117304,1,1,1,1,1,47.92779054437148,0.1918065376450517,3.236951763374205,13.084654128607191,0.2339090404185777,6.632161775806651,51.36888082965116,-0.7955317177391603,-1.6125832521869745,-0.8556128006557604,-1.6585263102457823,-0.4659283539277716,0.880199597838455,1.6974243775177829,0.2217341715262477,1.3446614433608104,-0.4984678332484502
Border_Island,2022,Heatwave_Only,4.51,0.0,18.971998285408137,16.1221287770108,2.8498695083973367,2.8498695083973367,0.1502145143344887,0.1502145143344887,2,7.66,38.377224,1,1,1,1,1,14.37,67.494528,2,2,2,1,1,19.35,67.494528,2,2,2,1,1,19.35,67.494528,2,2,2,1,1,51.36888082965116,0.1804108565386189,7.091691404354586,19.19126555055724,0.2339090404185777,9.103857920411365,52.350271184195854,-0.5837460006636691,-1.1717995197373174,-0.8591728375543176,-1.3508032431178687,-0.4640349034019622,-0.06445040665583723,-0.8051028961830892,0.574019065593966,3.8451758005669543,-0.7011755113703992
Border_Island,2024,Heatwave_Only,6.890000000000001,0.0,17.679960162084726,17.624333176752504,0.0556269853322213,0.0556269853322213,0.0031463297893348,0.0031463297893348,2,4.96,0.0,1,0,0,1,0,12.62,38.377224,2,1,1,1,1,19.33,67.494528,3,2,2,1,1,22.55,67.494528,3,2,2,1,1,52.350271184195854,0.2339090404185777,6.559077706124322,31.805289275379785,0.1228335069394316,11.648638134698407,41.35001135059864,-0.5233452431312855,-1.2327031022682617,-0.8424598822829616,-0.7151600359089965,-0.5607383422409147,0.649285152295406,-0.8051028961830892,0.34398228775123946,1.948002709174625,-0.7011755113703992
Boult_Reef,2017,Heatwave_Only,4.04,0.0,40.815697389816926,27.13760920513279,13.678088184684135,13.678088184684135,0.3351183260217102,0.3351183260217102,15,1.43,0.0,0,0,0,0,0,1.73,0.0,0,0,0,0,0,2.9799999999999995,0.0,0,0,0,0,0,2.9799999999999995,0.0,0,0,0,0,0,56.911579574458045,0.2421124159390727,33.71886194327563,62.24331026692296,0.3208091759081972,23.035624122819176,57.535895068780704,-0.24261446069102807,1.8729777435421602,-0.8398971289667778,0.8186662598258063,1.1708710503993165,-0.20539818510419186,-0.8051028961830892,-1.0875037183672127,-0.5525116480315188,1.934024304214939
Boult_Reef,2024,Heatwave_Only,11.48,0.0,61.11667586391639,22.22131554683403,38.89536031708237,38.89536031708237,0.6364115810828381,0.6364115810828381,7,1.56,0.0,0,0,0,0,0,5.25,0.0,0,0,0,0,0,9.29,0.0,1,0,0,1,0,9.59,0.0,1,0,0,1,0,,,,,,,,,,,,2.6903110690817718,2.0257751588442314,-0.8051028961830892,-0.6248011709349857,-0.5525116480315188,0.31236287923934625
Broomfield_Reef,1992,Storm_Only,2.13,18.51984,20.7957402053824,9.19155254273058,11.60418766265182,11.60418766265182,0.5580079164312891,0.5580079164312891,10,1.29,0.0,0,0,0,0,0,1.29,0.0,0,0,0,0,0,1.29,0.0,0,0,0,0,0,1.29,0.0,0,0,0,0,0,,,,,0.9528660414322954,,78.17599416319509,,,,,-0.3275357459602126,-0.7781859656070801,0.40255101605861854,-1.145341536796241,-0.5525116480315188,0.9204859136051936
Broomfield_Reef,1994,Storm_Only,0.0,18.08293810852,9.19155254273058,17.412699846744868,-8.221147304014288,0.0,-0.8944242298344074,-0.8944242298344074,2,3.25,18.51984,0,1,0,0,1,3.42,18.51984,0,1,0,0,1,3.42,18.51984,0,1,0,0,1,3.42,18.51984,0,1,0,0,1,78.17599416319509,0.3061159999664444,,,2.276024040966208,,73.5181776433646,1.0661275130756338,,-0.8199022626091431,,-1.1960587652535735,-1.416949301979411,0.37406123005012054,-0.8653539157648082,0.6541708835961109,-0.7011755113703992
Broomfield_Reef,2020,Heatwave_Only,6.9,0.0,61.1034467260997,52.73905826834674,8.364388457752959,8.364388457752959,0.1368889793606388,0.1368889793606388,26,3.09,0.0,0,0,0,0,0,4.12,0.0,0,0,0,0,0,4.12,0.0,0,0,0,0,0,4.12,0.0,0,0,0,0,0,31.18437691937321,0.5869453106329452,19.22838176332841,45.11663761762606,0.9805686959851198,9.276156416200344,26.47429683241627,-1.8260236743236715,0.21601293305227348,-0.7321705422467024,-0.04437739453109923,2.6893209256048456,0.6522840411985623,-0.8051028961830892,-0.7733392046277177,-0.5525116480315188,4.163808763556379
Broomfield_Reef,2024,Heatwave_Only,11.6,0.0,52.73905826834674,16.127130702547838,36.6119275657989,36.6119275657989,0.6942089746750916,0.6942089746750916,4,1.3,0.0,0,0,0,0,0,8.200000000000001,0.0,1,0,0,1,0,11.29,0.0,1,0,0,1,0,11.29,0.0,1,0,0,1,0,38.81620590227149,0.9805686959851198,10.772511365062986,63.83970966431488,2.5237942183190194,1.65566119478133,76.86968870971596,-1.3563142974279525,-0.7509032434991616,-0.6092016944085783,0.8991116795492251,2.0632827978993165,2.061761825682109,-0.8051028961830892,-0.23702488828581805,-0.5525116480315188,-0.29576015512650106
Carter_Reef,2005,Storm_Only,0.0,23.906304664885926,56.83275925716708,16.49121291721926,40.34154633994783,40.34154633994783,0.7098290997521896,0.7098290997521896,10,5.71,0.0,0,0,0,0,0,6.62,0.0,0,0,0,0,0,7.239999999999999,0.0,0,0,0,0,0,7.239999999999999,0.0,0,0,0,0,0,35.93157801132516,2.273412732474647,,37.23515720368272,2.4029288006706144,25.87029803240281,60.64798396698959,-1.5338519194407902,,-0.205314253983086,-0.44153928332747816,2.3696785272908523,-1.416949301979411,0.7537951480652239,-0.44471523628096554,-0.5525116480315188,0.9204859136051936
Carter_Reef,2014,Storm_Only,0.15,41.000868,30.03296568887368,8.104976487662167,21.927989201211517,21.927989201211517,0.730130664696067,0.730130664696067,10,4.46,0.0,0,0,0,0,0,10.35,0.0,0,0,0,0,0,12.61,0.0,0,0,0,0,0,12.91,0.0,0,0,0,0,0,60.57919658546042,2.9682499909580247,26.20629231632718,65.47002897028887,7.785823213397718,23.916036279755012,67.3495399438823,-0.01688690510895262,1.0139266041993051,0.011754498256458197,0.9812663841090838,0.3638304401138622,-1.3719659684320635,1.8685086817520247,0.045591724492388574,-0.5525116480315188,0.9204859136051936
Carter_Reef,2015,Storm_Only,1.55,29.117304,30.03296568887368,8.104976487662167,21.927989201211517,21.927989201211517,0.730130664696067,0.730130664696067,1,1.9,41.000868,0,1,0,0,1,7.58,41.000868,0,1,0,0,1,11.58,41.000868,0,1,0,0,1,12.76,41.000868,0,1,0,0,1,60.57919658546042,2.9682499909580247,26.20629231632718,65.47002897028887,7.785823213397718,7.91668237363798,83.565286168255,-0.01688690510895262,1.0139266041993051,0.011754498256458197,0.9812663841090838,0.3638304401138622,-0.9521215219901562,1.0935974213969293,-0.3185236324358127,2.118949401155206,-0.9038831894923484
Carter_Reef,2016,Heatwave_Only,11.32,0.0,24.383172435132,8.104976487662167,16.278195947469833,16.278195947469833,0.6675995911022523,0.6675995911022523,1,3.3,70.118172,0,2,0,0,2,6.16,70.118172,0,2,0,0,2,12.050000000000002,70.118172,0,2,0,0,2,13.13,70.118172,0,2,0,0,2,67.3495399438823,5.506561858880088,39.91539018587204,53.527974679443446,7.893198379530049,14.147401347574084,83.565286168255,0.3998013838163493,2.5815415121464382,0.8047289440530351,0.3794849180446345,-0.059032033139317756,1.9777929363937279,-0.8051028961830892,-0.5051820464567679,4.016122492547535,-0.9038831894923484
Carter_Reef,2017,Heatwave_Only,9.04,0.0,24.383172435132,8.104976487662167,16.278195947469833,16.278195947469833,0.6675995911022523,0.6675995911022523,1,13.02,70.118172,1,2,0,1,2,14.77,70.118172,1,2,0,1,2,20.450000000000003,70.118172,1,2,0,1,2,23.37,70.118172,1,2,0,1,2,67.3495399438823,5.506561858880088,39.91539018587204,53.527974679443446,7.893198379530049,20.37812032151019,82.22715932789882,0.3998013838163493,2.5815415121464382,0.8047289440530351,0.3794849180446345,-0.059032033139317756,1.2940462664740493,-0.8051028961830892,0.6265989005294463,4.016122492547535,-0.9038831894923484
Carter_Reef,2020,Heatwave_Only,7.72,0.0,11.571824549617151,21.09589460917397,-9.52407005955682,0.0,-0.8230396182313289,-0.8230396182313289,3,9.49,0.0,1,0,0,1,0,22.36,29.117304,2,1,0,2,1,24.11,70.118172,2,2,0,2,2,24.26,70.118172,2,2,0,2,2,82.22715932789882,7.893198379530049,20.37812032151019,77.4844173597025,8.790119292937632,16.815988212286044,71.0794416283303,1.315460965054008,0.3474838234929465,1.5503196636952052,1.5866928947213714,-1.0179057492682941,0.8981929312573937,-0.8051028961830892,1.6243012684301859,1.3446614433608104,-0.4984678332484502
Carter_Reef,2021,Heatwave_Only,4.59,0.0,11.571824549617151,21.09589460917397,-9.52407005955682,0.0,-0.8230396182313289,-0.8230396182313289,1,8.17,0.0,1,0,0,1,0,28.53,0.0,3,0,0,2,0,30.23,70.118172,3,2,0,2,2,31.83,70.118172,3,2,0,2,2,82.22715932789882,7.893198379530049,20.37812032151019,77.4844173597025,8.570715625739188,19.701285612493184,63.35126608301115,1.315460965054008,0.3474838234929465,1.5503196636952052,1.5866928947213714,-1.0179057492682941,-0.040459295430585344,-0.8051028961830892,2.4353452223099703,-0.5525116480315188,-0.9038831894923484
Carter_Reef,2022,Concurrent,4.64,18.839023748904825,21.09589460917397,28.411659396758232,-7.315764787584261,0.0,-0.3467861839053203,-0.3467861839053203,1,12.62,0.0,2,0,0,2,0,21.8,0.0,3,0,0,2,0,34.67,29.117304,4,1,0,2,1,34.81999999999999,70.118172,4,2,0,2,2,71.0794416283303,8.790119292937632,14.806250197551114,60.08656461399352,8.570715625739188,20.766692845456408,59.61518310338717,0.6293623186866467,-0.2896512202992144,1.8305198129443896,0.7099839904826708,-0.3050704931899313,-0.025464850914802984,0.423364559970925,1.5506894995205134,-0.5525116480315188,-0.9038831894923484
Carter_Reef,2024,Heatwave_Only,8.21,0.0,30.48583016450453,36.737069573040905,-6.251239408536375,0.0,-0.2050539340672067,-0.2050539340672067,2,11.57,19.0259051016422,2,1,1,2,1,19.6,19.0259051016422,3,1,1,3,1,28.78,19.0259051016422,4,1,1,3,1,40.1,19.0259051016422,5,1,1,3,1,59.61518310338717,8.570715625739188,18.54833535391128,75.14603983756106,4.921865338157798,20.28960078428541,49.79891745331808,-0.07621818375767078,0.13825063974583537,1.76197760439976,1.4688578707619542,0.39772537814313286,1.0451384875120617,-0.8051028961830892,1.2615004073753717,0.6871441661956368,-0.7011755113703992
Carter_Reef,2025,Heatwave_Only,8.02,0.0,36.737069573040905,40.484227499534,-3.747157926493095,0.0,-0.1019993693030678,-0.1019993693030678,1,15.19,19.0259051016422,2,1,1,1,1,27.5,19.0259051016422,4,1,1,3,1,27.95,19.0259051016422,4,1,1,3,1,36.99,19.0259051016422,5,1,1,3,1,54.18563520818493,4.831727358797042,23.46214239817253,91.81505543673552,,,,-0.4103857292301579,0.700137151218768,0.5939090993875984,2.3088393681507293,0.8656034824331945,0.9881595983520882,-0.8051028961830892,2.2999521473511084,0.6871441661956368,-0.9038831894923484
Centipede_Reef,1988,Storm_Only,0.0,26.28656279094521,19.09881212347572,15.898024716811204,3.200787406664517,3.200787406664517,0.1675909153915493,0.1675909153915493,10,0.0,0.0,0,0,0,0,0,0.0,0.0,0,0,0,0,0,0.0,0.0,0,0,0,0,0,0.0,0.0,0,0,0,0,0,,,,,,,,,,,,-0.45454343870589164,-1.416949301979411,0.9090085860906394,-1.3149115044631652,-0.5525116480315188,0.9204859136051936
Centipede_Reef,1989,Storm_Only,0.33,35.846474190771644,15.898024716811204,15.913749280015423,-0.0157245632042197,0.0,-0.000989089115429,-0.000989089115429,1,0.0,26.795511803328765,0,1,0,0,1,0.0,26.795511803328765,0,1,0,0,1,0.0,26.795511803328765,0,1,0,0,1,0.0,26.795511803328765,0,1,0,0,1,,,,,,,,,,,,-0.694108466725884,-1.317985968175247,1.5323975787970823,-1.3149115044631652,1.1933822700098244,-0.9038831894923484
Centipede_Reef,2017,Heatwave_Only,4.68,0.0,14.74407149059141,18.75246626282131,-4.008394772229902,0.0,-0.271864849189572,-0.271864849189572,17,5.640000000000001,0.0,0,0,0,0,0,7.609999999999999,0.0,0,0,0,0,0,10.03,0.0,0,0,0,0,0,10.5,0.0,0,0,0,0,0,75.83336940052352,3.6348922802342143,14.787387375746428,55.42262281857158,7.389728944693698,12.35140730664951,77.19551759010656,0.9219480745634949,-0.29180815585750997,0.22001507748784316,0.47495962508183515,-0.7804768510795284,-0.013469295302177041,-0.8051028961830892,-0.3145801448156518,-0.5525116480315188,2.339439660458837
Centipede_Reef,2020,Concurrent,5.46,38.377224,18.95519574480008,18.75246626282131,0.2027294819787677,0.2027294819787677,0.0106951932709205,0.0106951932709205,3,4.68,0.0,1,0,0,1,0,10.32,0.0,1,0,0,1,0,11.35,0.0,1,0,0,1,0,12.29,0.0,1,0,0,1,0,77.19551759010656,4.280333128099782,11.916126999200548,56.80061469869472,,,,1.0057829952361674,-0.6201325002967151,0.4216522778251132,0.5443990995348277,-0.4652925005492126,0.22044403914402871,1.6974243775177829,0.041648236872227636,-0.5525116480315188,-0.4984678332484502
Centipede_Reef,2022,Heatwave_Only,5.04,0.0,18.75246626282131,16.993564399489443,1.758901863331868,1.758901863331868,0.0937957620443275,0.0937957620443275,2,5.46,38.377224,1,1,1,1,1,10.14,38.377224,2,1,1,1,1,15.78,38.377224,2,1,1,1,1,15.78,38.377224,2,1,1,1,1,75.29053719591272,7.389728944693698,12.786687614098469,45.33496086089584,,,,0.8885388646404182,-0.5205851915553186,1.3930346582117383,-0.03337569597815017,-0.48046592129237053,0.09449070521145644,-0.8051028961830892,0.01798731115126152,1.948002709174625,-0.7011755113703992
Chicken_Reef,1988,Storm_Only,0.45,22.481028,32.10809339738911,18.68221986559841,13.425873531790703,13.425873531790703,0.4181460844038293,0.4181460844038293,10,0.0,0.0,0,0,0,0,0,0.0,0.0,0,0,0,0,0,0.0,0.0,0,0,0,0,0,0.0,0.0,0,0,0,0,0,,,,,,,,,,,,0.5191447314037076,-1.2819993013373692,0.6608547695103172,-1.3149115044631652,-0.5525116480315188,0.9204859136051936
Chicken_Reef,1989,Storm_Only,0.17,41.000868,32.10809339738911,18.68221986559841,13.425873531790703,13.425873531790703,0.4181460844038293,0.4181460844038293,1,0.45,23.16512773356923,0,1,0,0,1,0.45,23.16512773356923,0,1,0,0,1,0.45,23.16512773356923,0,1,0,0,1,0.45,23.16512773356923,0,1,0,0,1,,,,,,,,,,,,0.5191447314037076,-1.3659681906257508,1.8685086817520247,-1.2557591901607499,0.956840213486763,-0.9038831894923484
Chicken_Reef,2000,Storm_Only,0.0,22.481028,43.089550704483166,28.341773810864595,14.747776893618571,14.747776893618571,0.3422587762578867,0.3422587762578867,11,0.61,0.0,0,0,0,0,0,2.56,0.0,0,0,0,0,0,4.71,0.0,0,0,0,0,0,4.71,0.0,0,0,0,0,0,41.13860354588936,0.7419752984927062,,41.50144406732008,12.109401341643318,,50.12190930499154,-1.2133797593857267,,-0.6837388186832847,-0.2265534608782118,1.3410590897258738,-1.416949301979411,0.6608547695103172,-0.978400560876091,-0.5525116480315188,1.1231935917271427
Chicken_Reef,2016,Heatwave_Only,4.1,0.0,16.5574586847676,21.41436222765299,-4.856903542885391,0.0,-0.2933362924440577,-0.2933362924440577,2,3.2,17.710106156956243,0,1,0,0,1,6.45,17.710106156956243,0,1,0,0,1,8.620000000000001,17.710106156956243,0,1,0,0,1,8.620000000000001,17.710106156956243,0,1,0,0,1,75.95460937128506,1.999234114828164,25.739946829927167,63.08647049983152,2.943999739213345,25.546597905880006,69.33478253867203,0.9294099229944368,0.9606006929182599,-0.29096828260151386,0.8611546113882271,-0.6447526998661806,-0.18740485168525306,-0.8051028961830892,-0.46706166612854466,0.6014116975735206,-0.7011755113703992
Chicken_Reef,2017,Heatwave_Only,5.36,0.0,21.41436222765299,25.00060267131752,-3.586240443664529,0.0,-0.1674689353593502,-0.1674689353593502,1,6.44,17.710106156956243,1,1,0,1,1,8.93,17.710106156956243,1,1,0,1,1,11.38,17.710106156956243,1,1,0,1,1,12.72,17.710106156956243,1,1,0,1,1,71.67895392923073,2.3129027305058014,26.410457623075345,75.03227095350869,2.943999739213345,17.78345238489469,63.31090887204469,0.6662599679825458,1.0372726027171968,-0.19297748808012488,1.463124853295266,-0.2812345758823552,0.19045515011246397,-0.8051028961830892,-0.14106668952856663,0.6014116975735206,-0.9038831894923484
Chicken_Reef,2020,Concurrent,6.5200000000000005,38.377224,28.119333102519416,37.56637384451145,-9.447040741992035,0.0,-0.335962474911811,-0.335962474911811,3,5.36,0.0,1,0,0,1,0,11.8,0.0,2,0,0,2,0,12.66,17.710106156956243,2,1,0,2,1,14.29,17.710106156956243,2,1,0,2,1,63.31090887204469,2.943999739213345,20.355083941516305,45.72447957064371,2.429987073012166,25.952725277343742,47.43542977135675,0.15123935648117534,0.3448496477764123,0.004178664025573512,-0.01374715180118256,0.22060335692321026,0.5383262628786161,1.6974243775177829,0.23619362613350495,-0.5525116480315188,-0.4984678332484502
Chicken_Reef,2022,Heatwave_Only,5.45,0.0,44.55431412108499,40.47068978248909,4.083624338595904,4.083624338595904,0.0916549703244867,0.0916549703244867,2,6.5200000000000005,38.377224,1,1,1,1,1,11.88,38.377224,2,1,1,1,1,18.32,38.377224,3,1,1,2,1,18.32,56.08733015695624,3,2,1,2,1,47.43542977135675,2.429987073012166,22.35707745244986,49.48222050444446,2.140035565425732,27.101345872544954,43.326799191202,-0.8258346074421234,0.5737746217766931,-0.15640007110320836,0.175612132050551,1.4506902661702192,0.21744515024087227,-0.8051028961830892,0.24670959312060103,1.948002709174625,-0.7011755113703992
Chicken_Reef,2024,Concurrent,6.04,23.818572,48.513518221691015,40.47068978248909,8.042828439201926,8.042828439201926,0.1657853054987439,0.1657853054987439,2,6.1000000000000005,0.0,1,0,0,1,0,12.62,38.377224,2,1,1,1,1,17.98,38.377224,3,1,1,1,1,22.08,38.377224,4,1,1,2,1,43.326799191202,1.9165658901912093,25.681098833317705,66.00426134079001,2.140035565425732,24.78464301539492,49.72035985254011,-1.0787048321318669,0.953871512219014,-0.3167940254682249,1.0081873083746613,1.7470194879497285,0.3943795955271047,0.7480742187277739,0.34398228775123946,1.948002709174625,-0.7011755113703992
Chicken_Reef,2025,Heatwave_Only,4.89,0.0,42.27768107465533,40.47068978248909,1.8069912921662377,1.8069912921662377,0.042741021887539,0.042741021887539,1,12.14,18.51984,2,1,1,1,1,18.66,56.897064,3,2,2,1,1,18.66,56.897064,3,2,2,1,1,24.020000000000003,56.897064,4,2,2,1,1,48.06966642897199,1.699591808036216,30.83829576892224,72.39226507631636,,,,-0.7867998091099753,1.5435892949939751,-0.3845772260762439,1.3300902372649708,1.2802941760007953,0.04950737166410909,-0.8051028961830892,1.1379377952769927,3.154685240802255,-0.9038831894923484
Chinaman_Reef_22_102,1992,Storm_Only,0.87,22.481028,21.187099272619346,20.691549088191305,0.4955501844280405,0.4955501844280405,0.0233892416348118,0.0233892416348118,10,1.2200000000000002,0.0,0,0,0,0,0,1.2200000000000002,0.0,0,0,0,0,0,1.2200000000000002,0.0,0,0,0,0,0,1.2200000000000002,0.0,0,0,0,0,0,,,,,0.7283095058790338,,54.283402675176575,,,,,-0.29824422047080246,-1.156045967404797,0.6608547695103172,-1.1545430079099501,-0.5525116480315188,0.9204859136051936
Chinaman_Reef_22_102,1994,Storm_Only,0.32,29.117304,21.72245254512056,20.691549088191305,1.0309034569292557,1.0309034569292557,0.047457967961395,0.047457967961395,2,1.27,22.481028,0,1,0,0,1,2.0900000000000003,22.481028,0,1,0,0,1,2.0900000000000003,22.481028,0,1,0,0,1,2.0900000000000003,22.481028,0,1,0,0,1,54.283402675176575,0.7022978655017987,,,0.7283095058790338,,42.94449828519124,-0.40436852206995766,,-0.6961341396973065,,-0.2581753544597989,-1.3209848570784035,1.0935974213969293,-1.0401818669252805,0.9122668695275762,-0.7011755113703992
Chinaman_Reef_22_102,2002,Heatwave_Only,4.47,0.0,35.177559666766776,38.84863212604097,-3.671072459274193,0.0,-0.1043583606722542,-0.1043583606722542,8,0.32,0.0,0,0,0,0,0,2.95,0.0,0,0,0,0,0,3.44,0.0,0,0,0,0,0,3.76,29.117304,0,1,0,0,1,29.90616616395352,1.3246868947426558,,33.49828332422792,1.3189950992735828,,28.002157608700777,-1.9046925725412498,,-0.5016983803372232,-0.629847039003998,0.7488809429680248,-0.07644596226846317,-0.8051028961830892,-0.9271352218139977,-0.5525116480315188,0.5150705573612954
Chinaman_Reef_22_102,2004,Heatwave_Only,4.2700000000000005,0.0,43.07572841978988,36.82744412083712,6.248284298952761,6.248284298952761,0.145053479724377,0.145053479724377,2,4.47,0.0,1,0,0,1,0,4.79,0.0,1,0,0,1,0,7.42,0.0,1,0,0,1,0,7.76,0.0,1,0,0,1,0,28.002157608700777,0.3207940847803767,,28.5495552135128,0.5850089248592406,,33.246037735299346,-2.021876890231798,,-0.815316795268516,-0.8792222959816374,1.3400245517828189,-0.13642374033159263,-0.8051028961830892,-0.6852679811107881,-0.5525116480315188,-0.7011755113703992
Chinaman_Reef_22_102,2009,Storm_Only,0.77,42.338412,35.29437501131859,24.350881585429992,10.9434934258886,10.9434934258886,0.3100633860885515,0.3100633860885515,5,1.97,0.0,0,0,0,0,0,6.24,0.0,1,0,0,1,0,10.71,0.0,2,0,0,1,0,10.71,0.0,2,0,0,1,0,32.70885839685324,0.5510845829632754,27.46912163583206,42.90152488854002,0.9272263344150288,26.45283319440933,36.55463931632624,-1.7321977714528403,1.1583292546352897,-0.7433735157698091,-0.1560008851921063,0.7576240638739782,-1.1860348564363619,1.9557281309694814,-0.49466607946967184,-0.5525116480315188,-0.09305247700455194
Chinaman_Reef_22_102,2020,Heatwave_Only,6.6000000000000005,0.0,15.828214248965844,15.003238529302154,0.8249757196636907,0.8249757196636907,0.0521205807987841,0.0521205807987841,11,1.09,0.0,0,0,0,0,0,2.22,0.0,0,0,0,0,0,2.22,0.0,0,0,0,0,0,2.22,0.0,0,0,0,0,0,62.82123578058565,3.198981247592981,19.23401360534023,40.696621990840015,5.93620754298458,26.346457169640036,76.34647914161121,0.12110188311964848,0.21665692579205428,0.08383547170588385,-0.26710988419614,-0.6993334768751491,0.562317374103868,-0.8051028961830892,-1.0230934205712492,-0.5525116480315188,1.1231935917271427
Chinaman_Reef_22_102,2024,Heatwave_Only,9.41,0.0,19.16056476708068,18.457508644550444,0.703056122530235,0.703056122530235,0.0366928705430509,0.0366928705430509,4,0.35,0.0,0,0,0,0,0,6.95,0.0,1,0,0,1,0,8.040000000000001,0.0,1,0,0,1,0,8.58,0.0,1,0,0,1,0,71.61973658018147,5.93620754298458,33.29703687495954,65.35784258920562,2.43454928516078,27.03702687405986,74.56192572464599,0.6626153705753353,1.8247426757112473,0.9389512405908345,0.9756131117962545,-0.44992152168487126,1.4050051558908394,-0.8051028961830892,-0.40133687245919425,-0.5525116480315188,-0.29576015512650106
Corbett_Reef,2016,Heatwave_Only,6.94,0.0,16.068368231523028,25.64207088645924,-9.573702654936213,0.0,-0.5958105090070355,-0.5958105090070355,1,2.42,23.880353060396025,0,1,0,0,1,2.42,23.880353060396025,0,1,0,0,1,2.42,23.880353060396025,0,1,0,0,1,2.42,23.880353060396025,0,1,0,0,1,,,,,1.6589575793111335,9.989282258769812,52.62110085993015,,,,,-0.6813589948959233,0.6642795968111883,-0.8051028961830892,-0.9968035031035092,1.0034415830482473,-0.9038831894923484
Corbett_Reef,2020,Heatwave_Only,6.1000000000000005,0.0,25.64207088645924,21.552669869631544,4.089401016827697,4.089401016827697,0.1594801385167053,0.1594801385167053,3,12.19,0.0,1,0,0,1,0,19.82,23.880353060396025,2,1,0,2,1,21.55,23.880353060396025,2,1,0,2,1,21.550000000000004,23.880353060396025,2,1,0,2,1,52.62110085993015,1.6589575793111335,9.989282258769812,50.94659996544072,8.725026952963756,10.942453789207628,46.99589816740264,-0.5066767304432933,-0.8404643243993778,-0.3972714522707664,0.249404831149946,0.03519104526276046,0.41237292894604377,-0.8051028961830892,1.2904193165898856,1.0034415830482473,-0.4984678332484502
Corbett_Reef,2021,Heatwave_Only,4.71,0.0,21.552669869631544,21.27429383465208,0.2783760349794626,0.2783760349794626,0.0129160812402042,0.0129160812402042,1,7.700000000000001,0.0,1,0,0,1,0,25.230000000000004,0.0,3,0,0,2,0,25.92,23.880353060396025,3,1,0,2,1,27.65,23.880353060396025,3,1,0,2,1,59.0503185714335,1.15673573875311,7.67738925296269,54.55112345096792,8.725026952963756,10.809086486215124,55.44838900601104,-0.11098339769642566,-1.1048258437326899,-0.5541667064419781,0.43104321385660666,-0.2708828499111201,-0.004472628592707519,-0.8051028961830892,2.001561584092258,-0.5525116480315188,-0.9038831894923484
Corbett_Reef,2022,Concurrent,4.68,19.857384,28.01013133007541,20.129937518667525,7.880193811407885,7.880193811407885,0.2813336973877969,0.2813336973877969,1,11.63,0.0,2,0,0,2,0,23.0,0.0,3,0,0,2,0,30.630000000000003,23.880353060396025,4,1,0,2,1,30.630000000000003,23.880353060396025,4,1,0,2,1,46.99589816740264,1.224458105776234,13.655379818413858,52.68796451936523,8.725026952963756,10.84116546394207,58.09784027697224,-0.8528860673584668,-0.4212515327791652,-0.533010083752365,0.3371553042839258,0.21243007880392306,-0.013469295302177041,0.48977046527607526,1.7084290043269543,-0.5525116480315188,-0.9038831894923484
Corbett_Reef,2024,Heatwave_Only,7.51,0.0,21.90616578396069,20.129937518667525,1.776228265293167,1.776228265293167,0.0810834850247362,0.0810834850247362,2,11.67,19.857384,2,1,1,2,1,18.590000000000003,19.857384,3,1,1,3,1,29.96,19.857384,4,1,1,3,1,36.900000000000006,19.857384,5,1,1,3,1,58.09784027697224,8.725026952963756,9.719992080932784,66.67527105120632,1.7466957105223244,9.548226401457088,58.14703023818972,-0.16960473043339086,-0.8712572548575418,1.8101848167334464,1.0420006873330336,-0.24442521687842078,0.8352162642911076,-0.8051028961830892,1.1287363241632842,0.7413201775469954,-0.7011755113703992
Corbett_Reef,2025,Heatwave_Only,9.88,0.0,21.27429383465208,20.129937518667525,1.144356315984556,1.144356315984556,0.0537905664403582,0.0537905664403582,1,14.47,19.857384,2,1,1,1,1,25.28,19.857384,4,1,1,3,1,26.880000000000003,19.857384,4,1,1,3,1,37.47,19.857384,5,1,1,3,1,53.371339287029386,1.1030917125368855,13.255277909436344,62.46688911507815,,,,-0.46050247458592747,-0.4670025897181204,-0.5709252231934799,0.8299327977050532,-0.29171808641607905,1.5459529343391945,-0.8051028961830892,2.0081340634591927,0.7413201775469954,-0.9038831894923484
Davie_Reef,1990,Storm_Only,0.42,33.078492,30.07353470251121,40.27704154500093,-10.203506842489716,0.0,-0.3392852534104579,-0.3392852534104579,10,3.55,0.0,0,0,0,0,0,3.55,0.0,0,0,0,0,0,3.55,0.0,0,0,0,0,0,3.55,0.0,0,0,0,0,0,,,,,,,,,,,,0.3668668544875823,-1.2909959680468388,1.3519011748486274,-0.8482654694107772,-0.5525116480315188,0.9204859136051936
Davie_Reef,2016,Heatwave_Only,7.75,0.0,36.09892916214853,26.396747681824312,9.702181480324215,9.702181480324215,0.2687664622056829,0.2687664622056829,10,3.1500000000000004,0.0,0,0,0,0,0,5.32,0.0,0,0,0,0,0,10.33,0.0,0,0,0,0,0,11.17,0.0,0,0,0,0,0,,,,,5.194063729081616,21.68752021157762,41.28330175599565,,,,,0.8178414457862712,0.9071895979668633,-0.8051028961830892,-0.6155996998212766,-0.5525116480315188,0.9204859136051936
Davie_Reef,2017,Heatwave_Only,10.54,0.0,36.09892916214853,26.396747681824312,9.702181480324215,9.702181480324215,0.2687664622056829,0.2687664622056829,1,8.6,0.0,1,0,0,1,0,10.9,0.0,1,0,0,1,0,14.64,0.0,1,0,0,1,0,18.08,0.0,1,0,0,1,0,,,,,5.194063729081616,17.886205451715963,41.28330175599565,,,,,0.8178414457862712,1.7438796019475218,-0.8051028961830892,0.11788899752867414,-0.5525116480315188,-0.9038831894923484
Davie_Reef,2020,Heatwave_Only,6.3,0.0,50.89201887088023,28.84302303482004,22.04899583606019,22.04899583606019,0.433250563158074,0.433250563158074,3,11.64,0.0,1,0,0,1,0,20.24,0.0,2,0,0,2,0,22.54,0.0,2,0,0,2,0,22.54,0.0,2,0,0,2,0,41.28330175599565,5.194063729081616,21.68752021157762,25.58657284308,6.964371204939672,32.22759564868138,58.1971603667837,-1.2044741476039045,0.49721174925923844,0.707103812003257,-1.0285322749330008,1.9250399255089878,0.4723507070091732,-0.8051028961830892,1.3456281432721398,-0.5525116480315188,-0.4984678332484502
Davie_Reef,2021,Heatwave_Only,5.53,0.0,28.84302303482004,33.871462457876675,-5.028439423056636,0.0,-0.174338155088188,-0.174338155088188,1,7.4,0.0,1,0,0,1,0,25.69,0.0,3,0,0,2,0,26.54,0.0,3,0,0,2,0,28.84,0.0,3,0,0,2,0,65.33024814310376,4.830656535232675,14.084890691854303,42.25694050023626,6.964371204939672,39.47906819122386,55.976993438908416,0.27552183095428706,-0.3721376045879887,0.5935745716515741,-0.18848264492527442,0.27476840348281656,0.24143626146612418,-0.8051028961830892,2.0620283942680597,-0.5525116480315188,-0.9038831894923484
Davie_Reef,2022,Concurrent,5.82,19.857384,33.871462457876675,37.53377031056192,-3.662307852685245,0.0,-0.1081237002163628,-0.1081237002163628,1,12.28,0.0,2,0,0,2,0,23.47,0.0,3,0,0,2,0,32.07,0.0,4,0,0,2,0,32.07,0.0,4,0,0,2,0,58.1971603667837,5.19910987444856,25.375233485439303,52.268222136448856,6.043716173056195,41.446843185842816,46.05015277284792,-0.16349196538020308,0.9188962655819763,0.7086802393825439,0.31600373518124336,0.6511252426696869,0.3284040396576622,0.48977046527607526,1.7702103103761437,-0.5525116480315188,-0.9038831894923484
Davie_Reef,2024,Heatwave_Only,7.03,0.0,46.431239206415846,33.32829709575095,13.102942110664898,13.102942110664898,0.2822009994696489,0.2822009994696489,2,13.13,0.0,2,0,0,2,0,19.880000000000003,0.0,3,0,0,3,0,31.07,0.0,4,0,0,3,0,38.82,0.0,5,0,0,3,0,46.05015277284792,6.043716173056195,41.504066924593054,57.7471866469761,2.298665587390187,35.70681151986866,40.43732421274918,-0.9110930163052701,2.763204329293616,0.9725371830539161,0.5920985523173289,1.591169952425696,0.6912695969395966,-0.8051028961830892,1.298306291830208,-0.5525116480315188,-0.7011755113703992
Davie_Reef,2025,Heatwave_Only,8.35,0.0,54.05290123016056,33.32829709575095,20.72460413440961,20.72460413440961,0.3834133536359682,0.3834133536359682,1,14.63,0.0,2,0,0,1,0,26.46,0.0,4,0,0,3,0,27.56,0.0,4,0,0,3,0,38.1,0.0,5,0,0,3,0,39.41990501195291,2.662146487391907,47.12965111306673,66.31710317802118,,,,-1.3191589663433094,3.4064814963021104,-0.083872937900723,1.0239519678603908,2.1616182341439854,1.087122932156252,-0.8051028961830892,2.1632445765188595,-0.5525116480315188,-0.9038831894923484
Davies_Reef,1988,Storm_Only,0.0,28.637080482677696,28.270841365256818,16.462682166813238,11.80815919844358,11.80815919844358,0.4176797940281715,0.4176797940281715,10,0.0,0.0,0,0,0,0,0,0.0,0.0,0,0,0,0,0,0.0,0.0,0,0,0,0,0,0.0,0.0,0,0,0,0,0,,,,,,,,,,,,0.23194309199351582,-1.416949301979411,1.062282690306123,-1.3149115044631652,-0.5525116480315188,0.9204859136051936
Davies_Reef,1989,Storm_Only,0.16,41.000868,22.40096173967421,16.462682166813238,5.938279572860971,5.938279572860971,0.2650903850410904,0.2650903850410904,1,0.0,28.72651512189241,0,1,0,0,1,0.0,28.72651512189241,0,1,0,0,1,0.0,28.72651512189241,0,1,0,0,1,0.0,28.72651512189241,0,1,0,0,1,,,,,,,,,,,,-0.20739188978275727,-1.3689670795289073,1.8685086817520247,-1.3149115044631652,1.3191991222626374,-0.9038831894923484
Davies_Reef,2000,Storm_Only,0.0,22.481028,40.52963287890306,28.46348787382228,12.066145005080775,12.066145005080775,0.2977116778020849,0.2977116778020849,11,0.79,0.0,0,0,0,0,0,2.76,0.0,0,0,0,0,0,4.43,0.0,0,0,0,0,0,4.43,0.0,0,0,0,0,0,49.53599850789816,12.889950859331565,,26.20626485091962,25.316125073496625,,59.2572574741619,-0.6965527754489758,,3.111316591821665,-0.9973048867547354,1.1494603648817734,-1.416949301979411,0.6608547695103172,-0.9521106434083508,-0.5525116480315188,1.1231935917271427
Davies_Reef,2017,Heatwave_Only,4.3,0.0,25.28987973538433,29.085461584299832,-3.795581848915504,0.0,-0.1500830327636914,-0.1500830327636914,17,4.640000000000001,0.0,0,0,0,0,0,6.760000000000001,0.0,0,0,0,0,0,8.190000000000001,0.0,0,0,0,0,0,8.34,0.0,0,0,0,0,0,67.84651778077237,1.498330532342098,27.79515114793364,46.37716729653028,4.061225098516238,24.816893274344068,52.32143868925412,0.43038843583490305,1.1956102433965243,-0.4474517099293665,0.019142949600164116,0.008831068089650451,-0.12742707362212335,-0.8051028961830892,-0.4263122940535473,-0.5525116480315188,2.339439660458837
Davies_Reef,2020,Concurrent,5.13,38.377224,37.45620210658088,35.659228374595195,1.7969737319856876,1.7969737319856876,0.0479753320123709,0.0479753320123709,3,4.3,0.0,1,0,0,1,0,8.940000000000001,0.0,1,0,0,1,0,9.98,0.0,1,0,0,1,0,11.06,0.0,1,0,0,1,0,52.32143868925412,4.061225098516238,24.816893274344068,34.89191700218411,6.087549599670879,32.090627594733654,55.97275290559535,-0.5251197710018363,0.8550508946503369,0.3532024271490317,-0.5596193463933413,0.9194274275002371,0.12148070533986474,1.6974243775177829,-0.1397521936551794,-0.5525116480315188,-0.4984678332484502
Davies_Reef,2022,Heatwave_Only,5.2,0.0,39.07525429298804,35.659228374595195,3.4160259183928474,3.4160259183928474,0.0874217194539369,0.0874217194539369,2,5.13,38.377224,1,1,1,1,1,9.43,38.377224,2,1,1,1,1,14.07,38.377224,2,1,1,1,1,14.07,38.377224,2,1,1,1,1,55.97275290559535,3.256139875960188,29.95914571780029,36.38349222637045,6.250995662226109,25.204288940809267,57.56426529564952,-0.30039558899365865,1.4430597970229313,0.1016919582254395,-0.4844562041654289,1.0406064478859276,0.1424729276619602,-0.8051028961830892,-0.07534189585921619,1.948002709174625,-0.7011755113703992
Davies_Reef,2024,Concurrent,4.23,23.818572,35.659228374595195,37.672240597051896,-2.0130122224567017,0.0,-0.0564513679687706,-0.0564513679687706,2,6.300000000000001,0.0,1,0,0,1,0,11.43,38.377224,2,1,1,1,1,15.73,38.377224,3,1,1,1,1,18.35,38.377224,3,1,1,1,1,57.56426529564952,6.087549599670879,24.29743794765925,43.29115864861872,4.920994895000483,24.383268230038983,56.71185980754726,-0.2024441942848283,0.7956519522930378,0.9862308460022751,-0.1363665434232777,0.7849317526053682,-0.14841929594421857,0.7480742187277739,0.1875572788181855,1.948002709174625,-0.7011755113703992
Davies_Reef,2025,Heatwave_Only,4.71,0.0,37.672240597051896,38.663553358075504,-0.9913127610236074,0.0,-0.0263141439243511,-0.0263141439243511,1,10.53,18.51984,2,1,1,1,1,15.66,56.897064,3,2,2,1,1,15.66,56.897064,3,2,2,1,1,19.96,56.897064,4,2,2,1,1,57.66624872689268,6.250995662226109,26.93216064472957,54.2243664780485,,,,-0.19616751093012325,1.0969285656440544,1.0372917705916824,0.414577345805666,0.9355969696932998,-0.004472628592707519,-0.8051028961830892,0.7435890332608902,3.154685240802255,-0.9038831894923484
Dip_Reef,1988,Storm_Only,1.45,17.68956560193944,34.065366083696816,11.685988686644802,22.37937739705201,22.37937739705201,0.6569539673246739,0.6569539673246739,10,0.0,0.0,0,0,0,0,0,0.0,0.0,0,0,0,0,0,0.0,0.0,0,0,0,0,0,0.0,0.0,0,0,0,0,0,,,,,,,,,,,,0.6656380864330868,-0.9821104110217209,0.3484099368132274,-1.3149115044631652,-0.5525116480315188,0.9204859136051936
Dip_Reef,1989,Storm_Only,0.55,25.88573364861052,11.685988686644802,12.694152587160897,-1.0081639005160952,0.0,-0.08627116862335,-0.08627116862335,1,1.45,18.82451640527584,0,1,0,0,1,1.45,18.82451640527584,0,1,0,0,1,1.45,18.82451640527584,0,1,0,0,1,1.45,18.82451640527584,0,1,0,0,1,,,,,,,,,,,,-1.0093610597244147,-1.2520104123058045,0.8828710556432392,-1.124309602822049,0.674022442575317,-0.9038831894923484
Dip_Reef,2000,Storm_Only,0.0,22.481028,28.62492367515387,24.560815185366195,4.0641084897876745,4.0641084897876745,0.1419779677287062,0.1419779677287062,11,2.0,0.0,0,0,0,0,0,4.49,0.0,0,0,0,0,0,6.4,0.0,0,0,0,0,0,6.55,0.0,0,0,0,0,0,55.89915560358425,4.7863121657159065,,45.92774904251278,8.89073974075565,,59.03553494040722,-0.30492521655034327,,0.5797212889694329,-0.0035040397026814617,0.2584446141862272,-1.416949301979411,0.6608547695103172,-0.7247028573123984,-0.5525116480315188,1.1231935917271427
Dip_Reef,2006,Storm_Only,0.62,19.76089897048784,28.05201549730793,17.912306475134873,10.139709022173058,10.139709022173058,0.3614609803401162,0.3614609803401162,6,4.69,0.0,0,0,0,0,0,9.59,0.0,0,0,0,0,0,10.53,22.481028,0,1,0,0,1,11.59,22.481028,0,1,0,0,1,61.25348019188407,3.1517578492402576,,51.78669119261294,7.9887524875703555,7.464898976383871,73.83706002432348,0.024612627091515203,,0.06908277381614934,0.2917385300264559,0.21556492670908559,-1.231018189983709,0.4834788059872739,-0.054309961885024044,-0.5525116480315188,0.10965520111739717
Dip_Reef,2016,Heatwave_Only,6.28,0.0,12.73452631921954,16.498326198111997,-3.763799878892456,0.0,-0.2955586870327445,-0.2955586870327445,16,3.97,0.0,0,0,0,0,0,7.110000000000001,0.0,0,0,0,0,0,10.22,0.0,0,0,0,0,0,10.22,0.0,0,0,0,0,0,85.95882394556887,2.7093641268380693,15.235619542288324,53.1722957588412,4.82614600383654,18.023011380780382,78.26074668133013,1.5451304016041902,-0.24055347570430408,-0.0691220391065987,0.36156162134246494,-0.9308825744602067,0.46635292920286037,-0.8051028961830892,-0.38030493848500196,-0.5525116480315188,2.136731982336888
Dip_Reef,2017,Heatwave_Only,6.8,0.0,12.73452631921954,16.498326198111997,-3.763799878892456,0.0,-0.2955586870327445,-0.2955586870327445,1,9.33,0.0,1,0,0,1,0,11.54,0.0,1,0,0,1,0,14.240000000000002,0.0,1,0,0,1,0,16.5,0.0,1,0,0,1,0,85.95882394556887,2.7093641268380693,15.235619542288324,53.1722957588412,4.82614600383654,13.644608570302283,77.96435566089093,1.5451304016041902,-0.24055347570430408,-0.0691220391065987,0.36156162134246494,-0.9308825744602067,0.6222951521669974,-0.8051028961830892,0.20201673342544252,-0.5525116480315188,-0.9038831894923484
Dip_Reef,2020,Concurrent,7.1000000000000005,26.731665125388968,16.498326198111997,23.79242832073694,-7.294102122624942,0.0,-0.4421116442381682,-0.4421116442381682,3,7.25,0.0,1,0,0,1,0,16.58,0.0,2,0,0,2,0,17.5,0.0,2,0,0,2,0,18.79,0.0,2,0,0,2,0,77.96435566089093,4.82614600383654,13.644608570302283,116.55082912911868,5.008883024783796,18.62830683727334,69.34913939320079,1.05310198678735,-0.4224832089461588,0.5921654713044892,3.555319227838838,-0.6491785095257179,0.7122618192616921,0.9380331119795736,0.8645226536124947,-0.5525116480315188,-0.4984678332484502
Dip_Reef,2022,Heatwave_Only,5.6000000000000005,0.0,23.79242832073694,23.97362841517808,-0.1812000944411416,0.0,-0.0076158722429863,-0.0076158722429863,2,7.1000000000000005,28.60700729110346,1,1,1,1,1,14.35,28.60700729110346,2,1,1,1,1,23.68,28.60700729110346,3,1,1,2,1,23.68,28.60700729110346,3,1,1,2,1,69.34913939320079,5.008883024783796,16.58753712732613,68.49114226120763,4.248138202421319,11.11162617292336,66.93815504340512,0.5228689490729966,-0.08596371489085172,0.6492529355138389,1.1335056840718694,-0.10324666295916436,0.26242848378821965,-0.8051028961830892,0.571390073847192,1.3114124452823968,-0.7011755113703992
Dip_Reef,2024,Concurrent,7.65,23.818572,24.881660603722644,23.97362841517808,0.9080321885445636,0.9080321885445636,0.0364940348237331,0.0364940348237331,2,7.040000000000001,0.0,1,0,0,1,0,14.14,28.60700729110346,2,1,1,1,1,21.390000000000004,28.60700729110346,3,1,1,1,1,27.67,28.60700729110346,4,1,1,2,1,66.93815504340512,3.8352232379672335,10.7921386003068,118.37302783020222,3.670484138620044,13.299945480066732,68.02917646682802,0.37448224397445184,-0.7486588984034613,0.28259892787746593,3.647143078165779,-0.021722359954712844,0.8772007089352986,0.7480742187277739,0.5437856605060649,1.3114124452823968,-0.7011755113703992
Dip_Reef,2025,Heatwave_Only,6.47,0.0,23.97362841517808,25.267763889063065,-1.2941354738849853,0.0,-0.0539816272894948,-0.0539816272894948,1,14.69,18.51984,2,1,1,1,1,21.79,47.12684729110346,3,2,2,1,1,22.24,47.12684729110346,3,2,2,1,1,29.040000000000003,47.12684729110346,4,2,2,1,1,70.20418268730035,4.248138202421319,9.24279443839655,109.33492995653371,,,,0.5754935366771394,-0.9258240940176057,0.41159450924672303,3.1916971677398283,-0.08968462331490905,0.5233318183628334,-0.8051028961830892,1.5493750036471263,2.5180949769100267,-0.9038831894923484
East_Cay,1994,Storm_Only,0.35,29.117304,39.14385661096371,16.387495719786035,22.756360891177675,22.756360891177675,0.5813520399214803,0.5813520399214803,2,0.8600000000000001,22.481028,0,1,0,0,1,0.8600000000000001,22.481028,0,1,0,0,1,0.8600000000000001,22.481028,0,1,0,0,1,0.8600000000000001,22.481028,0,1,0,0,1,,,,,2.119707569680037,,33.01030594355102,,,,,1.0457410332675927,-1.311988190368934,1.0935974213969293,-1.2018648593518826,0.9122668695275762,-0.7011755113703992
East_Cay,2009,Storm_Only,1.74,39.67060436754328,19.53383191715631,14.90999891915959,4.62383299799672,4.62383299799672,0.2367089579559486,0.2367089579559486,15,1.33,0.0,0,0,0,0,0,3.96,0.0,0,0,0,0,0,7.1,0.0,0,0,0,0,0,7.1,0.0,0,0,0,0,0,40.69442522271546,2.297268812050967,20.51704447665571,24.159813777577053,3.045472471804913,11.625007508213486,36.1482751285433,-1.240717206788717,0.3633695935671307,-0.197861560041109,-1.1004292150446608,-0.42198409757459715,-0.8951426328301829,1.7817639755316026,-0.7943711386019098,-0.5525116480315188,1.934024304214939
East_Cay,2020,Heatwave_Only,4.61,0.0,20.338128893906703,21.56826837888892,-1.2301394849822174,0.0,-0.0604843981174082,-0.0604843981174082,11,1.79,0.0,0,0,0,0,0,2.44,0.0,0,0,0,0,0,2.44,0.0,0,0,0,0,0,2.44,0.0,0,0,0,0,0,47.921815697759286,3.265971393759987,25.63682076688091,38.76739552875747,4.11000488842038,23.709126699672456,54.96119526768316,-0.7958994462987954,0.948808381318505,0.10476334692166647,-0.3643270547471354,-0.36178596402458013,-0.03446151762427224,-0.8051028961830892,-0.9941745113567352,-0.5525116480315188,1.1231935917271427
East_Cay,2024,Heatwave_Only,7.67,0.0,21.83957675591812,14.554197554158632,7.285379201759488,7.285379201759488,0.3335860984478687,0.3335860984478687,4,2.09,0.0,0,0,0,0,0,6.7,0.0,1,0,0,1,0,8.49,0.0,1,0,0,1,0,8.49,0.0,1,0,0,1,0,38.94068973352744,4.11000488842038,24.916137797860728,45.19484194996604,5.620003942380957,22.87666888750333,77.79851294709094,-1.3486528020061017,0.8663993579903241,0.3684413453269528,-0.040436538408529024,-0.24940911625756337,0.8831984867416114,-0.8051028961830892,-0.4341992692938695,-0.5525116480315188,-0.29576015512650106
Erskine_Island,2015,Storm_Only,1.02,20.92974875614908,25.29084434696864,27.379856217045766,-2.089011870077126,0.0,-0.0825995305422657,-0.0825995305422657,9,0.18,0.0,0,0,0,0,0,0.3299999999999999,0.0,0,0,0,0,0,0.3299999999999999,0.0,0,0,0,0,0,0.3299999999999999,0.0,0,0,0,0,0,56.28109125428674,0.5177095483202261,7.219442626602285,37.39301114628096,0.940584385660982,9.829480731088292,63.69872771207758,-0.28141856343904664,-1.1571913578867223,-0.7537999530937535,-0.4335847409441258,0.008903265074911926,-1.1110626338574496,0.5596979318801908,-1.2715331406413939,-0.5525116480315188,0.7177782354832445
Erskine_Island,2020,Heatwave_Only,8.85,0.0,27.379856217045766,30.02250821055053,-2.642651993504764,0.0,-0.0965181107072263,-0.0965181107072263,5,1.74,0.0,0,0,0,0,0,2.76,17.53488057419429,0,1,0,0,1,2.94,17.53488057419429,0,1,0,0,1,2.94,17.53488057419429,0,1,0,0,1,62.09040204806418,0.940584385660982,12.696370921878312,41.33089377694064,1.938174928579571,6.4710226641012,53.92038474133647,0.07612191070592308,-0.5309127706934994,-0.6216928846049181,-0.23514779492515492,0.16525672552252024,1.2370673773140763,-0.8051028961830892,-0.9521106434083508,0.5899946632031848,-0.09305247700455194
Erskine_Island,2024,Heatwave_Only,11.17,0.0,36.69689872763442,26.914870917548605,9.782027810085816,9.782027810085816,0.2665627927495548,0.2665627927495548,4,0.91,0.0,0,0,0,0,0,9.76,0.0,1,0,0,1,0,11.5,0.0,1,0,0,1,0,11.5,0.0,1,0,0,1,0,58.06250000414299,1.0401115840826056,7.730613921665899,50.32527893840956,1.0037774582649257,4.888360608122969,54.37553858735024,-0.17177978670982863,-1.0987396821979434,-0.5906003596841404,0.21809535378221165,0.8625968692212849,1.9328096028463804,-0.8051028961830892,-0.031963532037444904,-0.5525116480315188,-0.29576015512650106
Fairfax_Island,2020,Heatwave_Only,4.55,0.0,21.717166516107884,27.76452486357717,-6.0473583474692845,0.0,-0.2784598231534434,-0.2784598231534434,18,3.48,0.0,0,0,0,0,0,4.91,0.0,0,0,0,0,0,4.91,0.0,0,0,0,0,0,5.08,0.0,0,0,0,0,0,78.9538020794631,1.145968154650846,17.82947446364652,94.11620349754058,3.0885307448971635,35.918474211338705,60.56201485660255,1.113998563712838,0.05604996840752508,-0.557530524396724,2.4247983329935026,-0.2585709907603853,-0.052454851043211285,-0.8051028961830892,-0.669494030630144,-0.5525116480315188,2.5421473385807865
Fairfax_Island,2024,Heatwave_Only,11.26,0.0,39.75603616759026,21.25366968687083,18.50236648071943,18.50236648071943,0.465397666978753,0.465397666978753,4,1.84,0.0,0,0,0,0,0,6.39,0.0,1,0,0,1,0,9.87,0.0,1,0,0,1,0,10.47,0.0,1,0,0,1,0,61.09588483552793,3.0885307448971635,39.29571073061279,68.01580335908834,3.9184824793554536,13.230832922610864,71.54728028255322,0.014913246143438757,2.5106820900708984,0.04933048149171114,1.1095525069694931,1.091560012788427,1.9597996029747888,-0.8051028961830892,-0.4749486413688668,-0.5525116480315188,-0.29576015512650106
Farquharson_Reef,2011,Storm_Only,1.05,41.000868,7.531295835256777,7.290191801512693,0.2411040337440839,0.2411040337440839,0.0320136187739946,0.0320136187739946,5,3.28,0.0,0,0,0,0,0,3.5700000000000003,37.03968,0,1,0,0,1,6.290000000000001,37.03968,0,1,0,0,1,6.289999999999999,37.03968,0,1,0,0,1,82.4627725126743,15.342400776130772,5.755092548265499,66.05451982524717,4.674818976870521,8.894781697249888,83.68519167809893,1.3299620397580276,-1.3246376067280772,3.8774675672767516,1.0107199232600244,-1.3203217649823868,-1.1020659671479802,1.8685086817520247,-0.8456364776640031,1.8608534152237406,-0.09305247700455194
Farquharson_Reef,2017,Heatwave_Only,8.16,0.0,28.42467103155285,7.147135049502659,21.277535982050196,21.277535982050196,0.7485587417504684,0.7485587417504684,6,4.71,0.0,0,0,0,0,0,7.19,0.0,0,0,0,0,0,9.65,41.000868,0,1,0,0,1,10.46,41.000868,0,1,0,0,1,63.31219904051111,7.388703178131087,13.591853359776694,50.268692684478985,14.731599908842291,7.980616442380393,83.97591439105653,0.15131876132997502,-0.42851568863802264,1.3927142063863411,0.21524387128011477,0.243456574032274,1.0301440429962792,-0.8051028961830892,-0.369788971497906,-0.5525116480315188,0.10965520111739717
Farquharson_Reef,2020,Heatwave_Only,5.91,0.0,7.147135049502659,6.919649836024086,0.2274852134785732,0.2274852134785732,0.0318288673577537,0.0318288673577537,3,8.34,0.0,1,0,0,1,0,13.05,0.0,1,0,0,1,0,15.09,0.0,1,0,0,1,0,15.53,0.0,1,0,0,1,0,83.97591439105653,9.313350932284871,8.275770387347391,44.40420110223617,29.467945944945743,7.712113357596033,84.8648567676979,1.42309003442908,-1.0364018529039691,1.9939785764155102,-0.08027834425612547,-1.3490745303837204,0.3553940397860705,-0.8051028961830892,0.40050561030688103,-0.5525116480315188,-0.4984678332484502
Farquharson_Reef,2022,Heatwave_Only,5.1000000000000005,0.0,7.808601079692448,6.919649836024086,0.8889512436683615,0.8889512436683615,0.1138425736692101,0.1138425736692101,2,6.05,0.0,1,0,0,1,0,14.39,0.0,2,0,0,1,0,19.1,0.0,2,0,0,1,0,19.1,0.0,2,0,0,1,0,86.10035284553153,14.731599908842291,7.685462497413394,,29.467945944945743,8.11099260049842,86.23398654644951,1.553840954679104,-1.1039026802629375,3.686651976272699,,-1.2995666724963943,0.11248403863039548,-0.8051028961830892,0.5766480573407401,-0.5525116480315188,-0.7011755113703992
Farquharson_Reef,2024,Heatwave_Only,4.91,0.0,7.151843496001652,8.821948036683787,-1.6701045406821358,0.0,-0.2335208455855939,-0.2335208455855939,2,5.88,0.0,1,0,0,1,0,11.79,0.0,2,0,0,1,0,20.130000000000003,0.0,3,0,0,1,0,22.59,0.0,3,0,0,1,0,86.23398654644951,29.467945944945743,6.441442878933121,47.54720370417013,22.629584133386075,8.414494042259063,82.69478406970433,1.5620655889746458,-1.2461544694226516,8.290320256251174,0.07810317600593804,-1.3487221236243359,0.05550514947042219,-0.8051028961830892,0.23487913026011772,-0.5525116480315188,-0.7011755113703992
Farquharson_Reef,2025,Heatwave_Only,5.74,0.0,8.821948036683787,9.127442620272356,-0.3054945835885689,0.0,-0.034628925756335,-0.034628925756335,1,10.65,0.0,2,0,0,1,0,16.700000000000003,0.0,3,0,0,1,0,16.880000000000003,0.0,3,0,0,1,0,25.04,0.0,4,0,0,1,0,85.1810444587366,26.102408186825365,9.477040880303075,63.86080430974617,,,,1.4972611006881311,-0.8990383625303423,7.238918546209253,0.9001746764461227,-1.223722056374706,0.3044129284324103,-0.8051028961830892,0.8802966040931394,-0.5525116480315188,-0.9038831894923484
Feather_Reef,1990,Storm_Only,0.0,22.481028,7.557799238677567,16.49828668230554,-8.940487443627973,0.0,-1.182948522616796,-1.0,4,0.65,0.0,0,0,0,0,0,0.65,31.740948000000003,0,1,0,0,1,0.65,31.740948000000003,0,1,0,0,1,0.65,31.740948000000003,0,1,0,0,1,,,,,,,,,,,,-1.318338100409755,-1.416949301979411,0.6608547695103172,-1.2294692726930097,1.5156081353413913,-0.29576015512650106
Feather_Reef,2006,Storm_Only,0.44,37.03968,11.273579912296478,8.492201154147924,2.781378758148554,2.781378758148554,0.2467165514225706,0.2467165514225706,16,3.47,0.0,0,0,0,0,0,5.34,0.0,0,0,0,0,0,6.81,0.0,0,0,0,0,0,9.37,0.0,0,0,0,0,0,,,,,2.334035962143581,13.205815835733626,63.49148466202522,,,,,-1.040228064317326,-1.2849981902405256,1.6102049283003261,-0.6129707080745026,-0.5525116480315188,2.136731982336888
Feather_Reef,2011,Storm_Only,0.6900000000000001,41.000868,39.50905975204123,21.14439952140011,18.36466023064112,18.36466023064112,0.464821495269634,0.464821495269634,5,3.06,0.0,0,0,0,0,0,3.5,37.03968,0,1,0,0,1,6.5,37.03968,0,1,0,0,1,6.970000000000001,37.03968,0,1,0,0,1,44.12580284530768,4.01851714376781,27.03471396476713,21.888913770926663,3.61907966692872,29.978565493312914,67.36248651980289,-1.0295292663076892,1.108655384934439,0.3398603641914709,-1.2148639263602377,1.0730749013473841,-1.2100259676616136,1.8685086817520247,-0.8548379487777122,1.8608534152237406,-0.09305247700455194
Feather_Reef,2017,Heatwave_Only,8.91,0.0,49.76011425224977,9.83973257926609,39.92038167298368,39.92038167298368,0.8022566321012574,0.8022566321012574,6,4.550000000000001,0.0,0,0,0,0,0,8.16,0.0,0,0,0,0,0,10.0,41.000868,0,1,0,0,1,10.82,41.000868,0,1,0,0,1,37.713187473844414,3.674701053573613,34.16481774227701,35.864834739411286,7.559535851145556,11.489201747825689,62.18532676709098,-1.4242007896281779,1.9239721244600383,0.23245142952778894,-0.5105922822041005,1.8403217836187895,1.2550607107330154,-0.8051028961830892,-0.24228287177936622,-0.5525116480315188,0.10965520111739717
Feather_Reef,2020,Heatwave_Only,5.45,0.0,9.83973257926609,15.695346141102997,-5.855613561836906,0.0,-0.5950988519927494,-0.5950988519927494,3,9.71,0.0,1,0,0,1,0,14.26,0.0,1,0,0,1,0,17.21,0.0,1,0,0,1,0,17.87,0.0,1,0,0,1,0,62.18532676709098,4.253068865037733,12.046816766859028,37.75325787226597,7.676599171514259,20.544607115861552,58.177203479053865,0.08196415779059855,-0.6051883201583045,0.41313485955003765,-0.41543126436226474,-1.1475453062555436,0.21744515024087227,-0.8051028961830892,0.5595596109867089,-0.5525116480315188,-0.4984678332484502
Feather_Reef,2022,Heatwave_Only,4.65,0.0,15.695346141102997,29.09897511843996,-13.403628977336965,0.0,-0.8539874722632284,-0.8539874722632284,2,6.090000000000001,0.0,1,0,0,1,0,15.61,0.0,2,0,0,1,0,20.16,0.0,2,0,0,1,0,20.16,0.0,2,0,0,1,0,65.66811498694658,7.559535851145556,10.931586728792348,33.76093468124253,7.298332143522498,17.422337346882884,52.24462790935384,0.29631622048407774,-0.7327132127588281,1.4460827250146264,-0.6166115675483679,-0.7092780773559092,-0.022465962011646298,-0.8051028961830892,0.737016553893955,-0.5525116480315188,-0.7011755113703992
Feather_Reef,2024,Heatwave_Only,5.54,0.0,34.15060589846371,32.72948637987422,1.4211195185894925,1.4211195185894925,0.0416133032255636,0.0416133032255636,2,6.03,0.0,1,0,0,1,0,11.670000000000002,0.0,2,0,0,1,0,21.19,0.0,3,0,0,1,0,23.49,0.0,3,0,0,1,0,52.24462790935384,7.146841267896137,17.01343194726243,40.86234318101955,7.009247260307479,15.72941766327394,53.48449329949623,-0.5298471756183029,-0.037263277028139995,1.3171559912388595,-0.2587588971418746,0.6720179161495282,0.2444351503692806,-0.8051028961830892,0.21910517977947397,-0.5525116480315188,-0.7011755113703992
Feather_Reef,2025,Heatwave_Only,6.34,0.0,32.72948637987422,33.62634411954204,-0.8968577396678228,0.0,-0.0274021330264232,-0.0274021330264232,1,11.12,0.0,2,0,0,1,0,17.02,0.0,3,0,0,1,0,17.82,0.0,3,0,0,1,0,26.73,0.0,4,0,0,1,0,54.360266583482186,7.298332143522498,19.52416243011228,87.88996463036736,,,,-0.3996378476068766,0.24983501143738687,1.3644820880282948,2.1110470250274,0.5656532958121134,0.48434626262179914,-0.8051028961830892,0.9223604720415233,-0.5525116480315188,-0.9038831894923484
Fitzroy_Island,2006,Storm_Only,1.52,30.83641151543617,14.878625662661554,17.392635194370232,-2.5140095317086786,0.0,-0.1689678595797779,-0.1689678595797779,10,1.51,0.0,0,0,0,0,0,2.97,0.0,0,0,0,0,0,4.279999999999999,0.0,0,0,0,0,0,5.29,0.0,0,0,0,0,0,51.866470597248274,0.3405293432314602,,18.204394490952343,1.3799401372349382,6.010791522496239,47.315730089562265,-0.5531212866912438,,-0.8091514552917103,-1.4005334401678746,-0.7704060560198271,-0.9611181886996255,1.205698115386759,-0.9245062300672235,-0.5525116480315188,0.9204859136051936
Fitzroy_Island,2010,Storm_Only,1.08,18.51984,24.11722344234805,28.27183515934281,-4.154611716994761,0.0,-0.1722674140713716,-0.1722674140713716,10,2.23,0.0,0,0,0,0,0,4.2700000000000005,0.0,0,0,0,0,0,5.260000000000001,0.0,0,0,0,0,0,6.55,0.0,0,0,0,0,0,34.173025325256326,0.6791647264438977,9.037009972449589,19.38750619370204,1.1368364068580323,7.838099892438912,37.02716970519653,-1.6420839943814942,-0.9493552409765196,-0.7033609853642226,-1.3409143262651262,-0.07893715953900238,-1.0930693004385108,0.40255101605861854,-0.7536217665269125,-0.5525116480315188,0.9204859136051936
Fitzroy_Island,2011,Storm_Only,1.02,21.851255536541192,24.11722344234805,28.27183515934281,-4.154611716994761,0.0,-0.1722674140713716,-0.1722674140713716,10,2.6900000000000004,0.0,0,0,0,0,0,4.83,0.0,0,0,0,0,0,6.340000000000001,0.0,0,0,0,0,0,6.340000000000001,0.0,0,0,0,0,0,34.173025325256326,0.6791647264438977,9.037009972449589,19.38750619370204,1.1368364068580323,9.33210561978326,40.259700635440815,-1.6420839943814942,-0.9493552409765196,-0.7033609853642226,-1.3409143262651262,-0.07893715953900238,-1.1110626338574496,0.6197881523409395,-0.68000999761724,-0.5525116480315188,0.9204859136051936
Fitzroy_Island,2017,Heatwave_Only,10.69,0.0,16.139482911877113,16.787673416272998,-0.6481905043958847,0.0,-0.0401617888215537,-0.0401617888215537,10,4.529999999999999,0.0,0,0,0,0,0,7.15,0.0,0,0,0,0,0,9.25,0.0,0,0,0,0,0,10.86,0.0,0,0,0,0,0,48.43480556130865,0.4207362786019543,13.798332942524295,13.558993923840834,0.2430802085086092,10.038834452107825,48.61190659624172,-0.7643269163454204,-0.4049050561090283,-0.78409462483355,-1.6346234799256056,-0.6760363701079769,1.788862935494869,-0.8051028961830892,-0.3750469549914541,-0.5525116480315188,0.9204859136051936
Fitzroy_Island,2020,Heatwave_Only,4.88,0.0,20.221677790182465,32.801255403504705,-12.57957761332224,0.0,-0.6220837728622879,-0.6220837728622879,3,11.52,0.0,1,0,0,1,0,16.05,0.0,1,0,0,1,0,18.360000000000003,0.0,1,0,0,1,0,18.67,0.0,1,0,0,1,0,48.61190659624172,0.2430802085086092,10.038834452107825,13.713838800793685,0.5094415826583001,8.550871091310603,35.72818847910504,-0.753427036781504,-0.8347981049488103,-0.8395947883497037,-1.626820569739819,-0.37050182308743734,0.04650848276095267,-0.8051028961830892,0.7948543723229836,-0.5525116480315188,-0.4984678332484502
Fitzroy_Island,2024,Heatwave_Only,7.82,0.0,33.55113015235705,37.80846487185232,-4.257334719495276,0.0,-0.1268909482381829,-0.1268909482381829,4,4.13,0.0,0,0,0,0,0,9.68,20.99974402204592,1,1,1,1,1,20.53,20.99974402204592,2,1,1,1,1,23.68,20.99974402204592,2,1,1,1,1,35.361123257172174,0.4425143822183957,6.496790089005804,28.840703932402317,1.133168675965918,14.37884705974118,34.113434828071775,-1.5689611898032194,-1.2398255984459574,-0.7772910953445257,-0.8645507915127262,0.6271497616403209,0.9281818202889588,-0.8051028961830892,-0.042479499024540984,0.8157520237958057,-0.29576015512650106
Fitzroy_Island,2025,Heatwave_Only,6.86,0.0,37.80846487185232,38.257587665057486,-0.4491227932051629,0.0,-0.0118788952349008,-0.0118788952349008,1,11.63,0.0,1,0,0,1,0,16.830000000000002,20.99974402204592,2,1,1,1,1,17.660000000000004,20.99974402204592,2,1,1,1,1,28.35,20.99974402204592,3,1,1,1,1,32.48573006573013,0.555187851019173,13.458903377601937,22.294320136876664,,,,-1.7459304519956655,-0.44371832093751584,-0.7420916454237338,-1.194434774782835,0.94579276468475,0.6402884855859364,-0.8051028961830892,0.8973850504471704,0.8157520237958057,-0.9038831894923484
Fore_and_Aft_Reef,2011,Storm_Only,1.41,23.014637510584315,9.286001454614487,2.8103399048720967,6.475661549742391,6.475661549742391,0.6973573697346821,0.6973573697346821,10,0.0,0.0,0,0,0,0,0,0.0,0.0,0,0,0,0,0,0.0,0.0,0,0,0,0,0,0.0,0.0,0,0,0,0,0,74.99657739052023,11.444631448076798,14.49936617425588,51.87676939562039,4.28113273269191,19.649164856899212,91.3703125307738,0.8704467824760119,-0.3247429509518293,2.659795494819107,0.2962777317204081,-1.188989674637054,-0.9941059666343468,0.6956507295761996,-1.3149115044631652,-0.5525116480315188,0.9204859136051936
Fore_and_Aft_Reef,2017,Heatwave_Only,6.88,0.0,20.6087314838366,23.5749849284998,-2.9662534446631987,0.0,-0.1439318789217874,-0.1439318789217874,10,0.0,0.0,0,0,0,0,0,0.0,0.0,0,0,0,0,0,0.0,0.0,0,0,0,0,0,0.0,0.0,0,0,0,0,0,71.32074140464712,1.8885398228843155,41.60557163090948,47.72808646131026,4.787980917053622,18.418477835317983,65.77812621368113,0.644213380972349,2.7748112411679497,-0.3255494331355793,0.0872181815256343,-0.3415325361012326,0.6462862633922493,-0.8051028961830892,-1.3149115044631652,-0.5525116480315188,0.9204859136051936
Fore_and_Aft_Reef,2020,Concurrent,4.6000000000000005,30.187835979791867,23.5749849284998,28.037032384678795,-4.462047456178997,0.0,-0.1892704266709765,-0.1892704266709765,10,0.0,0.0,0,0,0,0,0,0.0,0.0,0,0,0,0,0,0.0,0.0,0,0,0,0,0,0.0,0.0,0,0,0,0,0,65.77812621368113,3.490069738296712,18.77123913218236,48.75168559950063,,,,0.3030869834134901,0.16373935455264604,0.17477218342780226,0.13879917211907938,-0.11952135594426848,-0.03746040652742866,1.1634053751144295,-1.3149115044631652,-0.5525116480315188,0.9204859136051936
Fork_Reef,1988,Storm_Only,0.0,22.481028,10.13322078593697,11.686893720648715,-1.553672934711745,0.0,-0.1533246899019465,-0.1533246899019465,1,7.949999999999999,0.0,1,0,0,1,0,7.949999999999999,0.0,1,0,0,1,0,7.949999999999999,0.0,1,0,0,1,0,7.949999999999999,0.0,1,0,0,1,0,,,,,,,,,,,,-1.1255789893710635,-1.416949301979411,0.6608547695103172,-0.26988728512049354,-0.5525116480315188,-0.9038831894923484
Fork_Reef,1989,Storm_Only,0.33,33.461362281413145,12.755343062295427,11.686893720648715,1.068449341646712,1.068449341646712,0.0837648455575475,0.0837648455575475,1,7.949999999999999,22.80094608347571,1,1,0,1,1,7.949999999999999,22.80094608347571,1,1,0,1,1,7.949999999999999,22.80094608347571,1,1,0,1,1,7.949999999999999,22.80094608347571,1,1,0,1,1,,,,,,,,,,,,-0.9293245317023915,-1.317985968175247,1.376867632076642,-0.26988728512049354,0.9331115184490535,-0.9038831894923484
Fork_Reef,2016,Heatwave_Only,4.36,0.0,10.363851160433155,17.557332371427364,-7.193481210994209,0.0,-0.6940934503630558,-0.6940934503630558,16,3.31,0.0,0,0,0,0,0,6.68,0.0,0,0,0,0,0,8.57,0.0,0,0,0,0,0,8.57,0.0,0,0,0,0,0,73.87475413714945,2.592723852850914,26.534208426431864,50.12269389499695,2.3058587003416644,15.632082284715924,66.5861865220604,0.8014029264739074,1.051423322630217,-0.10556072806023101,0.20788673125727247,-1.1083173080693316,-0.10943374020318432,-0.8051028961830892,-0.43682826104064354,-0.5525116480315188,2.136731982336888
Fork_Reef,2017,Heatwave_Only,5.33,0.0,17.557332371427364,20.65387094900915,-3.0965385775817857,0.0,-0.1763672585375819,-0.1763672585375819,1,6.7,0.0,1,0,0,1,0,8.95,0.0,1,0,0,1,0,11.7,0.0,1,0,0,1,0,12.93,0.0,1,0,0,1,0,73.1172425047278,1.8312670073170128,29.001876578724342,63.22258973481521,2.48705976477183,15.161476905761534,66.5861865220604,0.7547810331304706,1.3335974977809903,-0.343441591998182,0.8680139029969455,-0.5699164994792532,0.18145848340299445,-0.8051028961830892,-0.13843769778179266,-0.5525116480315188,-0.9038831894923484
Fork_Reef,2020,Concurrent,5.96,36.51172104748385,20.65387094900915,23.295868247260657,-2.641997298251507,0.0,-0.1279177789371369,-0.1279177789371369,3,5.48,0.0,1,0,0,1,0,12.18,0.0,2,0,0,2,0,13.15,0.0,2,0,0,2,0,14.43,0.0,2,0,0,2,0,66.5861865220604,2.3058587003416644,15.632082284715924,52.73207531154977,,,,0.35281995106691993,-0.19521855203614707,-0.19517805924955867,0.33937812596465,-0.33815404329150917,0.37038848430185284,1.5757774335428576,0.28614446932221116,-0.5525116480315188,-0.4984678332484502
Fork_Reef,2022,Heatwave_Only,4.8,0.0,23.295868247260657,40.90245759650253,-17.606589349241872,0.0,-0.755781633136263,-0.755781633136263,2,5.96,36.85445892368115,1,1,1,1,1,11.44,36.85445892368115,2,1,1,1,1,18.14,36.85445892368115,3,1,1,2,1,18.14,36.85445892368115,3,1,1,2,1,61.1510932480232,2.48705976477183,14.690871526807143,74.77611980337593,,,,0.018311109105339986,-0.30284459932666874,-0.13857043137683098,1.4502169388856698,-0.14041202660320573,0.022517371535700784,-0.8051028961830892,0.18887177469157249,1.8487851124045358,-0.7011755113703992
Gannet_Cay,1992,Storm_Only,1.62,22.481028,61.3860107488418,46.64886130660037,14.737149442241432,14.737149442241432,0.2400734183971954,0.2400734183971954,10,1.15,0.0,0,0,0,0,0,1.15,0.0,0,0,0,0,0,1.15,0.0,0,0,0,0,0,1.15,0.0,0,0,0,0,0,,,,,0.0827386912649592,,31.680130723070583,,,,,2.7104696147944822,-0.9311292996680607,0.6608547695103172,-1.163744479023659,-0.5525116480315188,0.9204859136051936
Gannet_Cay,1994,Storm_Only,0.32,29.117304,59.87610152377047,38.254237533949954,21.62186398982052,21.62186398982052,0.3611100829808828,0.3611100829808828,2,1.85,22.481028,0,1,0,0,1,2.7700000000000005,22.481028,0,1,0,0,1,2.7700000000000005,22.481028,0,1,0,0,1,2.7700000000000005,22.481028,0,1,0,0,1,31.680130723070583,0.0,,,0.3693071211545471,,46.876282060892976,-1.7955119567851656,,-0.9155336026704305,,2.5974594707722023,-1.3209848570784035,1.0935974213969293,-0.9507961475349638,0.9122668695275762,-0.7011755113703992
Gannet_Cay,2002,Heatwave_Only,4.2,0.0,6.358417180812206,3.6767479510544168,2.681669229757789,2.681669229757789,0.4217510668929151,0.4217510668929151,8,0.14,0.0,0,0,0,0,0,2.51,0.0,0,0,0,0,0,2.8600000000000003,0.0,0,0,0,0,0,3.18,29.117304,0,1,0,0,1,81.32007834095751,1.3435581348860737,,51.63040385263524,2.1864314426648788,,87.66731615747963,1.2596336599447215,,-0.49580296166021437,0.28386293154997,-1.4081066353961547,-0.1574159626536881,-0.8051028961830892,-0.9849730402430261,-0.5525116480315188,0.5150705573612954
Gannet_Cay,2009,Storm_Only,0.29,42.338412,13.104038634443802,6.1165543497174895,6.987484284726312,6.987484284726312,0.5332313555883296,0.5332313555883296,7,1.96,0.0,0,0,0,0,0,5.16,0.0,0,0,0,0,0,9.36,0.0,1,0,0,1,0,9.36,0.0,1,0,0,1,0,71.74939685157914,0.9442562609905182,17.835086912726684,44.5907222128444,1.8916968585680607,3.9978374994393335,92.8113683355441,0.6705954557453255,0.056691743594476304,-0.6205457823353863,-0.07087921202476118,-0.9032261834215154,-1.329981523787873,1.9557281309694814,-0.6366316337954687,-0.5525116480315188,0.31236287923934625
Gannet_Cay,2020,Heatwave_Only,6.8,0.0,23.560759614131285,4.941148532649486,18.6196110814818,18.6196110814818,0.7902805930889477,0.7902805930889477,11,1.11,0.0,0,0,0,0,0,2.08,0.0,0,0,0,0,0,2.08,0.0,0,0,0,0,0,2.22,0.0,0,0,0,0,0,65.32811963502485,1.1057069661974366,21.76564235465419,29.873995670522568,3.1468124001562647,15.451906390348606,86.65203069889037,0.27539082956448874,0.5061448998788477,-0.5701082119553019,-0.812481373480105,-0.12058605890710516,0.6222951521669974,-0.8051028961830892,-1.0414963627986673,-0.5525116480315188,1.1231935917271427
Gannet_Cay,2024,Heatwave_Only,8.47,0.0,4.941148532649486,6.879262317708815,-1.938113785059328,0.0,-0.3922395314071028,-0.3922395314071028,4,0.95,0.0,0,0,0,0,0,7.75,0.0,1,0,0,1,0,8.86,0.0,1,0,0,1,0,9.21,0.0,1,0,0,1,0,89.46423674317425,2.7748636490123664,20.344384385867365,49.69160469444498,2.1279116135764875,12.814944234211747,87.036979065403,1.7608749190213269,0.34362616953566305,-0.0486598382429109,0.18616337572776512,-1.5141830348165006,1.1231095989941302,-0.8051028961830892,-0.2961772025882336,-0.5525116480315188,-0.29576015512650106
Green_Island,1990,Storm_Only,0.0,19.051087112456987,6.837518918933692,7.9453553563263375,-1.1078364373926457,0.0,-0.1620231622796609,-0.1620231622796609,4,1.21,0.0,0,0,0,0,0,1.21,19.78307543524911,0,1,0,0,1,1.21,19.78307543524911,0,1,0,0,1,1.21,19.78307543524911,0,1,0,0,1,,,,,0.5666934850690116,,68.8531743987239,,,,,-1.3722479522863298,-1.416949301979411,0.4371929273130242,-1.1558575037833372,0.7364785133082536,-0.29576015512650106
Green_Island,2006,Storm_Only,0.98,25.00307301656869,9.855858574930226,8.589089089968745,1.2667694849614808,1.2667694849614808,0.1285295923567418,0.1285295923567418,16,1.53,0.0,0,0,0,0,0,4.78,0.0,0,0,0,0,0,6.04,0.0,0,0,0,0,0,6.99,0.0,0,0,0,0,0,70.74595927725143,3.5471985759656226,,49.49947066048829,2.810990296514488,8.200321276432845,62.19539430074481,0.6088377776255222,,0.19261936326492463,0.1764813982539256,-1.1463383455573466,-1.1230581894700757,0.8253139403837632,-0.6865824769841751,-0.5525116480315188,2.136731982336888
Green_Island,2010,Storm_Only,1.4,18.51984,21.13129342861967,9.032050469533177,12.099242959086494,12.099242959086494,0.5725746509534336,0.5725746509534336,4,2.75,0.0,0,0,0,0,0,4.23,26.91502165445073,0,1,0,0,1,5.26,26.91502165445073,0,1,0,0,1,7.27,26.91502165445073,0,1,0,0,1,55.082391478914985,2.810990296514488,8.336550037428056,37.53686277238878,2.4236770314385314,8.776564921986111,59.17214361114809,-0.35519387022809956,-1.029451790509424,-0.03737379075461119,-0.4263358003224709,-0.3024210453838301,-0.9971048555375034,0.40255101605861854,-0.7588797500204605,1.2011690786273013,-0.29576015512650106
Green_Island,2017,Heatwave_Only,11.08,0.0,6.198594560661906,8.99188005392466,-2.793285493262754,0.0,-0.450632069241915,-0.450632069241915,2,5.55,26.087139456572835,0,1,0,0,1,7.859999999999999,26.087139456572835,0,1,0,0,1,10.31,44.60697945657283,0,2,0,0,1,12.48,44.60697945657283,0,2,0,0,1,69.80951065265539,3.3245109627519907,13.956702004373936,45.76391421538472,3.722883841936492,10.718395694059833,72.4424621096481,0.5512030086940495,-0.3867957899358968,0.12305124245776772,-0.011759969550288747,-1.4200686639878737,1.9058196027179721,-0.8051028961830892,-0.2817177479809766,1.1472274146375074,-0.7011755113703992
Green_Island,2020,Heatwave_Only,5.42,0.0,11.81418176873147,14.914060547652012,-3.099878778920542,0.0,-0.2623862438891007,-0.2623862438891007,3,11.84,0.0,1,0,0,1,0,17.389999999999997,26.087139456572835,1,1,0,1,1,19.41,26.087139456572835,1,1,0,1,1,19.7,26.087139456572835,1,1,0,1,1,72.4424621096481,3.722883841936492,10.718395694059833,35.80251769386034,9.176992753909254,16.31583965523116,66.30566602187059,0.7132509255213292,-0.757091289818866,0.2475038430557869,-0.5137325495416223,-0.9997663646071702,0.20844848353140275,-0.8051028961830892,0.9709968193568422,1.1472274146375074,-0.4984678332484502
Green_Island,2022,Heatwave_Only,4.23,0.0,14.914060547652012,16.26868029146519,-1.3546197438131795,0.0,-0.0908283655872942,-0.0908283655872942,2,6.34,0.0,1,0,0,1,0,17.569999999999997,0.0,2,0,0,1,0,23.119999999999997,26.087139456572835,2,1,0,1,1,23.12,26.087139456572835,2,1,0,1,1,66.30566602187059,9.176992753909254,16.31583965523116,51.06067234582549,,,,0.3355550058426636,-0.11703191585933505,1.9513799689340137,0.25515314233942293,-0.7677539088644275,-0.14841929594421857,-0.8051028961830892,0.9946577450778084,-0.5525116480315188,-0.7011755113703992
Green_Island,2024,Heatwave_Only,8.15,0.0,17.57237117369634,26.561785128535703,-8.989413954839364,0.0,-0.5115652216756839,-0.5115652216756839,2,5.48,0.0,1,0,0,1,0,11.51,0.0,2,0,0,1,0,22.74,0.0,3,0,0,1,0,26.41,0.0,3,0,0,1,0,66.30566602187059,9.176992753909254,16.31583965523116,51.06067234582549,,,,0.3355550058426636,-0.11703191585933505,1.9513799689340137,0.25515314233942293,-0.5687909104821668,1.0271451540931227,-0.8051028961830892,0.19807324580528157,-0.5525116480315188,-0.7011755113703992
Grub_Reef_18_077,1988,Storm_Only,0.0,22.6711694553349,26.7353255754215,9.112010753423574,17.623314821997923,17.623314821997923,0.6591771165188094,0.6591771165188094,10,0.0,0.0,0,0,0,0,0,0.0,0.0,0,0,0,0,0,0.0,0.0,0,0,0,0,0,0.0,0.0,0,0,0,0,0,,,,,,,,,,,,0.11701640787475551,-1.416949301979411,0.6732536386374007,-1.3149115044631652,-0.5525116480315188,0.9204859136051936
Grub_Reef_18_077,1989,Storm_Only,0.34,29.20178981897609,9.112010753423574,9.539463029803017,-0.4274522763794426,0.0,-0.0469108617128046,-0.0469108617128046,1,0.0,23.760244488434715,0,1,0,0,1,0.0,23.760244488434715,0,1,0,0,1,0.0,23.760244488434715,0,1,0,0,1,0.0,23.760244488434715,0,1,0,0,1,,,,,,,,,,,,-1.2020121225257303,-1.3149870792720906,1.099106628269959,-1.3149115044631652,0.9956157640517302,-0.9038831894923484
Grub_Reef_18_077,2017,Heatwave_Only,4.73,0.0,11.530810267646618,6.851916060738547,4.678894206908072,4.678894206908072,0.4057732369455604,0.4057732369455604,17,5.550000000000001,0.0,0,0,0,0,0,7.29,0.0,0,0,0,0,0,9.6,0.0,0,0,0,0,0,10.07,0.0,0,0,0,0,0,83.77351662551591,1.5428963386827872,16.48779593796084,51.43351763437869,1.7060757493142404,10.083538461599879,83.059790517817,1.4106332395310017,-0.09736897123034832,-0.43352924987586033,0.27394148301316845,-1.0209754900417776,0.0015251492136055856,-0.8051028961830892,-0.35664401276403596,-0.5525116480315188,2.339439660458837
Grub_Reef_18_077,2020,Concurrent,5.7700000000000005,38.377224,7.5388999596790045,6.851916060738547,0.6869838989404577,0.6869838989404577,0.0911252175535843,0.0911252175535843,3,4.880000000000001,0.0,1,0,0,1,0,10.43,0.0,1,0,0,1,0,11.410000000000002,0.0,1,0,0,1,0,12.170000000000002,0.0,1,0,0,1,0,83.059790517817,1.7060757493142404,9.70045992675724,41.92653346180784,,,,1.3667061748558516,-0.8734907275748038,-0.382551627958654,-0.2051324463029058,-1.3197526293139306,0.3134095951418798,1.6974243775177829,0.056107691479484655,-0.5525116480315188,-0.4984678332484502
Grub_Reef_18_077,2022,Heatwave_Only,4.74,0.0,6.851916060738547,19.0176065232126,-12.165690462474052,0.0,-1.7755165642182067,-1.0,2,5.7700000000000005,38.377224,1,1,1,1,1,10.650000000000002,38.377224,2,1,1,1,1,16.200000000000003,38.377224,2,1,1,1,1,16.200000000000003,38.377224,2,1,1,1,1,80.00003712517206,1.3547318783917528,10.46661699644252,47.52627540922347,,,,1.1783902596624756,-0.7858818086147987,-0.49231225857685273,0.07704856180736727,-1.3711703887865778,0.004524038116762005,-0.8051028961830892,0.08502660069399916,1.948002709174625,-0.7011755113703992
Hastings_Reef,1999,Storm_Only,0.95,19.857384,28.153902017560416,23.906750775874585,4.247151241685831,4.247151241685831,0.1508547994177417,0.1508547994177417,8,1.55,0.0,0,0,0,0,0,6.7700000000000005,0.0,0,0,0,0,0,6.7700000000000005,0.0,0,0,0,0,0,6.77,17.628862659932206,0,1,0,0,1,55.92647166825089,4.973428927096498,,42.69015327274059,8.014761172556614,,61.645541293310025,-0.3032440190624851,,0.6381769941292927,-0.16665227880850453,0.2231906899910593,-1.132054856179545,0.48977046527607526,-0.42499779818016037,-0.5525116480315188,0.5150705573612954
Hastings_Reef,2010,Storm_Only,1.52,18.51984,25.40680297015538,20.00196770726912,5.404835262886259,5.404835262886259,0.2127318131775634,0.2127318131775634,11,3.28,0.0,0,0,0,0,0,4.23,0.0,0,0,0,0,0,5.92,0.0,0,0,0,0,0,9.25,0.0,0,0,0,0,0,61.9397765389658,2.5917279800173927,11.388341588025106,56.051218398226176,2.4900995547451963,10.88174400966163,58.60887855084488,0.06685149673546613,-0.680483975399511,-0.10587184101613888,0.5066356801619192,0.01758226410966489,-0.9611181886996255,0.40255101605861854,-0.7588797500204605,-0.5525116480315188,1.1231935917271427
Hastings_Reef,2016,Heatwave_Only,5.29,0.0,26.97630886397926,9.773092201931195,17.203216662048064,17.203216662048064,0.637715736010832,0.637715736010832,6,3.29,0.0,0,0,0,0,0,4.99,0.0,0,0,0,0,0,9.34,18.51984,0,1,0,0,1,9.79,18.51984,0,1,0,0,1,62.60621451459119,2.1708999877408823,19.645156166498253,50.38813508633429,3.8388893429302,11.453741852380801,64.68089183936938,0.10786816088924885,0.2636704648517386,-0.23733947041517459,0.22126278745217098,0.1350529598042854,0.1694629277903685,-0.8051028961830892,-0.6589780636430479,-0.5525116480315188,0.10965520111739717
Hastings_Reef,2017,Heatwave_Only,10.25,0.0,33.58429811537357,9.773092201931195,23.81120591344237,23.81120591344237,0.7089981702652449,0.7089981702652449,1,6.92,0.0,1,0,0,1,0,8.870000000000001,0.0,1,0,0,1,0,11.8,18.51984,1,1,0,1,1,14.63,18.51984,1,1,0,1,1,56.59761691806289,3.5193667229940417,17.00653328581727,57.42899459362028,3.8388893429302,8.069121855642882,82.30395908983911,-0.2619376404994793,-0.038052128681926554,0.18392462860109537,0.5760642858758083,0.6296322395371269,1.6569118237559841,-0.8051028961830892,-0.1489536647688885,-0.5525116480315188,-0.9038831894923484
Hastings_Reef,2020,Heatwave_Only,7.59,0.0,10.476015195658842,12.74133374805204,-2.2653185523931985,0.0,-0.2162385706859154,-0.2162385706859154,3,10.84,0.0,1,0,0,1,0,17.76,0.0,2,0,0,2,0,19.42,0.0,2,0,0,2,0,19.71,0.0,2,0,0,2,0,80.84628520105804,3.5884379033138925,10.517726495620837,69.115774445389,5.798635328317846,9.125125785807176,76.78797667796707,1.2304735358095589,-0.7800375135625598,0.20550262365632346,1.164982016568185,-1.0999223174536696,0.8592073755163595,-0.8051028961830892,1.019633166672162,-0.5525116480315188,-0.4984678332484502
Hastings_Reef,2022,Heatwave_Only,4.74,0.0,13.65697275712128,13.942439935823108,-0.285467178701829,0.0,-0.020902668825562,-0.020902668825562,2,8.969999999999999,0.0,1,0,0,1,0,19.36,0.0,2,0,0,1,0,26.28,0.0,3,0,0,2,0,26.28,0.0,3,0,0,2,0,76.78797667796707,3.449007426985263,6.326300939129411,54.44419249031656,6.0293932106979415,11.30739070353394,70.98744065283311,0.9807004379187132,-1.259320778619935,0.16194422325205826,0.4256547715751321,-0.86184146717431,0.004524038116762005,-0.8051028961830892,1.2299525064140833,-0.5525116480315188,-0.7011755113703992
Hastings_Reef,2024,Heatwave_Only,7.62,0.0,18.97647266268013,15.379763518519656,3.5967091441604744,3.5967091441604744,0.1895351790659126,0.1895351790659126,2,6.47,0.0,1,0,0,1,0,14.51,0.0,2,0,0,1,0,24.9,0.0,3,0,0,1,0,30.19,0.0,4,0,0,2,0,70.98744065283311,5.798635328317846,7.173892500554623,61.916805536341,3.692968380057173,14.751792896334718,76.1366408349692,0.6237000166393372,-1.1623999469077266,0.895973365389208,0.8022131027172165,-0.4637000157070452,0.868204042225829,-0.8051028961830892,0.5924220078213841,-0.5525116480315188,-0.7011755113703992
Hastings_Reef,2025,Heatwave_Only,6.03,0.0,17.748490360107017,15.379763518519656,2.3687268415873604,2.3687268415873604,0.133460750380861,0.133460750380861,1,13.16,0.0,2,0,0,1,0,21.68,0.0,3,0,0,1,0,22.27,0.0,3,0,0,1,0,32.52,0.0,4,0,0,1,0,70.75494134064459,6.0293932106979415,11.996486713712477,85.16265993627614,,,,0.6093905886763324,-0.6109434867185768,0.9680626567824461,1.9736132655382295,-0.5556091547243548,0.3913807066239483,-0.8051028961830892,1.5349155490398692,-0.5525116480315188,-0.9038831894923484
Havannah_Island,1998,Heatwave_Only,5.4,0.0,42.32133932133041,7.220983267184383,35.10035605414603,35.10035605414603,0.8293772507444034,0.8293772507444034,3,4.6,0.0,1,0,0,1,0,8.83,0.0,2,0,0,2,0,8.83,0.0,2,0,0,2,0,8.83,0.0,2,0,0,2,0,,,,20.045596626780192,,,,,,,-1.3077519727892801,1.2835618060427791,0.2024507057250899,-0.8051028961830892,-0.15421164826243666,-0.5525116480315188,-0.4984678332484502
Havannah_Island,2000,Storm_Only,0.0,26.442216,21.57583073202026,5.839616539882448,15.736214192137812,15.736214192137812,0.7293445331300272,0.7293445331300272,2,5.890000000000001,0.0,1,0,0,1,0,10.49,0.0,2,0,0,1,0,14.72,0.0,3,0,0,2,0,14.72,0.0,3,0,0,2,0,,,,23.4056655777558,,,,,,,-1.1384320911215347,-0.26914936000936424,-1.416949301979411,0.9191585229620157,0.06399466671980678,-0.5525116480315188,-0.7011755113703992
Havannah_Island,2017,Heatwave_Only,8.71,0.0,3.268797560277528,5.9477689859175324,-2.6789714256400043,0.0,-0.8195586836563087,-0.8195586836563087,17,5.75,0.0,0,0,0,0,0,9.53,0.0,0,0,0,0,0,11.27,0.0,0,0,0,0,0,11.27,0.0,0,0,0,0,0,,,12.855112446285936,17.41581134264752,,6.389572459857488,,,-0.5127609139820186,,-1.4402715548626288,-1.639351237716001,1.195082932669886,-0.8051028961830892,-0.06219693712534616,-0.5525116480315188,2.339439660458837
Havannah_Island,2020,Concurrent,8.18,38.377224,18.23161304343047,10.69991748094547,7.531695562485002,7.531695562485002,0.4131118593041306,0.4131118593041306,3,8.860000000000001,0.0,1,0,0,1,0,14.61,0.0,1,0,0,1,0,16.59,0.0,1,0,0,1,0,18.39,0.0,1,0,0,1,0,,,6.389572459857488,20.664190281752592,,10.524794985634127,,,-1.2520857745309961,,-1.276579932575661,-0.5194495213396161,1.0361418208025919,1.6974243775177829,0.6055669665552542,-0.5525116480315188,-0.4984678332484502
Havannah_Island,2022,Heatwave_Only,7.62,0.0,11.03729074068244,10.69991748094547,0.3373732597369709,0.3373732597369709,0.0305666732591761,0.0305666732591761,2,8.47,38.377224,1,1,1,1,1,17.18,38.377224,2,1,1,1,1,22.93,38.377224,2,1,1,1,1,22.93,38.377224,2,1,1,1,1,,,11.871443667031162,23.11764451012928,,9.231791002168725,,,-0.6252419727296965,,-1.1529459876515986,-1.0579132819924126,0.868204042225829,-0.8051028961830892,0.9433924060157154,1.948002709174625,-0.7011755113703992
Havannah_Island,2024,Concurrent,6.92,23.818572,18.37176163590605,16.814527525738136,1.557234110167915,1.557234110167915,0.0847623728757961,0.0847623728757961,2,8.62,0.0,1,0,0,1,0,16.95,38.377224,2,1,1,1,1,25.66,38.377224,3,1,1,1,1,28.99,38.377224,3,1,1,1,1,,,7.439581113272788,36.35886488862407,,9.758719549007656,,,-1.1320188500527653,,-0.48569721974393304,-0.5089600082237287,0.6582818190048751,0.7480742187277739,0.9131590009278141,1.948002709174625,-0.7011755113703992
Havannah_Island,2025,Heatwave_Only,5.3500000000000005,0.0,18.40777023863809,16.814527525738136,1.5932427128999542,1.5932427128999542,0.0865527270410906,0.0865527270410906,1,15.4,18.51984,2,1,1,1,1,23.72,56.897064,3,2,2,1,1,23.87,56.897064,3,2,2,1,1,32.58,56.897064,4,2,2,1,1,,,10.49707234422573,37.092348596009984,,,,,-0.7823992849895399,,-0.4487356643854508,-0.5062649207885244,0.18745626120930756,-0.8051028961830892,1.8030727072108188,3.154685240802255,-0.9038831894923484
Hayman_Island,1996,Storm_Only,1.11,18.51984,43.53755555990993,37.05348087430256,6.484074685607375,6.484074685607375,0.1489306094983893,0.1489306094983893,10,2.05,0.0,0,0,0,0,0,2.05,0.0,0,0,0,0,0,2.76,0.0,0,0,0,0,0,2.76,0.0,0,0,0,0,0,31.828185257187265,0.2625547326074842,,15.100713248191584,5.0315944414302285,,34.13023798339167,-1.7863997763206443,,-0.833510902382177,-1.5569334868413418,1.3745903063008755,-1.0840726337290412,0.40255101605861854,-1.0454398504188285,-0.5525116480315188,0.9204859136051936
Hayman_Island,2003,Storm_Only,0.0,23.552195111123133,45.539734286391045,43.08989201481783,2.449842271573217,2.449842271573217,0.0537957085161412,0.0537957085161412,10,2.25,0.0,0,0,0,0,0,3.01,0.0,0,0,0,0,0,4.12,0.0,0,0,0,0,0,4.62,0.0,0,0,0,0,0,35.04352170979557,0.3016499166619651,,16.507373070263462,0.0527108063018778,,35.81380228620017,-1.5885083291919124,,-0.8212974772705117,-1.4860493835401798,1.524444683293166,-1.416949301979411,0.7307041392895648,-0.9192482465736757,-0.5525116480315188,0.9204859136051936
Hayman_Island,2010,Storm_Only,1.17,29.117304,45.70132324572929,30.870980076655165,14.830343169074126,14.830343169074126,0.3245057717329879,0.3245057717329879,10,0.31,0.0,0,0,0,0,0,1.16,0.0,0,0,0,0,0,4.47,0.0,0,0,0,0,0,6.72,0.0,0,0,0,0,0,30.8395398717462,0.3464400676864372,6.358893022514487,14.640484918297473,0.3946250478958711,7.431930118055108,42.76191964564671,-1.847247052773896,-1.2555939224634112,-0.8073049314235543,-1.5801252151941747,1.5365389146972843,-1.0660793003101026,1.0935974213969293,-1.1624299831502722,-0.5525116480315188,0.9204859136051936
Hayman_Island,2011,Storm_Only,0.0,18.51984,45.70132324572929,30.870980076655165,14.830343169074126,14.830343169074126,0.3245057717329879,0.3245057717329879,1,1.48,29.117304,0,1,0,0,1,1.48,29.117304,0,1,0,0,1,5.64,29.117304,0,1,0,0,1,5.640000000000001,29.117304,0,1,0,0,1,30.8395398717462,0.3464400676864372,6.358893022514487,14.640484918297473,0.3946250478958711,10.778853940457386,49.32390964416263,-1.847247052773896,-1.2555939224634112,-0.8073049314235543,-1.5801252151941747,1.5365389146972843,-1.416949301979411,0.40255101605861854,-1.1203661152018878,1.3446614433608104,-0.9038831894923484
Hayman_Island,2014,Storm_Only,0.0,19.857384,33.03223595089532,34.97428250932376,-1.9420465584284368,0.0,-0.0587924644676013,-0.0587924644676013,3,2.9000000000000004,18.51984,0,1,0,0,1,4.38,47.637144,0,2,0,0,2,4.38,47.637144,0,2,0,0,2,4.38,47.637144,0,2,0,0,2,49.32390964416263,0.3946250478958711,10.778853940457386,21.343248941551163,0.6320694692360005,13.153788830261757,47.000397045327816,-0.7096060197309122,-0.750177979456432,-0.7922518331576685,-1.2423609526677732,0.5883127855719446,-1.416949301979411,0.48977046527607526,-0.7391623119196554,2.55134397498844,-0.4984678332484502
Hayman_Island,2017,Concurrent,6.3100000000000005,33.078492,34.97428250932376,5.458382900174894,29.515899609148864,29.515899609148864,0.8439315260085822,0.8439315260085822,3,5.19,19.857384,0,1,0,0,1,8.09,19.857384,0,1,0,0,1,9.26,67.494528,0,3,0,0,2,9.57,67.494528,0,3,0,0,2,47.000397045327816,0.6320694692360005,11.544564232487556,27.6031772009715,1.12831923398469,2.4530407565203785,82.46893897693275,-0.8526091789282232,-0.6626201488553658,-0.7180736516665913,-0.9269119759954724,0.7336665310963508,0.4753495959123299,1.3519011748486274,-0.2514843428930753,0.7413201775469954,-0.4984678332484502
Hayman_Island,2020,Concurrent,7.66,38.377224,5.458382900174894,7.437104539061175,-1.978721638886281,0.0,-0.3625105961003358,-0.3625105961003358,3,6.3100000000000005,29.117304,1,1,1,1,1,11.5,29.117304,1,1,1,1,1,12.61,48.974688,1,2,1,1,1,14.400000000000002,48.974688,1,2,1,1,1,82.46893897693275,1.12831923398469,2.4530407565203785,23.90267676756344,2.162797695849757,14.975031197306421,81.30496141704093,1.3303415616381657,-1.7022223073999272,-0.5630440876672649,-1.1133868086962022,-1.4754702901052694,0.880199597838455,1.6974243775177829,0.1967587499318946,1.3446614433608104,-0.4984678332484502
Hayman_Island,2022,Heatwave_Only,4.7700000000000005,0.0,7.437104539061175,9.53097537684317,-2.093870837781995,0.0,-0.2815438221668879,-0.2815438221668879,2,7.66,38.377224,1,1,1,1,1,13.97,67.494528,2,2,2,1,1,19.16,67.494528,2,2,2,1,1,19.160000000000004,87.351912,2,3,2,1,1,81.30496141704093,2.162797695849757,11.251894376145891,36.65460331769084,1.854868707346188,17.42484932605554,74.86086100860427,1.2587032721006874,-0.6960865107030817,-0.23987064497384178,-0.4707944315735737,-1.3273715741841337,0.013520704826231527,-0.8051028961830892,0.5214392306584857,3.8451758005669543,-0.7011755113703992
Hayman_Island,2024,Heatwave_Only,5.8500000000000005,0.0,13.769057790467937,16.557166603156766,-2.7881088126888294,0.0,-0.2024908933579308,-0.2024908933579308,2,5.36,0.0,1,0,0,1,0,13.02,38.377224,2,1,1,1,1,19.33,67.494528,3,2,2,1,1,22.630000000000003,67.494528,3,2,2,1,1,74.86086100860427,1.854868707346188,17.2337127888647,34.628457059171,0.5304664057466991,14.345586939574115,68.5559629602675,0.8620939672691811,-0.012074491119915546,-0.33606836680981567,-0.5728955639430492,-0.8534523895059822,0.3374007063671317,-0.8051028961830892,0.3965621226867198,1.948002709174625,-0.7011755113703992
Hayman_Island,2025,Heatwave_Only,4.2,0.0,16.681749158731787,16.557166603156766,0.1245825555750208,0.1245825555750208,0.007468194994996,0.007468194994996,1,11.21,0.0,2,0,0,1,0,18.87,38.377224,3,1,1,1,1,18.87,38.377224,3,1,1,1,1,25.18,67.494528,4,2,2,1,1,67.54892183286519,0.2830922937809875,20.69524824972781,74.86342171242919,,,,0.41207256324768876,0.3837469294048776,-0.8270949211958682,1.4546162381637318,-0.6354500980076968,-0.1574159626536881,-0.8051028961830892,1.16554220861812,1.948002709174625,-0.9038831894923484
Helix_Reef,1988,Storm_Only,0.0,21.03010921597967,3.693831137543219,5.75423060382448,-2.060399466281261,0.0,-0.5577947094927681,-0.5577947094927681,10,0.0,0.0,0,0,0,0,0,0.0,0.0,0,0,0,0,0,0.0,0.0,0,0,0,0,0,0.0,0.0,0,0,0,0,0,,,,,,,,,,,,-1.6075393214871752,-1.416949301979411,0.566242302779118,-1.3149115044631652,-0.5525116480315188,0.9204859136051936
Helix_Reef,1989,Storm_Only,0.52,25.275819623241777,5.75423060382448,5.825057914015069,-0.0708273101905891,0.0,-0.0123087368350365,-0.0123087368350365,1,0.0,22.353065166911385,0,1,0,0,1,0.0,22.353065166911385,0,1,0,0,1,0.0,22.353065166911385,0,1,0,0,1,0.0,22.353065166911385,0,1,0,0,1,,,,,,,,,,,,-1.4533273751253832,-1.2610070790152736,0.8430993805711193,-1.3149115044631652,0.9039292966659526,-0.9038831894923484
Helix_Reef,2000,Storm_Only,0.0,22.481028,28.523775729475,32.00437932590721,-3.48060359643221,0.0,-0.1220246446137751,-0.1220246446137751,11,3.4,0.0,0,0,0,0,0,6.4,0.0,0,0,0,0,0,7.64,0.0,0,0,0,0,0,7.640000000000001,0.0,0,0,0,0,0,,,,,,,,,,,,0.2508741300015326,-1.416949301979411,0.6608547695103172,-0.47363414549547966,-0.5525116480315188,1.1231935917271427
Helix_Reef,2017,Heatwave_Only,5.41,0.0,27.464202364706875,31.067842203335672,-3.6036398386287978,0.0,-0.1312122518897431,-0.1312122518897431,17,4.84,0.0,0,0,0,0,0,6.33,0.0,0,0,0,0,0,8.52,0.0,0,0,0,0,0,9.13,0.0,0,0,0,0,0,69.43931447794512,1.0309491418792265,24.33027445413164,47.857334302422245,1.161889936101657,21.44063034897995,59.8504568680814,0.5284188746493809,0.7994067578652828,-0.5934627276304068,0.0937312113122815,0.171569668139621,0.20544959462824633,-0.8051028961830892,-0.4828356166091888,-0.5525116480315188,2.339439660458837
Helix_Reef,2020,Concurrent,5.4,37.07313360443265,37.4045259675135,31.067842203335672,6.336683764177828,6.336683764177828,0.1694095460448115,0.1694095460448115,3,5.41,0.0,1,0,0,1,0,10.25,0.0,1,0,0,1,0,11.28,0.0,1,0,0,1,0,11.74,0.0,1,0,0,1,0,59.8504568680814,1.161889936101657,24.87106887468624,38.56327320867472,1.9191893977632053,13.568195323097877,64.17100942444817,-0.06173799903889957,0.8612457938006335,-0.5525565233759643,-0.3746131433918702,0.9155596930553109,0.2024507057250899,1.6123863929496793,0.032446765758518535,-0.5525116480315188,-0.4984678332484502
Helix_Reef,2022,Heatwave_Only,4.87,0.0,31.067842203335672,24.692744557885817,6.375097645449856,6.375097645449856,0.2051992411872549,0.2051992411872549,2,5.4,37.31422880098229,1,1,1,1,1,10.81,37.31422880098229,2,1,1,1,1,15.65,37.31422880098229,2,1,1,1,1,15.65,37.31422880098229,2,1,1,1,1,63.11520090605973,0.6077199837253923,18.01019182327366,64.85066943331701,1.9191893977632053,15.499211889402966,64.17100942444817,0.13919429271437478,0.07671472912133537,-0.7256804867534135,0.9500557497322462,0.44128645005320155,0.04350959385779625,-0.8051028961830892,0.10605853466819108,1.8787419737763331,-0.7011755113703992
Helix_Reef,2024,Concurrent,6.11,23.818572,32.0710105286844,24.692744557885817,7.37826597079858,7.37826597079858,0.2300602896250942,0.2300602896250942,2,6.15,0.0,1,0,0,1,0,11.55,37.31422880098229,2,1,1,1,1,16.96,37.31422880098229,3,1,1,1,1,19.520000000000003,37.31422880098229,3,1,1,1,1,64.17100942444817,1.9191893977632053,13.568195323097877,64.45375707494046,1.1559869554506128,20.454779532518064,71.53262192544454,0.204175198655102,-0.43122094986989873,-0.31597443568919203,0.9300546263823011,0.5163692398287879,0.4153718178492002,0.7480742187277739,0.20333122929882974,1.8787419737763331,-0.7011755113703992
Helix_Reef,2025,Heatwave_Only,4.92,0.0,28.593109897310093,24.692744557885817,3.900365339424276,3.900365339424276,0.1364092731931619,0.1364092731931619,1,12.260000000000002,18.51984,2,1,1,1,1,17.66,55.83406880098229,3,2,2,1,1,17.66,55.83406880098229,3,2,2,1,1,23.07,55.83406880098229,4,2,2,1,1,67.76893869001064,0.8574705909310042,12.47466081259296,86.65171741246417,,,,0.42561374467456853,-0.5562649912309581,-0.6476578245900146,2.048649533943204,0.25606349116484284,0.058504038373578614,-0.8051028961830892,1.0064882079382917,3.0854245054039624,-0.9038831894923484
Horseshoe_Reef,1992,Storm_Only,1.23,22.481028,26.103336175580004,36.80273783314341,-10.699401657563406,0.0,-0.4098863679950928,-0.4098863679950928,10,1.23,0.0,0,0,0,0,0,1.23,0.0,0,0,0,0,0,1.23,0.0,0,0,0,0,0,1.23,0.0,0,0,0,0,0,,,,,0.3810786112602181,,50.16043746264744,,,,,0.06971474767510495,-1.0480859668911635,0.6608547695103172,-1.153228512036563,-0.5525116480315188,0.9204859136051936
Horseshoe_Reef,1994,Storm_Only,0.32,29.117304,36.80273783314341,43.47760484208444,-6.674867008941028,0.0,-0.181368762269905,-0.181368762269905,2,1.62,22.481028,0,1,0,0,1,2.46,22.481028,0,1,0,0,1,2.46,22.481028,0,1,0,0,1,2.46,22.481028,0,1,0,0,1,50.16043746264744,0.3810786112602181,,,0.6568656128988134,,43.34198868774888,-0.6581209876033691,,-0.7964837710134645,,0.8705184663333202,-1.3209848570784035,1.0935974213969293,-0.9915455196099611,0.9122668695275762,-0.7011755113703992
Horseshoe_Reef,2002,Heatwave_Only,4.54,0.0,23.147648240010177,10.712877207731909,12.434771032278269,12.434771032278269,0.5371937098467331,0.5371937098467331,8,0.3,0.0,0,0,0,0,0,3.29,0.0,0,0,0,0,0,3.63,0.0,0,0,0,0,0,3.95,29.117304,0,1,0,0,1,69.59616140804745,1.6028926880760457,,41.62089540632623,1.218010699996877,,81.65765708647015,0.5380721928738146,,-0.4147862528032099,-0.22053409434714638,-0.15150565003978603,-0.05545373994636771,-0.8051028961830892,-0.8824423621188394,-0.5525116480315188,0.5150705573612954
Horseshoe_Reef,2004,Heatwave_Only,4.05,0.0,10.712877207731909,9.294694509177994,1.418182698553915,1.418182698553915,0.1323811214348985,0.1323811214348985,2,4.54,0.0,1,0,0,1,0,4.84,0.0,1,0,0,1,0,7.83,0.0,1,0,0,1,0,8.17,0.0,1,0,0,1,0,81.65765708647015,0.4459087380761641,,47.62372667739911,1.0740597857431342,26.614395938429027,79.2266533696008,1.2804103181433395,,-0.7762306907940976,0.08195930543692287,-1.0821942251595653,-0.20239929620103544,-0.8051028961830892,-0.6786955017438531,-0.5525116480315188,-0.7011755113703992
Horseshoe_Reef,2009,Storm_Only,0.6,42.338412,23.335274119617274,38.09504932130007,-14.759775201682793,0.0,-0.6325091844228513,-0.6325091844228513,5,2.12,0.0,0,0,0,0,0,6.169999999999999,0.0,1,0,0,1,0,10.71,0.0,2,0,0,1,0,10.71,0.0,2,0,0,1,0,71.26722686680465,0.964862323726794,26.614395938429027,56.42749153743479,1.049406592180756,22.29282043573038,45.1088283080913,0.6409197694041159,1.06059264510746,-0.6141084011038499,0.5255967563586011,-0.13746266829980536,-1.237015967790022,1.9557281309694814,-0.5038675505833811,-0.5525116480315188,-0.09305247700455194
Horseshoe_Reef,2020,Heatwave_Only,6.5200000000000005,0.0,5.853870173943207,5.613189157899254,0.2406810160439532,0.2406810160439532,0.0411148537450103,0.0411148537450103,11,1.08,0.0,0,0,0,0,0,2.19,0.0,0,0,0,0,0,2.19,0.0,0,0,0,0,0,2.19,0.0,0,0,0,0,0,90.47898172047964,0.8835878434602292,13.753820476474578,49.67352542817596,3.064630611599028,21.511127557626505,90.96392507411036,1.8233285237949972,-0.4099949902559018,-0.6394987350345436,0.1852523291778357,-1.4458697862965555,0.5383262628786161,-0.8051028961830892,-1.0270369081914104,-0.5525116480315188,1.1231935917271427
Horseshoe_Reef,2024,Heatwave_Only,9.19,0.0,14.298156399795618,16.542599788068422,-2.2444433882728045,0.0,-0.1569743207106678,-0.1569743207106678,4,0.36,0.0,0,0,0,0,0,6.880000000000001,0.0,1,0,0,1,0,7.960000000000001,0.0,1,0,0,1,0,8.49,0.0,1,0,0,1,0,80.6752174049744,3.064630611599028,33.649573032725954,56.73369287382861,1.830372513075745,21.846875454717097,73.31561790551929,1.2199449786202634,1.8650546598960522,0.04186402506605999,0.5410267891350574,-0.8138516578532005,1.3390296000213966,-0.8051028961830892,-0.4105383435729032,-0.5525116480315188,-0.29576015512650106
Hoskyn_Island,2009,Heatwave_Only,6.17,0.0,71.20142237005047,13.616385294964836,57.58503707508563,57.58503707508563,0.8087624538706925,0.8087624538706925,5,4.43,0.0,0,0,0,0,0,17.66,0.0,1,0,0,1,0,17.66,0.0,1,0,0,1,0,17.66,0.0,1,0,0,1,0,31.072647479117183,0.4996906203998333,9.471100859468276,31.07976735966996,1.1935243451688045,6.76430606191599,85.1389826605882,-1.8329001866094115,-0.8997175950591898,-0.7594291074786396,-0.7517203823505999,3.4451105207061294,0.43336515126813896,-0.8051028961830892,1.0064882079382917,-0.5525116480315188,-0.09305247700455194
Hyde_Reef,2003,Storm_Only,0.0,29.117304,18.003569862806184,14.515498103489394,3.4880717593167905,3.4880717593167905,0.1937433401207193,0.1937433401207193,10,3.02,0.0,0,0,0,0,0,4.11,0.0,0,0,0,0,0,4.27,0.0,0,0,0,0,0,4.41,0.0,0,0,0,0,0,22.943183246033406,1.3748953895980331,,36.86994009482512,0.3488072945575917,,20.88251427975156,-2.3332370767538886,,-0.48601313145769287,-0.4599432263884829,-0.536517562422968,-1.416949301979411,1.0935974213969293,-0.7746537005011046,-0.5525116480315188,0.9204859136051936
Hyde_Reef,2009,Storm_Only,2.95,42.338412,16.60753488598341,5.633150756086711,10.974384129896698,10.974384129896698,0.6608075313548772,0.6608075313548772,10,1.32,0.0,0,0,0,0,0,4.5600000000000005,0.0,0,0,0,0,0,6.430000000000001,0.0,0,0,0,0,0,7.579999999999999,0.0,0,0,0,0,0,31.164566771609326,1.815554585225285,16.2932880498386,43.63556236987535,17.513344062678573,4.090429750951893,83.102189741124,-1.827242911833217,-0.11961065832276511,-0.34835018867527573,-0.11901142417425976,-0.6410047138167411,-0.5322770755482484,1.9557281309694814,-0.7155013861986892,-0.5525116480315188,0.9204859136051936
Hyde_Reef,2010,Storm_Only,0.62,29.117304,9.638452085950869,3.5968414344920743,6.041610651458795,6.041610651458795,0.6268237469650468,0.6268237469650468,10,3.27,0.0,0,0,0,0,0,4.42,0.0,0,0,0,0,0,7.510000000000001,0.0,0,0,0,0,0,9.38,0.0,0,0,0,0,0,66.04161708428963,5.954315867019725,5.826562753522787,57.56662490816949,17.513344062678573,10.314900487088565,83.102189741124,0.3193038212027751,-1.3164650952833774,0.9446083225268805,0.5829997234853846,-1.1626102764939727,-1.231018189983709,1.0935974213969293,-0.7339043284261074,-0.5525116480315188,0.9204859136051936
Hyde_Reef,2017,Storm_Only,2.61,35.75358,6.83272281432588,13.900461086581048,-7.067738272255168,0.0,-1.0343955790854769,-1.0,10,2.78,0.0,0,0,0,0,0,2.78,0.0,0,0,0,0,0,3.69,0.0,0,0,0,0,0,6.640000000000001,0.0,0,0,0,0,0,84.39179417984774,0.8835446989003723,31.426395666799884,66.07475163072215,0.672754473793275,23.60748408443833,59.34258098240469,1.4486858171561785,1.6108376417523158,-0.6395122134939377,1.0117394401089133,-1.372606919874232,-0.6342392982555689,1.526340073283541,-0.9494816516615769,-0.5525116480315188,0.9204859136051936
Hyde_Reef,2020,Concurrent,5.84,38.377224,21.496294436330963,35.301662561280864,-13.8053681249499,0.0,-0.6422208332621924,-0.6422208332621924,10,2.61,0.0,0,0,0,0,0,5.39,0.0,0,0,0,0,0,5.39,0.0,0,0,0,0,0,5.39,0.0,0,0,0,0,0,59.34258098240469,0.672754473793275,23.60748408443833,69.93790088919813,0.7777839805053789,33.41240554429256,40.72211293444631,-0.09299578355374276,0.7167567564112142,-0.7053635629857049,1.2064104378930718,-0.27510230610810843,0.334401817463975,1.6974243775177829,-0.6063982287075677,-0.5525116480315188,0.9204859136051936
Hyde_Reef,2022,Heatwave_Only,5.25,0.0,35.301662561280864,29.39764183332194,5.9040207279589225,5.9040207279589225,0.1672448349340492,0.1672448349340492,2,5.84,0.0,1,0,0,1,0,8.45,0.0,1,0,0,1,0,11.23,0.0,1,0,0,1,0,11.23,0.0,1,0,0,1,0,40.72211293444631,0.7590399004450515,35.25531028725904,46.01342336771283,1.124825351203542,20.730688852421583,37.12174839698421,-1.2390131358702114,2.048668321597611,-0.6784077979182997,0.0008132427151763281,0.7581695053198154,0.15746737217774257,-0.8051028961830892,-0.2041624914511431,-0.5525116480315188,-0.7011755113703992
Hyde_Reef,2024,Heatwave_Only,9.25,0.0,40.16599117409249,29.39764183332194,10.768349340770548,10.768349340770548,0.2680961934711636,0.2680961934711636,2,6.03,0.0,1,0,0,1,0,11.87,0.0,2,0,0,1,0,14.48,0.0,2,0,0,1,0,16.630000000000003,0.0,2,0,0,1,0,37.12174839698421,0.7777839805053789,23.64762315990224,55.02560043550695,0.9640795129549798,19.71448498809521,49.86691748078898,-1.460601563398961,0.7213465998631471,-0.6725521043427216,0.45495295739115255,1.1222433635211728,1.3570229334403356,-0.8051028961830892,0.2453950972472138,-0.5525116480315188,-0.7011755113703992
Jenkins_Reef,2009,Storm_Only,0.6,42.338412,21.81748016533304,17.947807077982432,3.869673087350609,3.869673087350609,0.1773657204235409,0.1773657204235409,5,2.67,0.0,0,0,0,0,0,17.56,0.0,1,0,0,1,0,17.56,0.0,1,0,0,1,0,17.560000000000002,0.0,1,0,0,1,0,69.82652970750915,1.0495237345313455,17.476993625767037,57.27947715772005,1.0762946784042802,24.07892553186456,62.334700881834806,0.5522504652956882,0.015744309969336488,-0.587659982309648,0.5685298349692157,-0.25106295003972545,-1.237015967790022,1.9557281309694814,0.9933432492044216,-0.5525116480315188,-0.09305247700455194
Jenkins_Reef,2012,Heatwave_Only,4.48,0.0,28.75005314350552,17.947807077982432,10.80224606552309,10.80224606552309,0.3757296034064291,0.3757296034064291,2,2.93,21.9496391480945,0,1,0,0,1,3.96,21.9496391480945,0,1,0,0,1,6.919999999999999,21.9496391480945,0,1,0,0,1,20.49,21.9496391480945,1,1,0,1,1,62.334700881834806,1.0762946784042802,24.07892553186456,56.61320912061658,1.0766950064991154,34.78811284911643,32.973679198856075,0.09115755330796356,0.7706653832400682,-0.5792966780800263,0.5349553974063779,0.26781001112867153,-0.07344707336530648,-0.8051028961830892,-0.7943711386019098,0.8776435874098028,-0.7011755113703992
Jenkins_Reef,2020,Heatwave_Only,6.41,0.0,2.5652794565274464,2.435292710138349,0.1299867463890973,0.1299867463890973,0.0506715734452795,0.0506715734452795,8,2.5700000000000003,0.0,0,0,0,0,0,3.23,0.0,0,0,0,0,0,3.75,0.0,0,0,0,0,0,8.23,0.0,1,0,0,1,0,94.60743186835684,0.4889975016211454,7.893150021674079,61.48155811663352,,,,2.077418565756081,-1.080153921422361,-0.7627696622956127,0.7802802070902788,-1.6920065105674682,0.5053384849438947,-0.8051028961830892,-0.8903293373591614,-0.5525116480315188,0.5150705573612954
Jenkins_Reef,2024,Heatwave_Only,9.33,0.0,9.516700018015184,29.51679798201327,-20.000097963998087,0.0,-2.1015791110508637,-1.0,4,0.35,0.0,0,0,0,0,0,6.76,38.377224,1,1,1,1,1,9.33,38.377224,1,1,1,1,1,9.7,38.377224,1,1,1,1,1,,,,,,,,,,,,-1.1717228896921417,1.3810140446655876,-0.8051028961830892,-0.4263122940535475,1.948002709174625,-0.29576015512650106
John_Brewer_Reef,1988,Storm_Only,0.0,18.779630938754828,5.650646745670086,6.712980643161737,-1.0623338974916514,0.0,-0.1880021783888162,-0.1880021783888162,10,0.0,0.0,0,0,0,0,0,0.0,0.0,0,0,0,0,0,0.0,0.0,0,0,0,0,0,0.0,0.0,0,0,0,0,0,,,,,,,,,,,,-1.4610801767733488,-1.416949301979411,0.41949163452790417,-1.3149115044631652,-0.5525116480315188,0.9204859136051936
John_Brewer_Reef,2000,Storm_Only,0.0,26.442216,28.33420095434713,1.716715506013504,26.617485448333625,26.617485448333625,0.939411896288181,0.939411896288181,10,3.47,0.0,0,0,0,0,0,6.59,0.0,0,0,0,0,0,7.680000000000001,0.0,0,0,0,0,0,7.68,0.0,0,0,0,0,0,57.157733794889,5.866210684673883,,32.93703790359144,12.915712872583685,,70.90442270239137,-0.22746462625973218,,0.9170840616094488,-0.6581291991606045,0.23668528190095894,-1.416949301979411,0.9191585229620157,-0.4486587239011266,-0.5525116480315188,0.9204859136051936
John_Brewer_Reef,2017,Heatwave_Only,5.7,0.0,42.46505071665256,9.109232100777296,33.355818615875265,33.355818615875265,0.7854887266811826,0.7854887266811826,10,4.09,0.0,0,0,0,0,0,6.3,0.0,0,0,0,0,0,8.719999999999999,0.0,0,0,0,0,0,9.2,0.0,0,0,0,0,0,68.30366288650171,1.6005691643051971,20.19475685602922,46.54256080233331,3.14117242809592,7.621292659030319,80.88569912671808,0.45852393824778737,0.32651648451877663,-0.4155121269551486,0.027477424052854037,1.2943179794691861,0.29241737281978436,-0.8051028961830892,-0.48677910422934983,-0.5525116480315188,0.9204859136051936
John_Brewer_Reef,2020,Concurrent,4.21,37.27278029703682,11.091062785755089,9.109232100777296,1.981830684977792,1.981830684977792,0.1786871757252312,0.1786871757252312,3,5.7,0.0,1,0,0,1,0,9.79,0.0,1,0,0,1,0,11.53,0.0,1,0,0,1,0,12.0,0.0,1,0,0,1,0,80.88569912671808,3.14117242809592,5.998375251776402,37.28838984885417,6.186188710654655,9.771879542217642,79.58290054989547,1.2328993095663185,-1.2968185921949178,0.06577586398700927,-0.4388567951664317,-1.053888678090979,-0.15441707375053165,1.6254050858427898,-0.028020044417283965,-0.5525116480315188,-0.4984678332484502
John_Brewer_Reef,2022,Heatwave_Only,5.07,0.0,12.378213419849086,9.487783290287096,2.89043012956199,2.89043012956199,0.2335094760062094,0.2335094760062094,2,4.21,0.0,1,0,0,1,0,9.91,0.0,2,0,0,1,0,14.0,0.0,2,0,0,1,0,14.0,0.0,2,0,0,1,0,79.58290054989547,5.508582188643333,11.287575855609626,34.370181863508975,9.31731225622103,10.51700252177684,83.18885964780193,1.1527171266176137,-0.6920063867097137,0.805360099702024,-0.5859105128042951,-0.9575510465817337,0.10348737192092597,-0.8051028961830892,-0.012246093936639732,-0.5525116480315188,-0.7011755113703992
John_Brewer_Reef,2024,Concurrent,5.79,23.818572,10.476615274087733,12.834414016637997,-2.357798742550264,0.0,-0.2250534815745224,-0.2250534815745224,2,6.5200000000000005,0.0,1,0,0,1,0,10.73,0.0,2,0,0,1,0,16.43,0.0,3,0,0,1,0,18.35,0.0,3,0,0,1,0,83.18885964780193,4.452779667826935,8.288797096767832,86.56452689180668,8.804513051978152,12.909793340611255,78.92773046371155,1.3746498775721394,-1.0349122680980758,0.47552497211370753,2.044255847725548,-1.0998774041909731,0.31940737294819266,0.7480742187277739,0.095542567681095,-0.5525116480315188,-0.7011755113703992
Kelso_Reef,2006,Storm_Only,0.8200000000000001,19.06081035281096,10.29933866900547,5.389843570512482,4.909495098492989,4.909495098492989,0.4766806157435603,0.4766806157435603,10,3.37,0.0,0,0,0,0,0,7.55,0.0,0,0,0,0,0,8.05,0.0,0,0,0,0,0,11.72,0.0,0,0,0,0,0,,,,,5.396716586248592,14.123076542973411,79.03817541776993,,,,,-1.113145787706665,-1.1710404119205793,0.43782696676763844,-0.3224671200559738,-0.5525116480315188,0.9204859136051936
Kelso_Reef,2011,Storm_Only,1.27,24.86900479664721,9.015775871949565,7.088470626386338,1.9273052455632265,1.9273052455632265,0.2137703147168483,0.2137703147168483,10,2.68,0.0,0,0,0,0,0,4.77,0.0,0,0,0,0,0,7.99,0.0,0,0,0,0,0,8.14,0.0,0,0,0,0,0,71.46242096768667,2.600064419207618,16.374662638400387,40.80692629866586,3.33591023028868,15.30280561740465,84.44109219118513,0.652933206773384,-0.11030559540969719,-0.10326751830452603,-0.26155145291957604,-1.2092148852049442,-1.0360904112785376,0.8165715316860933,-0.6878969728575621,-0.5525116480315188,0.9204859136051936
Kelso_Reef,2017,Heatwave_Only,7.640000000000001,0.0,15.715763396486294,13.375795641096666,2.339967755389628,2.339967755389628,0.1488930379234898,0.1488930379234898,10,7.6,0.0,0,0,0,0,0,10.63,0.0,0,0,0,0,0,13.25,0.0,0,0,0,0,0,14.09,0.0,0,0,0,0,0,66.93232557031378,1.1933175174603774,24.29831280758326,36.71447374197382,2.311447867227106,20.827850696798002,71.78103012342251,0.3741234625893476,0.7957519912213681,-0.54273847492195,-0.46777745385588493,-0.7077499345158672,0.8742018200321422,-0.8051028961830892,0.08239760894722496,-0.5525116480315188,0.9204859136051936
Kelso_Reef,2020,Concurrent,5.4,27.573317814333805,13.375795641096666,19.15171396984454,-5.775918328747874,0.0,-0.4318186733506578,-0.4318186733506578,3,7.950000000000001,0.0,1,0,0,1,0,14.53,0.0,1,0,0,1,0,17.639999999999997,0.0,1,0,0,1,0,18.58,0.0,1,0,0,1,0,71.78103012342251,2.053648859766917,25.701698485627567,34.24239017064741,3.555928376272699,25.752074478229577,66.40816008054242,0.6725423605357788,0.9562270517568274,-0.27396899155447113,-0.5923501646772598,-0.8828863524230969,0.2024507057250899,0.9929161543035346,0.5950509995681581,-0.5525116480315188,-0.4984678332484502
Kelso_Reef,2021,Heatwave_Only,5.21,0.0,19.15171396984454,16.968826368802517,2.1828876010420224,2.1828876010420224,0.1139787073093877,0.1139787073093877,1,5.71,0.0,1,0,0,1,0,16.87,0.0,2,0,0,1,0,20.950000000000003,0.0,2,0,0,1,0,23.04,0.0,2,0,0,1,0,64.54492314767815,2.311447867227106,15.954002907968436,39.2047049283431,3.555928376272699,25.942635921261417,66.40816008054242,0.22718813334541946,-0.15840740859049718,-0.19343199070319214,-0.34229025226767074,-0.4505839653958969,0.14547181656511662,-0.8051028961830892,0.9026430339407183,-0.5525116480315188,-0.9038831894923484
Kelso_Reef,2022,Heatwave_Only,5.24,0.0,22.89053264393153,16.968826368802517,5.921706275129012,5.921706275129012,0.258696744511924,0.258696744511924,1,10.77,0.0,2,0,0,2,0,18.56,0.0,3,0,0,2,0,25.14,0.0,3,0,0,2,0,26.16,0.0,3,0,0,2,0,64.54492314767815,2.311447867227106,15.954002907968436,39.2047049283431,3.555928376272699,23.294153918521662,65.94795243636605,0.22718813334541946,-0.15840740859049718,-0.19343199070319214,-0.34229025226767074,-0.17074963508256225,0.15446848327458615,-0.8051028961830892,1.1247928365431223,-0.5525116480315188,-0.9038831894923484
Kelso_Reef,2024,Concurrent,6.72,20.598173142982528,19.679519160974653,16.968826368802517,2.710692792172136,2.710692792172136,0.1377418203157909,0.1377418203157909,2,12.09,0.0,2,0,0,2,0,17.65,0.0,3,0,0,3,0,25.440000000000005,0.0,4,0,0,3,0,28.96,0.0,4,0,0,3,0,65.94795243636605,3.555928376272699,20.545075991438264,54.519484799505314,3.11789350864165,23.013626956801627,64.62430071137332,0.3135391265913097,0.36657495550149205,0.19534657289109467,0.4294488856449132,-0.41108004047451396,0.5983040409417455,0.5380763311296157,1.0051737120649047,-0.5525116480315188,-0.7011755113703992
Kelso_Reef,2025,Heatwave_Only,6.66,0.0,16.968826368802517,18.406850903792133,-1.4380245349896157,0.0,-0.0847450792255997,-0.0847450792255997,1,13.6,0.0,2,0,0,1,0,24.21,0.0,4,0,0,3,0,24.52,0.0,4,0,0,3,0,32.16,0.0,5,0,0,3,0,66.83885953048892,3.300411184001625,26.3237588073251,50.56563684127831,,,,0.3683709915335334,1.0273587223608986,0.11552241633521733,0.23020741822655227,-0.6139636163590566,0.5803107075228067,-0.8051028961830892,1.8674830050067825,-0.5525116480315188,-0.9038831894923484
Knife_Reef,1988,Storm_Only,0.47,22.481028,16.896367728581595,15.922379660932355,0.9739880676492394,0.9739880676492394,0.0576448194839923,0.0576448194839923,10,0.0,0.0,0,0,0,0,0,0.0,0.0,0,0,0,0,0,0.0,0.0,0,0,0,0,0,0.0,0.0,0,0,0,0,0,,,,,,,,,,,,-0.6193868307027124,-1.2760015235310564,0.6608547695103172,-1.3149115044631652,-0.5525116480315188,0.9204859136051936
Knife_Reef,1989,Storm_Only,0.34,32.78825652142947,18.76756175422157,15.922379660932355,2.845182093289216,2.845182093289216,0.151601051353899,0.151601051353899,1,0.47,22.481028,0,1,0,0,1,0.47,22.481028,0,1,0,0,1,0.47,22.481028,0,1,0,0,1,0.47,22.481028,0,1,0,0,1,,,,,,,,,,,,-0.4793360893601563,-1.3149870792720906,1.3329753087954086,-1.2531301984139758,0.9122668695275762,-0.9038831894923484
Knife_Reef,2016,Heatwave_Only,4.94,0.0,13.251938731067517,22.6901496810667,-9.438210949999185,0.0,-0.7122135969337434,-0.7122135969337434,16,3.72,0.0,0,0,0,0,0,7.279999999999999,0.0,0,0,0,0,0,9.66,0.0,0,0,0,0,0,9.66,0.0,0,0,0,0,0,82.48758810962458,2.761748332343936,30.03275548665052,70.48782000593516,1.6333335043722923,24.2623197732044,64.66710344542221,1.3314893431877728,1.4514769643754604,-0.05275709323274364,1.2341218453466924,-0.8921565039051421,0.06450181617989172,-0.8051028961830892,-0.35795850863742307,-0.5525116480315188,2.136731982336888
Knife_Reef,2017,Heatwave_Only,6.15,0.0,22.6901496810667,30.21029731567192,-7.52014763460522,0.0,-0.3314278548316604,-0.3314278548316604,1,7.430000000000001,0.0,1,0,0,1,0,9.96,0.0,1,0,0,1,0,13.170000000000002,0.0,1,0,0,1,0,14.6,0.0,1,0,0,1,0,72.11865184016635,0.9254868161281192,34.178347684230566,63.05929818447651,1.6333335043722923,20.341864375962558,64.66710344542221,0.6933216634464668,1.9255192531560243,-0.6264093999332722,0.8597853498380399,-0.18574742906709518,0.4273673734618261,-0.8051028961830892,-0.005673614569704597,-0.5525116480315188,-0.9038831894923484
Knife_Reef,2020,Concurrent,6.3500000000000005,34.350012976784974,30.21029731567192,38.39037825073012,-8.180080935058204,0.0,-0.2707712820427854,-0.2707712820427854,3,6.3100000000000005,0.0,1,0,0,1,0,13.740000000000002,0.0,2,0,0,2,0,14.97,0.0,2,0,0,2,0,16.27,0.0,2,0,0,2,0,64.66710344542221,1.6333335043722923,24.2623197732044,64.24546044528445,1.9988806308678568,43.82867558980001,47.266193396412575,0.23470785524313215,0.7916362413878285,-0.4052764720165518,0.9195581868152188,0.377102941765892,0.48734515152495583,1.4348153513270299,0.4912058255705848,-0.5525116480315188,-0.4984678332484502
Knife_Reef,2022,Heatwave_Only,5.24,0.0,38.39037825073012,39.013416689578776,-0.6230384388486527,0.0,-0.0162290257933784,-0.0162290257933784,2,6.3500000000000005,35.07150498087003,1,1,1,1,1,12.66,35.07150498087003,2,1,1,1,1,20.090000000000003,35.07150498087003,3,1,1,2,1,20.09,35.07150498087003,3,1,1,2,1,55.364692058640365,1.1776471981645409,16.421408978720716,64.23097812180579,2.014302258195696,29.760499067332727,47.190685158116416,-0.33781936803508106,-0.10496022106957288,-0.5476339185891003,0.9188283966432139,0.9893464523260487,0.15446848327458615,-0.8051028961830892,0.3492402712447876,1.7326145959483037,-0.7011755113703992
Knife_Reef,2024,Concurrent,6.54,23.818572,44.2425731653497,39.013416689578776,5.229156475770921,5.229156475770921,0.118192864963522,0.118192864963522,2,6.050000000000001,0.0,1,0,0,1,0,12.4,35.07150498087003,2,1,1,1,1,18.71,35.07150498087003,3,1,1,1,1,23.65,35.07150498087003,4,1,1,2,1,47.190685158116416,1.9988806308678568,32.37164532103236,71.78686209369062,2.014302258195696,28.62501602649415,54.59506484166097,-0.8408976860359056,1.7189255308174698,-0.2910787118009613,1.2995828986135636,1.4273578103375681,0.5443240406849289,0.7480742187277739,0.3150633785367254,1.7326145959483037,-0.7011755113703992
Knife_Reef,2025,Heatwave_Only,4.75,0.0,39.91017311816793,39.013416689578776,0.8967564285891569,0.8967564285891569,0.0224693695498137,0.0224693695498137,1,12.59,18.51984,2,1,1,1,1,18.94,53.59134498087003,3,2,2,1,1,19.1,53.59134498087003,3,2,2,1,1,25.25,53.59134498087003,4,2,2,1,1,53.86953317780544,1.7291026628901056,28.284835854471662,76.42495130090519,,,,-0.4298405791826049,1.2516049597132008,-0.37535796737581345,1.5333045058746284,1.103096493720329,0.007522927019918423,-0.8051028961830892,1.1747436797318291,2.9392971275759336,-0.9038831894923484
Low_Isles,1999,Storm_Only,0.0,19.857384,29.974164221624267,8.740091408106741,21.23407281351753,21.23407281351753,0.7084125067346707,0.7084125067346707,10,1.79,0.0,0,0,0,0,0,5.13,0.0,0,0,0,0,0,5.77,0.0,0,0,0,0,0,5.77,0.0,0,0,0,0,0,42.59809338142677,6.88050902833397,,26.071951216749383,21.91732535671642,,76.86150671623535,-1.1235538391807418,,1.2339531891192521,-1.0040731909103588,0.3594294058183974,-1.416949301979411,0.48977046527607526,-0.6405751214156298,-0.5525116480315188,0.9204859136051936
Low_Isles,2014,Storm_Only,0.0,22.26294236357387,33.021744935820095,21.46605981216561,11.555685123654484,11.555685123654484,0.349941686791952,0.349941686791952,10,1.62,0.0,0,0,0,0,0,3.75,0.0,0,0,0,0,0,4.5,0.0,0,0,0,0,0,5.1000000000000005,0.0,0,0,0,0,0,42.68994470447572,0.7430564935000755,9.054532826607826,20.49501291957098,0.8023150087861702,18.275599484149456,57.80010561691808,-1.117900747659293,-0.9473515287213712,-0.683401050884693,-1.2851050823161552,0.587527578683408,-1.416949301979411,0.6466336978361701,-0.821975551943037,-0.5525116480315188,0.9204859136051936
Low_Isles,2017,Heatwave_Only,11.54,0.0,21.46605981216561,18.97600826011352,2.4900515520520905,2.4900515520520905,0.1159994695738659,0.1159994695738659,10,4.12,0.0,0,0,0,0,0,5.4,0.0,0,0,0,0,0,6.69,0.0,0,0,0,0,0,7.87,0.0,0,0,0,0,0,57.80010561691808,0.8023150087861702,,32.65488721977492,2.006547709625464,8.8057548753,59.92021258395109,-0.18792914021349436,,-0.6648885548783664,-0.6723472765552411,-0.27736523633904636,2.0437684922631703,-0.8051028961830892,-0.6050837328341805,-0.5525116480315188,0.9204859136051936
Low_Isles,2020,Heatwave_Only,5.54,0.0,23.8397818964681,18.97600826011352,4.86377363635458,4.86377363635458,0.2040192170162074,0.2040192170162074,3,12.01,0.0,1,0,0,1,0,16.13,0.0,1,0,0,1,0,17.409999999999997,0.0,1,0,0,1,0,17.41,0.0,1,0,0,1,0,59.92021258395109,2.006547709625464,8.8057548753,20.44876168337347,0.9299491829718,10.282754900489968,56.3709660484611,-0.05744480616082439,-0.975798916649432,-0.2886834988227904,-1.2874357647974404,-0.09970245359578643,0.2444351503692806,-0.8051028961830892,0.8053703393100794,-0.5525116480315188,-0.4984678332484502
Low_Isles,2022,Heatwave_Only,4.33,0.0,24.5052537111994,30.851879150871547,-6.346625439672145,0.0,-0.258990399139251,-0.258990399139251,2,6.66,0.0,1,0,0,1,0,18.36,0.0,2,0,0,1,0,22.48,0.0,2,0,0,1,0,22.48,0.0,2,0,0,1,0,56.3709660484611,0.8382651953408263,10.358331301190734,36.694578468970114,0.9593398508986158,9.954530147697026,44.51505662567432,-0.27588711957875245,-0.7982641164668146,-0.6536576341945344,-0.4687800122318839,-0.049894780143099365,-0.11843040691265384,-0.8051028961830892,1.0985029190753823,-0.5525116480315188,-0.7011755113703992
Low_Isles,2024,Heatwave_Only,6.42,0.0,34.76479588652773,29.42468727854687,5.340108607980859,5.340108607980859,0.153606787320454,0.153606787320454,2,5.750000000000001,0.0,1,0,0,1,0,11.6,0.0,2,0,0,1,0,23.3,0.0,3,0,0,1,0,25.92,0.0,3,0,0,1,0,44.51505662567432,0.9202165575521908,5.068186694314598,48.777024910312846,0.9305024871247838,14.41682606590524,48.2741254101357,-1.0055722107918983,-1.4031842672929375,-0.6280558407927527,0.1400760652932568,0.7179873677269093,0.508337373847051,-0.8051028961830892,0.20990370866576463,-0.5525116480315188,-0.7011755113703992
Low_Isles,2025,Heatwave_Only,7.11,0.0,37.548853464081546,29.42468727854687,8.124166185534676,8.124166185534676,0.2163625633284937,0.2163625633284937,1,11.36,0.0,2,0,0,1,0,17.71,0.0,3,0,0,1,0,18.18,0.0,3,0,0,1,0,29.72,0.0,4,0,0,1,0,47.2128868609902,0.9593398508986158,10.378577682871237,61.74513517485917,,,,-0.8395312576153738,-0.7959489728989179,-0.6158336342738527,0.7935623262849285,0.9263619789826384,0.7152607081648484,-0.8051028961830892,1.013060687305227,-0.5525116480315188,-0.9038831894923484
Lynchs_Reef,2017,Heatwave_Only,4.41,0.0,11.61473159223634,17.365527945074138,-5.750796352837797,0.0,-0.4951295092072393,-0.4951295092072393,3,5.57,18.12193235791478,0,1,0,0,1,7.87,18.12193235791478,0,1,0,0,1,10.09,18.12193235791478,0,1,0,0,1,10.53,18.12193235791478,0,1,0,0,1,80.6387840645825,2.1089197572120524,13.57376467622046,61.34620316689803,2.3613143369053207,12.094250665847525,72.62903935582459,1.2177026482886928,-0.4305841026414623,-0.2567022365019823,0.7734594291816281,-1.0146943435854554,-0.09443929568740195,-0.8051028961830892,-0.2804032521075895,0.6282447308374817,-0.4984678332484502
Lynchs_Reef,2020,Concurrent,5.62,38.377224,18.78811613740709,17.365527945074138,1.4225881923329524,1.4225881923329524,0.0757174472378623,0.0757174472378623,3,4.41,0.0,1,0,0,1,0,9.98,0.0,1,0,0,1,0,10.85,18.12193235791478,1,1,0,1,1,12.28,18.12193235791478,1,1,0,1,1,72.62903935582459,2.3613143369053207,12.028846947416184,48.69511430337999,,,,0.724734029013409,-0.607243142227545,-0.17785359127298933,0.1359484433677669,-0.47779768310002174,0.2684262615945325,1.6974243775177829,-0.003044622822930636,-0.5525116480315188,-0.4984678332484502
Macgillivray_Reef,1990,Storm_Only,0.54,23.43235980053449,31.26641220066925,22.18540582688125,9.081006373788,9.081006373788,0.2904396678296726,0.2904396678296726,10,1.25,0.0,0,0,0,0,0,1.25,0.0,0,0,0,0,0,1.25,0.0,0,0,0,0,0,1.25,0.0,0,0,0,0,0,,,,,0.7129079886195667,,42.82728298298077,,,,,0.45614855144615873,-1.255009301208961,0.722889839508515,-1.1505995202897892,-0.5525116480315188,0.9204859136051936
Macgillivray_Reef,2014,Storm_Only,0.0,41.000868,27.38507252554137,11.704742324012075,15.680330201529296,15.680330201529296,0.5725867691934956,0.5725867691934956,10,3.21,0.0,0,0,0,0,0,6.89,0.0,0,0,0,0,0,8.85,0.0,0,0,0,0,0,8.85,0.0,0,0,0,0,0,49.094920752020506,1.2197410100077546,17.523693333799468,28.83864042834099,2.938893394653592,7.9625717318471665,68.55161216909104,-0.7236993949998208,0.02108435197684519,-0.5344837152828521,-0.8646547751715683,0.1656471435453819,-1.416949301979411,1.8685086817520247,-0.40922384769951636,-0.5525116480315188,0.9204859136051936
Macgillivray_Reef,2015,Storm_Only,1.69,29.117304,27.38507252554137,11.704742324012075,15.680330201529296,15.680330201529296,0.5725867691934956,0.5725867691934956,10,1.32,0.0,0,0,0,0,0,5.2,0.0,0,0,0,0,0,7.71,0.0,0,0,0,0,0,8.85,0.0,0,0,0,0,0,49.094920752020506,1.2197410100077546,17.523693333799468,28.83864042834099,2.938893394653592,9.955389946663864,72.07243537264468,-0.7236993949998208,0.02108435197684519,-0.5344837152828521,-0.8646547751715683,0.1656471435453819,-0.9101370773459654,1.0935974213969293,-0.6313736503019207,-0.5525116480315188,0.9204859136051936
Macgillivray_Reef,2016,Heatwave_Only,8.61,0.0,11.704742324012075,9.73613274031132,1.968609583700756,1.968609583700756,0.1681890578370262,0.1681890578370262,10,3.01,0.0,0,0,0,0,0,4.9,0.0,0,0,0,0,0,8.58,0.0,0,0,0,0,0,9.4,0.0,0,0,0,0,0,68.55161216909104,1.1550673080493548,5.96975351703047,29.39381180454676,2.938893394653592,11.714234342662982,72.07243537264468,0.47378425176997885,-1.3000914449023675,-0.5546879280181682,-0.836678696973177,-1.0079574314634394,1.1650940436383206,-0.8051028961830892,-0.670808526503531,-0.5525116480315188,0.9204859136051936
Macgillivray_Reef,2017,Heatwave_Only,8.66,0.0,11.704742324012075,9.73613274031132,1.968609583700756,1.968609583700756,0.1681890578370262,0.1681890578370262,1,10.3,0.0,1,0,0,1,0,11.62,0.0,1,0,0,1,0,15.5,0.0,1,0,0,1,0,17.189999999999998,0.0,1,0,0,1,0,68.55161216909104,1.1550673080493548,5.96975351703047,29.39381180454676,2.705227521772793,13.4730787386621,75.27759568651544,0.47378425176997885,-1.3000914449023675,-0.5546879280181682,-0.836678696973177,-1.0079574314634394,1.1800884881541034,-0.8051028961830892,0.2125327004125386,-0.5525116480315188,-0.9038831894923484
Macgillivray_Reef,2020,Heatwave_Only,5.98,0.0,9.73613274031132,10.017025483633374,-0.2808927433220543,0.0,-0.0288505457776937,-0.0288505457776937,3,9.46,0.0,1,0,0,1,0,19.76,0.0,2,0,0,2,0,21.08,0.0,2,0,0,2,0,21.08,0.0,2,0,0,2,0,75.27759568651544,2.705227521772793,13.4730787386621,37.34759301838731,2.6991916827328386,17.82190965411175,64.17341807749877,0.8877423650950658,-0.44209738952868766,-0.07041432401081821,-0.43587344160852476,-1.1552993039969712,0.37638626210816595,-0.8051028961830892,1.2825323413495637,-0.5525116480315188,-0.4984678332484502
Macgillivray_Reef,2021,Heatwave_Only,4.13,0.0,10.017025483633374,13.548841093925612,-3.531815610292238,0.0,-0.3525812743576228,-0.3525812743576228,1,6.78,0.0,1,0,0,1,0,24.05,0.0,3,0,0,2,0,25.74,0.0,3,0,0,2,0,27.06,0.0,3,0,0,2,0,75.27759568651544,2.705227521772793,13.4730787386621,37.34759301838731,3.3051783575566693,19.569575078132257,62.81189997656632,0.8877423650950658,-0.44209738952868766,-0.07041432401081821,-0.43587344160852476,-1.1342757028091985,-0.17840818497578356,-0.8051028961830892,1.8464510710325903,-0.5525116480315188,-0.9038831894923484
Macgillivray_Reef,2024,Heatwave_Only,5.93,0.0,17.418461843245634,16.591368016196395,0.8270938270492394,0.8270938270492394,0.0474837465266752,0.0474837465266752,3,9.49,0.0,1,0,0,1,0,15.94,0.0,2,0,0,2,0,24.93,0.0,3,0,0,2,0,33.54,0.0,4,0,0,2,0,61.77678921152086,2.358934913561137,16.52085531834991,23.513028809930155,1.1011141787019956,19.365890295351296,54.44897239775638,0.05682026094813192,-0.09358868035792488,-0.17859692857976955,-1.1330218659051892,-0.5803103550367129,0.3613918175923833,-0.8051028961830892,0.7803949177157263,-0.5525116480315188,-0.4984678332484502
Mackay_Reef,1999,Storm_Only,0.0,19.857384,28.201161932996577,20.91628210197898,7.284879831017598,7.284879831017598,0.2583184284507786,0.2583184284507786,10,1.37,0.0,0,0,0,0,0,5.58,0.0,0,0,0,0,0,5.58,0.0,0,0,0,0,0,6.359999999999999,0.0,0,0,0,0,0,53.92654805386725,5.128701418481215,,32.33213281172017,5.80162304523685,,55.880784158276285,-0.42633153541750063,,0.6866844763497675,-0.6886114482067501,0.2267278892883674,-1.416949301979411,0.48977046527607526,-0.5814228071132144,-0.5525116480315188,0.9204859136051936
Mackay_Reef,2014,Storm_Only,0.0,24.80804457444268,28.76823099594264,14.493836800885791,14.27439419505685,14.27439419505685,0.4961860253788304,0.4961860253788304,15,2.31,0.0,0,0,0,0,0,4.12,0.0,0,0,0,0,0,4.12,0.0,0,0,0,0,0,4.119999999999999,0.0,0,0,0,0,0,61.51392318106069,1.720144275183814,13.13951627988255,39.21990561318808,2.617689799415173,13.047340569530698,74.39701831520044,0.040641879638596015,-0.48023975951467734,-0.37815658822946085,-0.3415242625821096,0.26917054438976057,-1.416949301979411,0.8125963974065085,-0.7733392046277177,-0.5525116480315188,1.934024304214939
Mackay_Reef,2017,Heatwave_Only,9.13,0.0,16.72495900304035,13.966008758171286,2.758950244869064,2.758950244869064,0.1649600602529146,0.1649600602529146,3,3.55,26.5676931218178,0,1,0,0,1,5.02,26.5676931218178,0,1,0,0,1,6.569999999999999,26.5676931218178,0,1,0,0,1,7.67,26.5676931218178,0,1,0,0,1,74.39701831520044,1.1938361130289707,12.58718908387052,44.9686009673494,1.433888415113202,10.706207078364988,76.61665255916145,0.83354625439661,-0.5433975511339622,-0.5425764644776091,-0.05183722600272882,-0.632216028934266,1.3210362666024582,-0.8051028961830892,-0.655034576022887,1.1785384688021618,-0.4984678332484502
Mackay_Reef,2022,Heatwave_Only,4.14,0.0,17.32301125436286,17.90270280594579,-0.5796915515829291,0.0,-0.0334636711291711,-0.0334636711291711,5,3.95,0.0,0,0,0,0,0,13.080000000000002,0.0,1,0,0,1,0,16.63,0.0,1,0,0,1,0,16.630000000000003,26.5676931218178,1,1,0,1,1,73.04396757582234,1.0566107233677704,8.793885957672465,58.66294137031982,2.006301877941643,11.80163029952105,68.77510584466869,0.7502712463840185,-0.9771561096894972,-0.5854459907525226,0.6382450700392993,-0.5874544168237015,-0.17540929607262712,-0.8051028961830892,0.4044490979270422,-0.5525116480315188,-0.09305247700455194
Mackay_Reef,2024,Storm_Only,3.52,18.51984,20.2462850390892,17.90270280594579,2.343582233143412,2.343582233143412,0.1157536915349503,0.1157536915349503,2,4.93,0.0,1,0,0,1,0,8.56,0.0,1,0,0,1,0,17.69,0.0,2,0,0,1,0,20.44,0.0,2,0,0,1,0,68.77510584466869,1.9780736165917403,12.983621695717614,45.73500037275913,2.006301877941643,10.191400269431997,74.00759360265869,0.487539417842351,-0.4980660728527763,-0.29757887075416034,-0.013216989773193256,-0.3686600774402372,-0.36134040806832896,0.40255101605861854,-0.18970303684388584,-0.5525116480315188,-0.7011755113703992
Mackay_Reef,2025,Heatwave_Only,4.63,0.0,24.081235373383223,17.90270280594579,6.178532567437433,6.178532567437433,0.2565704155803614,0.2565704155803614,1,8.129999999999999,18.51984,1,1,0,1,1,11.43,18.51984,1,1,0,1,1,12.08,18.51984,1,1,0,1,1,21.21,18.51984,2,1,0,1,1,65.45263734604325,0.7498643683527411,12.229868933413536,93.53426119827864,,,,0.28305441015388527,-0.5842565777523837,-0.6812742551758726,2.395473220120483,-0.08163071011096253,-0.028463739817959403,-0.8051028961830892,0.1875572788181855,0.6541708835961109,-0.9038831894923484
Mantis_Reef,2020,Heatwave_Only,7.15,0.0,31.81317741334733,16.928654804240633,14.884522609106696,14.884522609106696,0.4678728696512358,0.4678728696512358,3,15.03,0.0,1,0,0,1,0,24.9,0.0,2,0,0,2,0,24.9,18.51984,2,1,0,2,1,24.9,18.51984,2,1,0,2,1,63.95000223727239,1.866987997085066,29.29860878560132,61.99393480385922,4.7313650275957615,20.96633725575428,64.48377513410253,0.19057306626843157,1.3675283833574785,-0.3322822729158442,0.8060997844013862,0.4970715515875767,0.7272562637774744,-0.8051028961830892,1.9581832202704859,-0.5525116480315188,-0.4984678332484502
Mantis_Reef,2021,Heatwave_Only,8.4,0.0,28.197487949208423,16.928654804240633,11.26883314496779,11.26883314496779,0.3996396120557305,0.3996396120557305,1,12.19,0.0,1,0,0,1,0,32.05,0.0,3,0,0,2,0,32.05,0.0,3,0,0,2,0,32.05,18.51984,3,1,0,2,1,69.23663184571829,2.5701131986238366,16.670578713942508,51.58636431535974,8.655562746543898,18.767082173773222,78.52599693925802,0.5159445473152414,-0.07646803323490484,-0.11262434826837049,0.2816437005315038,0.22645290756751912,1.1021173766720347,-0.8051028961830892,2.898047769742197,-0.5525116480315188,-0.9038831894923484
Mantis_Reef,2022,Heatwave_Only,10.3,0.0,31.50802050314896,16.928654804240633,14.579365698908326,14.579365698908326,0.4627191891490372,0.4627191891490372,1,17.03,0.0,2,0,0,2,0,30.58,0.0,3,0,0,2,0,40.45,0.0,4,0,0,2,0,40.45,0.0,4,0,0,2,0,64.48377513410253,1.3401827474451518,27.001219222484828,71.92014042908629,8.655562746543898,21.888449000984025,81.0572376242049,0.2234247110492208,1.104825311078432,-0.4968574404337407,1.3062990322129997,0.4742318829516806,1.6719062682717667,-0.8051028961830892,2.704816876354307,-0.5525116480315188,-0.9038831894923484
Mantis_Reef,2024,Heatwave_Only,8.91,0.0,16.928654804240633,17.027397418840128,-0.0987426145994945,0.0,-0.0058328683372266,-0.0058328683372266,2,21.67,0.0,2,0,0,2,0,30.3,0.0,3,0,0,3,0,43.85,0.0,4,0,0,3,0,53.72,0.0,5,0,0,3,0,81.0572376242049,4.7313650275957615,20.261962350029787,89.98801627796882,3.298522687587594,24.99993067638061,77.5131266415824,1.2434568365953853,0.33420133258783047,0.5625556770721845,2.2167715985072247,-0.6169702833966226,1.2550607107330154,-0.8051028961830892,2.6680109918994703,-0.5525116480315188,-0.7011755113703992
Mantis_Reef,2025,Heatwave_Only,10.11,0.0,19.342623745333228,17.027397418840128,2.3152263264931,2.3152263264931,0.1196955675184289,0.1196955675184289,1,22.18,0.0,2,0,0,1,0,37.73,0.0,4,0,0,3,0,42.77000000000001,0.0,4,0,0,3,0,52.760000000000005,0.0,5,0,0,3,0,78.7403016588937,8.655562746543898,20.40345397654167,116.79490851462464,,,,1.1008584436004316,0.35038068918593746,1.7884840394236912,3.567618824446641,-0.43629519831970487,1.614927379111793,-0.8051028961830892,3.644681425826018,-0.5525116480315188,-0.9038831894923484
Masthead_Island,2015,Storm_Only,1.02,21.616374742620703,24.292700881424643,12.876205529943,11.416495351481643,11.416495351481643,0.4699557866046603,0.4699557866046603,9,0.18,0.0,0,0,0,0,0,0.3299999999999999,0.0,0,0,0,0,0,0.3299999999999999,0.0,0,0,0,0,0,0.3299999999999999,0.0,0,0,0,0,0,60.664122273716295,0.6306219326905931,3.761575439031633,49.62325660369805,0.3088342062970611,4.997536373158562,68.59044501197839,-0.011660059459961564,-1.5525933168280908,-0.7185258654013853,0.18271919324034136,-0.06580343578036381,-1.1110626338574496,0.6044718909861699,-1.2715331406413939,-0.5525116480315188,0.7177782354832445
Masthead_Island,2020,Heatwave_Only,8.85,0.0,14.792649543607933,21.46250267252677,-6.669853128918838,0.0,-0.4508896874259389,-0.4508896874259389,5,1.74,0.0,0,0,0,0,0,2.76,18.004590595452743,0,1,0,0,1,2.94,18.004590595452743,0,1,0,0,1,2.94,18.004590595452743,0,1,0,0,1,61.248941905488685,0.3088342062970611,6.000812420595945,46.19694712006667,0.2298710569184509,3.299151147160649,52.97506837001096,0.024333313223276205,-1.2965399055730076,-0.8190530887208509,0.010061332705338436,-0.77684099491244,1.2370673773140763,-0.8051028961830892,-0.9521106434083508,0.6205991866538744,-0.09305247700455194
Masthead_Island,2024,Heatwave_Only,11.17,0.0,29.446671619513232,31.966227201498565,-2.519555581985333,0.0,-0.085563340215188,-0.085563340215188,4,0.91,0.0,0,0,0,0,0,9.76,0.0,1,0,0,1,0,11.5,0.0,1,0,0,1,0,11.5,0.0,1,0,0,1,0,52.59450615076465,0.1475109352466721,2.62980528296096,73.36089381101357,0.9775719025703472,3.0612135176570834,52.77200000412224,-0.5083135313069974,-1.6820095472692949,-0.8694508483783341,1.3789011709487242,0.319948876826703,1.9328096028463804,-0.8051028961830892,-0.031963532037444904,-0.5525116480315188,-0.29576015512650106
McCulloch_Reef,2010,Storm_Only,1.02,18.51984,16.68647734293733,10.008386791704774,6.678090551232556,6.678090551232556,0.4002097275527782,0.4002097275527782,10,1.3199999999999998,0.0,0,0,0,0,0,2.44,0.0,0,0,0,0,0,2.44,0.0,0,0,0,0,0,2.44,0.0,0,0,0,0,0,,,10.588324941213196,60.337834418685205,,13.166700634897992,,,-0.771964686536185,,0.7226459251684817,-0.6350962139667492,-1.1110626338574496,0.40255101605861854,-0.9941745113567352,-0.5525116480315188,0.9204859136051936
McCulloch_Reef,2011,Storm_Only,2.01,41.000868,21.215134299733982,10.008386791704774,11.206747508029208,11.206747508029208,0.5282430622260887,0.5282430622260887,10,2.34,0.0,0,0,0,0,0,2.79,0.0,0,0,0,0,0,3.46,0.0,0,0,0,0,0,3.46,0.0,0,0,0,0,0,,,17.696999215237277,43.75202680016097,,13.166700634897992,,,0.04090162120652699,,-0.11314257331370334,-0.296145920520523,-0.814172632444958,1.8685086817520247,-0.9481671557881898,-0.5525116480315188,0.9204859136051936
McCulloch_Reef,2017,Heatwave_Only,8.34,0.0,11.436886730970691,4.3853321477774685,7.051554583193223,7.051554583193223,0.6165624220180356,0.6165624220180356,10,4.54,0.0,0,0,0,0,0,7.78,0.0,0,0,0,0,0,10.81,0.0,0,0,0,0,0,11.98,0.0,0,0,0,0,0,,,20.95512364301969,106.64473826394983,,9.567078104925727,,,0.41346329328305725,,3.056133598748306,-1.0280052586070547,1.0841240432530959,-0.8051028961830892,-0.29223371496807254,-0.5525116480315188,0.9204859136051936
McCulloch_Reef,2020,Heatwave_Only,5.53,0.0,5.006284729550398,4.3853321477774685,0.6209525817729293,0.6209525817729293,0.1240346115568811,0.1240346115568811,3,8.950000000000001,0.0,1,0,0,1,0,13.49,0.0,1,0,0,1,0,16.06,0.0,1,0,0,1,0,16.73,0.0,1,0,0,1,0,,,10.598767148642212,78.89822224266909,,,,,-0.7707706356808063,,1.6579370504151636,-1.509307873534876,0.24143626146612418,-0.8051028961830892,0.45834342873590933,-0.5525116480315188,-0.4984678332484502
McSweeney_Reef,2021,Heatwave_Only,6.04,0.0,8.331747591831121,10.325403342156095,-1.993655750324974,0.0,-0.2392842231898213,-0.2392842231898213,1,14.57,0.0,1,0,0,1,0,18.22,0.0,1,0,0,1,0,18.22,0.0,1,0,0,1,0,18.22,0.0,1,0,0,1,0,73.7914653530649,0.8471987543968803,13.542358033579582,36.83797827857655,2.5015757697905863,20.272108511644632,68.53804653587585,0.796276825907133,-0.4341754054157887,-0.650866769868133,-0.46155383945150424,-1.2604114294527258,0.3943795955271047,-0.8051028961830892,1.0800999768479642,-0.5525116480315188,-0.9038831894923484
McSweeney_Reef,2022,Heatwave_Only,6.72,0.0,11.077063376672276,10.325403342156095,0.7516600345161812,0.7516600345161812,0.0678573380828657,0.0678573380828657,1,19.64,0.0,2,0,0,2,0,24.26,0.0,2,0,0,2,0,24.26,0.0,2,0,0,2,0,24.26,0.0,2,0,0,2,0,71.75420159984408,0.3848759489841442,16.037893814599276,56.0520124038695,2.5015757697905863,21.17382267361485,66.8016138690392,0.6708911693047783,-0.14881460845680963,-0.7952974740043433,0.5066756915258324,-1.0549364730248771,0.5983040409417455,-0.8051028961830892,1.8740554843737176,-0.5525116480315188,-0.9038831894923484
McSweeney_Reef,2024,Heatwave_Only,5.43,0.0,11.49443628832074,11.04710697501257,0.4473293133081704,0.4473293133081704,0.0389170292555096,0.0389170292555096,2,13.53,0.0,2,0,0,2,0,27.13,0.0,3,0,0,3,0,31.75,0.0,3,0,0,3,0,31.75,0.0,3,0,0,3,0,66.8016138690392,2.5015757697905863,19.184690960046463,38.89130622682818,0.22290647543015,19.465774328306868,61.647897216009504,0.3660786660017614,0.2110169548182046,-0.13403559813573224,-0.35808297314023607,-1.0236979243272473,0.2114473724345592,-0.8051028961830892,2.2513158000357887,-0.5525116480315188,-0.7011755113703992
McSweeney_Reef,2025,Heatwave_Only,12.2,0.0,11.04710697501257,11.97396097435345,-0.9268539993408798,0.0,-0.0839001560713885,-0.0839001560713885,1,12.92,0.0,2,0,0,1,0,28.87,0.0,4,0,0,3,0,33.53,0.0,4,0,0,3,0,37.18,0.0,4,0,0,3,0,65.8151456937414,0.4190038579026557,24.871002732491224,44.012380720416,,,,0.3053653883608593,0.8612382305392183,-0.7846358370310241,-0.10002287380381224,-1.0571785795103135,2.241695159871498,-0.8051028961830892,2.4800380820051284,-0.5525116480315188,-0.9038831894923484
Michaelmas_Cay,1999,Storm_Only,0.99,19.857384,22.83942255415852,20.912119083609184,1.9273034705493368,1.9273034705493368,0.0843849473855642,0.0843849473855642,8,1.57,0.0,0,0,0,0,0,6.66,0.0,0,0,0,0,0,6.66,0.0,0,0,0,0,0,6.66,18.00877013333791,0,1,0,0,1,37.48439801616226,2.5245007344852564,,30.54946215790444,5.59999169463654,,43.737328917319225,-1.4382818904821153,,-0.12687378661706178,-0.778443409562484,-0.1745750031976332,-1.120059300566919,0.48977046527607526,-0.4394572527874175,-0.5525116480315188,0.5150705573612954
Michaelmas_Cay,2006,Storm_Only,0.44,20.0110980221287,22.577720211864328,20.8429029612934,1.7348172505709272,1.7348172505709272,0.0768375741346684,0.0768375741346684,7,2.8200000000000003,0.0,0,0,0,0,0,7.840000000000001,0.0,0,0,0,0,0,8.83,19.857384,0,1,0,0,1,8.830000000000002,19.857384,0,1,0,0,1,45.49073448327401,1.1622116760636922,,45.18506699319267,5.317992682852935,8.062881940568511,47.30505341313403,-0.9455230352179899,,-0.5524560110743398,-0.0409291159562885,-0.1941622862624397,-1.2849981902405256,0.4997939503704461,-0.28434673972775043,-0.5525116480315188,0.31236287923934625
Michaelmas_Cay,2010,Storm_Only,1.5,18.51984,22.720904318528262,13.099113936686338,9.621790381841924,9.621790381841924,0.4234774394078858,0.4234774394078858,4,3.37,0.0,0,0,0,0,0,4.470000000000001,22.4598952695551,0,1,0,0,1,6.630000000000001,22.4598952695551,0,1,0,0,1,9.93,22.4598952695551,0,1,0,0,1,41.08973419567821,1.8515705372294948,13.318728987801755,32.74950363097544,5.74370637657635,10.189710083347595,58.411700581906345,-1.2163874777306236,-0.4597470534809835,-0.3370987227142572,-0.6675793864369007,-0.1834455781007101,-0.9671159665059386,0.40255101605861854,-0.7273318490591723,0.910889940964832,-0.29576015512650106
Michaelmas_Cay,2016,Heatwave_Only,5.48,0.0,16.793778632321224,8.354838764196574,8.43893986812465,8.43893986812465,0.5025039363019296,0.5025039363019296,6,3.97,0.0,0,0,0,0,0,5.84,0.0,0,0,0,0,0,10.25,18.51984,0,1,0,0,1,10.71,18.51984,0,1,0,0,1,54.947279946100025,3.085838300455145,13.68809143576016,54.76159426699988,6.85606921877095,10.198731244236914,55.91324546139316,-0.36350945932635526,-0.4175110080923407,0.04848935567646786,0.4416492145622462,-0.6270651787457561,0.2264418169503418,-0.8051028961830892,-0.5472459144051522,-0.5525116480315188,0.10965520111739717
Michaelmas_Cay,2017,Heatwave_Only,10.96,0.0,16.793778632321224,8.354838764196574,8.43893986812465,8.43893986812465,0.5025039363019296,0.5025039363019296,1,7.720000000000001,0.0,1,0,0,1,0,9.89,0.0,1,0,0,1,0,12.82,18.51984,1,1,0,1,1,15.73,18.51984,1,1,0,1,1,54.947279946100025,3.085838300455145,,54.76159426699988,6.5926623871489305,5.578000557986339,77.59775718825595,-0.36350945932635526,,0.04848935567646786,0.4416492145622462,-0.6270651787457561,1.8698329358800945,-0.8051028961830892,-0.014875085683413693,-0.5525116480315188,-0.9038831894923484
Michaelmas_Cay,2020,Heatwave_Only,7.83,0.0,8.354838764196574,15.465814457520736,-7.110975693324162,0.0,-0.8511206372763527,-0.8511206372763527,3,11.590000000000002,0.0,1,0,0,1,0,19.31,0.0,2,0,0,2,0,21.040000000000003,0.0,2,0,0,2,0,21.48,0.0,2,0,0,2,0,77.59775718825595,6.5926623871489305,5.578000557986339,77.66689378890388,6.747258050105116,9.107499853485011,70.04044404469482,1.030539277306024,-1.3448878118605654,1.1440292386178628,1.5958882082254464,-1.2586831555463656,0.9311807091921152,-0.8051028961830892,1.223380027047148,-0.5525116480315188,-0.4984678332484502
Monsoon_Reef,2021,Heatwave_Only,5.87,0.0,11.532812085798067,12.787997574262755,-1.2551854884646882,0.0,-0.1088360305471698,-0.1088360305471698,1,14.66,0.0,1,0,0,1,0,18.18,0.0,1,0,0,1,0,18.18,0.0,1,0,0,1,0,18.18,0.0,1,0,0,1,0,66.01674368342265,0.9842437074830636,14.033614502174704,25.70492986770289,0.5987285240544632,18.782365513053485,68.18967706676449,0.3177729601668836,-0.37800096045059695,-0.6080536123928472,-1.0225680528601544,-1.0208256626522596,0.34339848417344454,-0.8051028961830892,1.0748419933544162,-0.5525116480315188,-0.9038831894923484
Monsoon_Reef,2022,Heatwave_Only,6.55,0.0,17.59237284187743,12.787997574262755,4.804375267614676,4.804375267614676,0.273094215930792,0.273094215930792,1,19.12,0.0,2,0,0,2,0,24.05,0.0,2,0,0,2,0,24.05,0.0,2,0,0,2,0,24.05,0.0,2,0,0,2,0,66.88407042039712,0.8983703900650999,15.80062349052897,43.05202546421127,0.5987285240544632,20.43428803581546,60.7403290940992,0.3711535458825984,-0.17594611636239924,-0.6348806335909822,-0.14841689211476636,-0.5672938725382306,0.5473229295880853,-0.8051028961830892,1.8464510710325903,-0.5525116480315188,-0.9038831894923484
Monsoon_Reef,2024,Heatwave_Only,5.4,0.0,16.333375212013646,16.597777983675083,-0.2644027716614374,0.0,-0.0161878832898519,-0.0161878832898519,2,13.19,0.0,2,0,0,2,0,26.44,0.0,3,0,0,3,0,31.37,0.0,3,0,0,3,0,31.37,0.0,3,0,0,3,0,60.7403290940992,0.3655961656177775,18.297142975868216,54.68384385697527,0.3853188414077809,20.751012872365592,54.35500731710121,-0.006969826201659989,0.1095271657193075,-0.8013205225206543,0.43773123239668305,-0.6615243740227781,0.2024507057250899,-0.8051028961830892,2.1606155847720854,-0.5525116480315188,-0.7011755113703992
Monsoon_Reef,2025,Heatwave_Only,11.95,0.0,16.84383300987509,16.597777983675083,0.2460550262000076,0.2460550262000076,0.0146080186176004,0.0146080186176004,1,12.72,0.0,2,0,0,1,0,28.49,0.0,4,0,0,3,0,33.25,0.0,4,0,0,3,0,36.77,0.0,4,0,0,3,0,60.89425940373319,0.5987285240544632,22.25470825921257,45.06458757486617,,,,0.0025039853821114304,0.5620688571114778,-0.7284894393646203,-0.04700028924233649,-0.6233188261025759,2.166722937292586,-0.8051028961830892,2.4300872388164216,-0.5525116480315188,-0.9038831894923484
Moore_Reef,1990,Storm_Only,0.0,22.481028,12.64461314847428,20.83598673623655,-8.19137358776227,0.0,-0.6478152784571867,-0.6478152784571867,4,1.1,0.0,0,0,0,0,0,1.1,24.592774699882018,0,1,0,0,1,1.1,24.592774699882018,0,1,0,0,1,1.1,24.592774699882018,0,1,0,0,1,,,,,,,,,,,,-0.9376121845630536,-1.416949301979411,0.6608547695103172,-1.1703169583905944,1.0498602749765393,-0.29576015512650106
Moore_Reef,1991,Storm_Only,0.0,21.26643391905947,20.83598673623655,11.674692249518188,9.16129448671836,9.16129448671836,0.4396861354680003,0.4396861354680003,1,1.1,22.481028,0,1,0,0,1,1.1,47.073802699882016,0,2,0,0,1,1.1,47.073802699882016,0,2,0,0,1,1.1,47.073802699882016,0,2,0,0,1,,,,,,,,,,,,-0.32452346802144477,-1.416949301979411,0.5816527195123986,-1.1703169583905944,2.514638792535634,-0.9038831894923484
Moore_Reef,2010,Storm_Only,1.22,18.51984,26.35041071192442,18.63093681088769,7.719473901036732,7.719473901036732,0.2929545951078257,0.2929545951078257,4,2.32,0.0,0,0,0,0,0,3.72,26.170760163037063,0,1,0,0,1,5.369999999999999,26.170760163037063,0,1,0,0,1,7.24,26.170760163037063,0,1,0,0,1,49.64242311938945,4.981534795220677,5.168140622589725,37.38638003880328,4.2350850398302,9.658052193781074,62.94386886910896,-0.6900027547315356,-1.3917546845761886,0.640709285911363,-0.43391889430521113,0.08820720303128815,-1.0510848557943202,0.40255101605861854,-0.8259190395631979,1.1526758227108356,-0.29576015512650106
Moore_Reef,2011,Storm_Only,1.7,23.242731572016485,31.645494528861622,18.63093681088769,13.014557717973933,13.014557717973933,0.4112609997642563,0.4112609997642563,1,3.54,18.51984,0,1,0,0,1,4.3,44.69060016303706,0,2,0,0,1,6.589999999999999,44.69060016303706,0,2,0,0,1,6.59,44.69060016303706,0,2,0,0,1,47.47436252054992,8.040502049482454,6.473774420069473,30.320716745733243,4.2350850398302,11.97850957200621,62.94386886910896,-0.8234384482245444,-1.2424574058839306,1.596337667834284,-0.7899702998394293,0.4845212163679837,-0.9071381884428088,0.7105244372133963,-0.7496782789067515,2.3593583543384655,-0.9038831894923484
Moore_Reef,2017,Heatwave_Only,10.7,0.0,28.63381377128944,11.772605094064188,16.86120867722525,16.86120867722525,0.5888565460368975,0.5888565460368975,6,4.87,0.0,0,0,0,0,0,8.129999999999999,0.0,0,0,0,0,0,11.05,44.372606275965325,0,2,0,0,2,13.37,44.372606275965325,0,2,0,0,2,41.93752722519712,6.105009886904184,18.91830945922026,36.93438329744748,9.739720959965757,5.232952498917232,73.16153290931337,-1.1642091156991627,0.18055662724084004,0.991685479756012,-0.4566958181949275,0.2591099992490976,1.7918618243980255,-0.8051028961830892,-0.2462263593995274,-0.5525116480315188,0.10965520111739717
Moore_Reef,2020,Heatwave_Only,5.6000000000000005,0.0,11.772605094064188,14.956806731098016,-3.184201637033828,0.0,-0.2704755329505888,-0.2704755329505888,3,11.57,0.0,1,0,0,1,0,16.44,0.0,1,0,0,1,0,19.23,0.0,1,0,0,1,0,19.7,0.0,1,0,0,1,0,73.16153290931337,9.739720959965757,5.730585615813202,38.50683184239324,,,,0.7575069351897231,-1.3274399379263702,2.127177550378194,-0.377457324746295,-1.0028781980300667,0.26242848378821965,-0.8051028961830892,0.846119711385077,-0.5525116480315188,-0.4984678332484502
Myrmidon_Reef,2000,Storm_Only,0.0,20.948618644133813,38.54377220177692,23.323470632064467,15.22030156971245,15.22030156971245,0.3948835492809076,0.3948835492809076,11,1.58,0.0,0,0,0,0,0,3.5,0.0,0,0,0,0,0,5.67,0.0,0,0,0,0,0,5.82,0.0,0,0,0,0,0,30.76560492699645,2.019823222879285,,36.96904795496065,6.796430763725324,,38.85268417952757,-1.8517974609273078,,-0.28453619805248287,-0.4549490041283654,1.0008273229718492,-1.416949301979411,0.5609284119517424,-0.8548379487777122,-0.5525116480315188,1.1231935917271427
Myrmidon_Reef,2004,Heatwave_Only,4.03,0.0,23.323470632064467,24.116188653212305,-0.792718021147838,0.0,-0.0339879957684355,-0.0339879957684355,4,6.68,0.0,0,0,0,0,0,7.61,21.22776573664167,0,1,0,0,1,8.26,21.22776573664167,0,1,0,0,1,8.98,21.22776573664167,0,1,0,0,1,67.2363022995751,5.203970433760922,,56.53963092470189,3.504638210601229,16.664458996221782,59.29442897268883,0.3928320474399887,,0.7101986892529837,0.5312476605690178,-0.13834610804979758,-0.20839707400734828,-0.8051028961830892,-0.31458014481565166,0.830609053869201,-0.29576015512650106
Myrmidon_Reef,2006,Storm_Only,0.95,22.87766139079113,29.2718330714089,24.116188653212305,5.155644418196594,5.155644418196594,0.1761298790417174,0.1761298790417174,2,5.7700000000000005,0.0,1,0,0,1,0,12.16,0.0,1,0,0,1,0,13.09,21.22776573664167,1,1,0,1,1,13.74,21.22776573664167,1,1,0,1,1,59.29442897268883,1.1636661634745258,,60.63868375199029,3.504638210601229,16.540604919746464,64.11489095997054,-0.09595935238247268,,-0.5520016258732542,0.7378062609408316,0.3068629712809682,-1.132054856179545,0.686718700630381,0.28351547757543716,-0.5525116480315188,-0.7011755113703992
Myrmidon_Reef,2011,Storm_Only,2.2,24.724397130988542,28.47552558877029,19.65680965325989,8.818715935510397,8.818715935510397,0.3096945799303588,0.3096945799303588,5,4.550000000000001,0.0,0,0,0,0,0,5.5,23.78027582505933,0,1,0,0,1,10.98,23.78027582505933,1,1,0,1,1,11.27,23.78027582505933,1,1,0,1,1,57.66356463555372,2.3447062343450105,16.41675084327115,54.4825800079444,3.717035968587186,18.15839899901096,70.4892403611459,-0.19633270630769012,-0.10549287191527153,-0.1830420005815255,0.427589187218709,0.2472628166460049,-0.7571937432849847,0.8071418598761407,-0.5919387741003105,0.9969209299705545,-0.09305247700455194
Myrmidon_Reef,2016,Heatwave_Only,7.24,0.0,23.031454911907243,24.706993005882914,-1.6755380939756712,0.0,-0.0727499891076972,-0.0727499891076972,5,4.59,0.0,0,0,0,0,0,7.9,27.18399846726588,0,1,0,0,1,12.16,27.18399846726588,0,1,0,0,1,12.45,27.18399846726588,0,1,0,0,1,65.74076692962197,2.043163871295887,23.83423872878893,44.14413922590956,3.567282262925408,18.283121683632288,66.39918873647727,0.3007876648522353,0.7426858120144951,-0.27724452598626065,-0.09338332715033902,-0.16020221571758056,0.7542462639058828,-0.8051028961830892,-0.2764597644874284,1.2186945875645772,-0.09305247700455194
Myrmidon_Reef,2017,Heatwave_Only,7.46,0.0,23.031454911907243,24.706993005882914,-1.6755380939756712,0.0,-0.0727499891076972,-0.0727499891076972,1,10.69,0.0,1,0,0,1,0,12.94,0.0,1,0,0,1,0,16.41,27.18399846726588,1,1,0,1,1,19.4,27.18399846726588,1,1,0,1,1,65.74076692962197,2.043163871295887,23.83423872878893,44.14413922590956,3.567282262925408,14.061501126919342,59.99510861797195,0.3007876648522353,0.7426858120144951,-0.27724452598626065,-0.09338332715033902,-0.16020221571758056,0.8202218197753253,-0.8051028961830892,0.38604615569962375,-0.5525116480315188,-0.9038831894923484
Myrmidon_Reef,2020,Concurrent,8.3,22.69490006038999,28.26376745530592,33.97855595306031,-5.714788497754388,0.0,-0.2021948597897042,-0.2021948597897042,3,7.92,0.0,1,0,0,1,0,18.610000000000003,0.0,2,0,0,2,0,19.75,0.0,2,0,0,2,0,20.86,0.0,2,0,0,2,0,59.99510861797195,3.567282262925408,17.863995526981448,80.33818832899568,5.917032456718553,20.857815041572138,53.67113422258998,-0.05283524670257002,0.0599974005461664,0.1988935531065083,1.7304995159180196,0.23141364057413413,1.07212848764047,0.6748010795458881,1.131365315910058,-0.5525116480315188,-0.4984678332484502
Myrmidon_Reef,2022,Heatwave_Only,6.3,0.0,35.09108567472428,34.836646340761845,0.2544393339624378,0.2544393339624378,0.0072508253612029,0.0072508253612029,2,8.450000000000001,25.044104949737143,1,1,1,1,1,16.369999999999997,25.044104949737143,2,1,1,1,1,27.06,25.044104949737143,3,1,1,2,1,27.06,25.044104949737143,3,1,1,2,1,53.67113422258998,4.868103451098356,24.08108723816071,78.70379524540289,5.917032456718553,16.89497852806085,46.54044139977034,-0.44205126286535495,0.7709125711330057,0.6052730740029372,1.6481395264207317,0.742408740445756,0.4723507070091732,-0.8051028961830892,0.8369182402713674,1.0792672422341028,-0.7011755113703992
Myrmidon_Reef,2024,Concurrent,8.73,21.17579274229148,39.08073863596194,34.836646340761845,4.2440922952000975,4.2440922952000975,0.108598057338013,0.108598057338013,2,8.05,0.0,1,0,0,1,0,16.35,25.044104949737143,2,1,1,1,1,24.27,25.044104949737143,3,1,1,1,1,31.51,25.044104949737143,4,1,1,2,1,46.54044139977034,5.917032456718553,16.140040038281573,66.45114181240166,4.606108832950056,20.076034815711587,46.51153808038883,-0.8809176591311463,-0.13713434002787125,0.9329608996886535,1.0307064142849556,1.041016927124717,1.2010807104761987,0.575742130018426,0.834289248524594,1.0792672422341028,-0.7011755113703992
Myrmidon_Reef,2025,Heatwave_Only,7.18,0.0,34.836646340761845,39.29424518494229,-4.4575988441804455,0.0,-0.1279571747687054,-0.1279571747687054,1,16.630000000000003,0.0,2,0,0,1,0,25.08,25.044104949737143,3,1,1,1,1,25.540000000000003,25.044104949737143,3,1,1,1,1,33.0,25.044104949737143,4,1,1,1,1,50.2759569253418,4.459797015490208,14.468860730189396,70.29089951969121,,,,-0.6510112141842991,-0.3282312030124117,0.4777172076087106,1.2241986699847405,0.7233650619923908,0.7362529304869437,-0.8051028961830892,1.981844145991452,1.0792672422341028,-0.9038831894923484
North_Direction_Island,2014,Storm_Only,0.0,41.000868,35.26129004495794,4.628370176594759,30.63291986836318,30.63291986836318,0.8687407587557457,0.8687407587557457,10,3.68,0.0,0,0,0,0,0,7.68,0.0,0,0,0,0,0,9.63,0.0,0,0,0,0,0,9.63,0.0,0,0,0,0,0,55.52162407455541,3.419769206015554,14.59367316715282,34.69525342021117,1.854313903534097,5.654945342415516,81.95539570057385,-0.3281608131099611,-0.3139590868788086,0.15281013600197066,-0.5695295758897758,0.7551477979161931,-1.416949301979411,1.8685086817520247,-0.30537867370194266,-0.5525116480315188,0.9204859136051936
North_Direction_Island,2015,Storm_Only,1.82,29.117304,35.26129004495794,4.628370176594759,30.63291986836318,30.63291986836318,0.8687407587557457,0.8687407587557457,1,1.48,41.000868,0,1,0,0,1,5.970000000000001,41.000868,0,1,0,0,1,8.5,41.000868,0,1,0,0,1,9.63,41.000868,0,1,0,0,1,55.52162407455541,3.419769206015554,14.59367316715282,34.69525342021117,1.854313903534097,7.019535250804417,77.91594687533286,-0.3281608131099611,-0.3139590868788086,0.15281013600197066,-0.5695295758897758,0.7551477979161931,-0.871151521604931,1.0935974213969293,-0.5301574680511211,2.118949401155206,-0.9038831894923484
North_Direction_Island,2016,Heatwave_Only,8.94,0.0,8.701848052216835,4.628370176594759,4.073477875622077,4.073477875622077,0.4681164105806628,0.4681164105806628,1,3.3,70.118172,0,2,0,0,2,5.5,70.118172,0,2,0,0,2,9.5,70.118172,0,2,0,0,2,10.32,70.118172,0,2,0,0,2,81.95539570057385,1.6653991772869854,4.290355434026616,30.055487449382543,4.742738534680511,8.886722904821255,77.91594687533286,1.2987349712798055,-1.4921281125479593,-0.3952590822978335,-0.8033356782671192,-1.2327110183045484,1.2640573774424846,-0.8051028961830892,-0.5919387741003105,4.016122492547535,-0.9038831894923484
North_Direction_Island,2017,Heatwave_Only,8.74,0.0,8.701848052216835,4.628370176594759,4.073477875622077,4.073477875622077,0.4681164105806628,0.4681164105806628,1,10.76,70.118172,1,2,0,1,2,12.239999999999998,70.118172,1,2,0,1,2,16.73,70.118172,1,2,0,1,2,18.44,70.118172,1,2,0,1,2,81.95539570057385,1.6653991772869854,4.290355434026616,30.055487449382543,4.742738534680511,10.753910558838092,74.75894165144949,1.2987349712798055,-1.4921281125479593,-0.3952590822978335,-0.8033356782671192,-1.2327110183045484,1.2040795993793552,-0.8051028961830892,0.29403144456253305,4.016122492547535,-0.9038831894923484
North_Direction_Island,2020,Heatwave_Only,6.57,0.0,5.061994263501633,9.94392595282751,-4.881931689325876,0.0,-0.9644285305745884,-0.9644285305745884,3,9.4,0.0,1,0,0,1,0,20.16,29.117304,2,1,0,2,1,21.64,70.118172,2,2,0,2,2,21.64,70.118172,2,2,0,2,2,74.75894165144949,4.742738534680511,10.753910558838092,24.27419448801354,5.89206483832576,12.324035961562041,67.92572974177702,0.8558212274252904,-0.7530302179664426,0.5661087867555409,-1.0946653665526367,-1.5051382570104481,0.5533207073943984,-0.8051028961830892,1.335112176285044,1.3446614433608104,-0.4984678332484502
North_Direction_Island,2022,Heatwave_Only,4.36,0.0,9.94392595282751,11.630218289505482,-1.6862923366779723,0.0,-0.1695801381343234,-0.1695801381343234,2,10.99,0.0,1,0,0,1,0,19.92,0.0,2,0,0,1,0,30.68,29.117304,3,1,0,2,1,30.68,70.118172,3,2,0,2,2,67.92572974177702,5.89206483832576,9.703291353143104,22.56253111125638,5.089774647382763,11.213611339295824,70.22378461127529,0.4352636238048581,-0.8731669581878265,0.9251609584725677,-1.1809191442685332,-1.1397468850280776,-0.10943374020318432,-0.8051028961830892,1.303564275323756,-0.5525116480315188,-0.7011755113703992
North_Direction_Island,2024,Heatwave_Only,6.23,0.0,11.630218289505482,12.594801776024674,-0.9645834865191922,0.0,-0.0829376940748896,-0.0829376940748896,2,9.84,0.0,1,0,0,1,0,16.880000000000003,0.0,2,0,0,1,0,25.81,0.0,3,0,0,1,0,34.75,0.0,4,0,0,2,0,70.22378461127529,5.089774647382763,12.09144108086023,26.98429740695929,1.450438601615991,9.020027708800582,63.23238822284205,0.576699958822717,-0.6000855963648882,0.6745236638315977,-0.9580984352668753,-1.013535231593983,0.451358484687078,-0.8051028961830892,0.9039575298141055,-0.5525116480315188,-0.7011755113703992
North_Direction_Island,2025,Heatwave_Only,6.8,0.0,17.48752013339973,12.594801776024674,4.892718357375056,4.892718357375056,0.2797834295573084,0.2797834295573084,1,12.12,0.0,2,0,0,1,0,22.64,0.0,3,0,0,1,0,23.3,0.0,3,0,0,1,0,32.04,0.0,4,0,0,1,0,61.61438567019692,2.652774243351008,12.529365228226656,23.42057635151533,,,,0.046824954924914834,-0.550009622840276,-0.08680084842193336,-1.137680710573881,-0.575141642118969,0.6222951521669974,-0.8051028961830892,1.661107152885022,-0.5525116480315188,-0.9038831894923484
North_Island,2014,Heatwave_Only,5.42,0.0,13.00648132763686,34.90716860162028,-21.90068727398341,0.0,-1.6838287560101035,-1.0,8,0.92,0.0,0,0,0,0,0,1.38,0.0,0,0,0,0,0,2.04,0.0,0,0,0,0,0,6.73,0.0,1,0,0,1,0,90.02675605298549,5.146733211390259,24.690836645612325,42.3744816119275,4.069477145188428,32.6347594476906,45.19584482956181,1.7954957936629523,0.8406365070424967,0.692317649786597,-0.18255953816376672,-0.9105279238901568,0.20844848353140275,-0.8051028961830892,-1.133511073935758,-0.5525116480315188,0.5150705573612954
North_Island,2020,Heatwave_Only,7.42,0.0,49.2702667906601,36.81985188724767,12.45041490341243,12.45041490341243,0.2526963159406433,0.2526963159406433,6,4.990000000000001,0.0,0,0,0,0,0,6.03,0.0,0,0,0,0,0,11.6,0.0,1,0,0,1,0,11.91,0.0,1,0,0,1,0,48.95131137842945,3.2042680790898523,36.96989021645325,56.65804188924975,,,,-0.7325379931310151,2.244727980916464,0.08548708998385508,0.5372146007711189,1.803658829804078,0.8082262641626994,-0.8051028961830892,-0.5222704928107991,-0.5525116480315188,0.10965520111739717
One_Tree_Island,1994,Storm_Only,0.0,22.131278785282017,3.8395161091852335,5.787742782095172,-1.948226672909939,0.0,-0.5074146370291863,-0.5074146370291863,2,3.42,18.51984,0,1,0,0,1,3.58,18.51984,0,1,0,0,1,3.58,18.51984,0,1,0,0,1,3.58,18.51984,0,1,0,0,1,91.7830736239468,1.7065041202947009,,,11.98270458471756,,86.01697885467378,1.903590305966077,,-0.38241780388245644,,-1.596635434449616,-1.416949301979411,0.6380480925920697,-0.8443219817906161,0.6541708835961109,-0.7011755113703992
One_Tree_Island,1998,Heatwave_Only,4.6000000000000005,0.0,28.60036451518047,41.271168759270246,-12.670804244089776,0.0,-0.443029466892437,-0.443029466892437,4,1.47,0.0,0,0,0,0,0,1.47,23.299474778400004,0,1,0,0,1,4.890000000000001,41.8193147784,0,2,0,0,1,5.05,41.8193147784,0,2,0,0,1,61.50419637728908,6.681663182530116,,14.38078320215384,0.6379602135627319,,38.91165981777888,0.040043232715428666,,1.1718332911004385,-1.5932120489728634,0.2566064677867117,-0.03746040652742866,-0.8051028961830892,-1.1216806110752748,0.9655937573712182,-0.29576015512650106
One_Tree_Island,2002,Heatwave_Only,5.38,0.0,66.81685862693304,65.26298705789986,1.553871569033177,1.553871569033177,0.0232556812900933,0.0232556812900933,4,0.0,0.0,0,0,0,0,0,4.750000000000001,0.0,1,0,0,1,0,6.07,0.0,1,0,0,1,0,6.07,23.299474778400004,1,1,0,1,1,29.375697502989368,0.6379602135627319,,22.53729953532867,0.3889278835583325,,20.6281176856881,-1.9373408544619428,,-0.7162333696362972,-1.1821906084892688,3.1169449781311043,0.1964529279187768,-0.8051028961830892,-0.690525964604336,-0.5525116480315188,-0.29576015512650106
One_Tree_Island,2020,Heatwave_Only,5.34,0.0,58.13441205739839,61.344208088898135,-3.2097960314997422,0.0,-0.055213356734916,-0.055213356734916,18,2.99,0.0,0,0,0,0,0,4.36,0.0,0,0,0,0,0,4.36,0.0,0,0,0,0,0,4.36,0.0,0,0,0,0,0,40.66510925159499,0.3180662000114013,39.633705180092974,82.77920129533437,0.3659316484123895,24.670463395967882,33.175709688382966,-1.2425214907367648,2.5493312515876156,-0.816168992723136,1.8535065234051407,2.467101582914739,0.18445737230615086,-0.8051028961830892,-0.7417913036664294,-0.5525116480315188,2.5421473385807865
One_Tree_Island,2024,Heatwave_Only,11.53,0.0,61.344208088898135,19.17891489677709,42.16529319212104,42.16529319212104,0.6873557342368231,0.6873557342368231,4,1.63,0.0,0,0,0,0,0,6.970000000000001,0.0,1,0,0,1,0,9.96,0.0,1,0,0,1,0,9.96,0.0,1,0,0,1,0,38.71112332879234,0.3659316484123895,18.09075264720686,69.31395286154131,3.5719392206058007,5.75338703414633,80.58889133726082,-1.3627817209278887,0.0859267392620418,-0.801215716926632,1.1749685812671826,2.7073408673556925,2.0407696033600136,-0.8051028961830892,-0.3987078807124202,-0.5525116480315188,-0.29576015512650106
Opal_Reef,1999,Storm_Only,0.58,19.857384,20.928946463030712,18.873807124356844,2.055139338673868,2.055139338673868,0.0981960244536964,0.0981960244536964,10,1.25,0.0,0,0,0,0,0,6.43,0.0,0,0,0,0,0,8.93,0.0,0,0,0,0,0,8.93,0.0,0,0,0,0,0,35.37524109411764,3.0662640653560205,,34.11083889840285,4.261829465131068,,45.07796246209199,-1.568092291874606,,0.042374319763908035,-0.5989792684768184,-0.31756583643747727,-1.243013745596335,0.48977046527607526,-0.4696906578753188,-0.5525116480315188,0.9204859136051936
Opal_Reef,2006,Heatwave_Only,4.17,0.0,20.93941091663769,19.576360765759844,1.3630501508778463,1.3630501508778463,0.0650949616636453,0.0650949616636453,10,2.85,0.0,0,0,0,0,0,6.949999999999999,0.0,0,0,0,0,0,9.56,0.0,0,0,0,0,0,9.56,0.0,0,0,0,0,0,43.40799720340438,6.221374535013009,,53.5934810100885,5.390261026741622,5.3721268494660945,43.29682571800415,-1.0737074104388213,,1.0280380625534709,0.3827858991599443,-0.31678261755941306,-0.1664126293631576,-0.8051028961830892,-0.40133687245919436,-0.5525116480315188,0.9204859136051936
Opal_Reef,2008,Heatwave_Only,6.890000000000001,0.0,19.576360765759844,24.25474117730312,-4.6783804115432766,0.0,-0.2389811092839087,-0.2389811092839087,2,4.800000000000001,0.0,1,0,0,1,0,7.17,0.0,1,0,0,1,0,11.27,0.0,1,0,0,1,0,13.3,0.0,1,0,0,1,0,43.29682571800415,5.390261026741622,3.5079242302830327,53.83585405752904,2.4826723388144343,6.116835539391143,31.99342676419868,-1.0805495827743028,-1.581597954480905,0.7683962975109937,0.3949995103419907,-0.418800998070347,0.649285152295406,-0.8051028961830892,-0.3724179632446801,-0.5525116480315188,-0.7011755113703992
Opal_Reef,2014,Heatwave_Only,9.69,0.0,21.662781901489005,8.942584634025126,12.72019726746388,12.72019726746388,0.5871913092837605,0.5871913092837605,6,3.84,0.0,0,0,0,0,0,6.890000000000001,0.0,0,0,0,0,0,13.929999999999998,0.0,1,0,0,1,0,18.1,0.0,2,0,0,1,0,43.32289129667446,3.600838892919056,9.240595961252705,71.15298190469834,10.3578834763967,6.837865407010861,47.77191413914119,-1.0789453478336228,-0.9260754866021701,0.20937672123422818,1.2676405426209767,-0.2626414428303668,1.4889740451792208,-0.8051028961830892,-0.40922384769951625,-0.5525116480315188,0.10965520111739717
Opal_Reef,2016,Heatwave_Only,6.8100000000000005,0.0,21.510486609217185,3.7035191745506144,17.80696743466657,17.80696743466657,0.8278272713289682,0.8278272713289682,2,13.48,0.0,1,0,0,1,0,15.71,0.0,1,0,0,1,0,18.76,0.0,1,0,0,1,0,25.65,0.0,2,0,0,1,0,47.77191413914119,10.3578834763967,8.290262246875457,53.90490834723619,5.736532602487607,4.415451517941402,82.25464066127702,-0.8051253039342301,-1.0347447303670776,2.3202929374485484,0.39847927945758266,-0.2740400836412013,0.6252940410701541,-0.8051028961830892,0.7501615126278253,-0.5525116480315188,-0.7011755113703992
Opal_Reef,2017,Heatwave_Only,9.44,0.0,21.510486609217185,3.7035191745506144,17.80696743466657,17.80696743466657,0.8278272713289682,0.8278272713289682,1,18.68,0.0,2,0,0,1,0,20.74,0.0,2,0,0,1,0,23.86,0.0,2,0,0,1,0,25.57,0.0,2,0,0,1,0,47.77191413914119,10.3578834763967,8.290262246875457,53.90490834723619,4.155096625825684,3.4454344687365386,88.54115324443573,-0.8051253039342301,-1.0347447303670776,2.3202929374485484,0.39847927945758266,-0.2740400836412013,1.4140018226003088,-0.8051028961830892,1.4113529369414903,-0.5525116480315188,-0.9038831894923484
Opal_Reef,2020,Heatwave_Only,8.1,0.0,3.7035191745506144,5.345937863586432,-1.6424186890358174,0.0,-0.4434751412445728,-0.4434751412445728,3,10.09,0.0,1,0,0,1,0,19.08,0.0,2,0,0,2,0,30.379999999999995,0.0,3,0,0,2,0,30.83,0.0,3,0,0,2,0,88.54115324443573,4.155096625825684,3.4454344687365386,99.24179888554114,8.545771205500458,4.278953223107827,86.47561607836363,1.7040627215799564,-1.5887435655726434,0.38252810745057125,2.68308624828197,-1.606814214017587,1.01215070957734,-0.8051028961830892,1.1931466219592468,-0.5525116480315188,-0.4984678332484502
Pandora_Reef,1994,Heatwave_Only,5.04,0.0,43.6766611655474,50.48729844170904,-6.810637276161636,0.0,-0.1559331023575111,-0.1559331023575111,4,1.5499999999999998,0.0,0,0,0,0,0,11.159999999999998,0.0,1,0,0,1,0,11.159999999999998,0.0,1,0,0,1,0,11.159999999999998,0.0,1,0,0,1,0,,,,,,,,,,,,1.3850017563843426,0.09449070521145644,-0.8051028961830892,0.15206589023673608,-0.5525116480315188,-0.29576015512650106
Pandora_Reef,1998,Heatwave_Only,5.03,0.0,56.01487822004526,38.74373148001467,17.271146740030595,17.271146740030595,0.3083314163816215,0.3083314163816215,4,3.96,0.0,0,0,0,0,0,9.150000000000002,0.0,1,0,0,1,0,10.55,0.0,1,0,0,1,0,20.16,0.0,2,0,0,1,0,,,,18.58039809068774,,,,,,,-1.3815859465471385,2.3084636858530416,0.09149181630830001,-0.8051028961830892,-0.11214778031405212,-0.5525116480315188,-0.29576015512650106
Pandora_Reef,2000,Storm_Only,0.65,26.442216,44.20382274419699,37.9775174276327,6.226305316564293,6.226305316564293,0.1408544539823011,0.1408544539823011,2,5.98,0.0,1,0,0,1,0,9.48,0.0,1,0,0,1,0,14.670000000000003,0.0,2,0,0,1,0,15.88,0.0,2,0,0,1,0,,,,8.10570561277719,,,,,,,-1.9094244274660714,1.4244575097084464,-1.2220215232742395,0.9191585229620157,-0.06876941649228106,-0.5525116480315188,-0.7011755113703992
Pandora_Reef,2003,Heatwave_Only,11.73,0.0,37.9775174276327,39.131440428604186,-1.1539230009714885,0.0,-0.0303843715737955,-0.0303843715737955,5,2.62,0.0,0,0,0,0,0,8.14,0.0,1,0,0,1,0,8.920000000000002,0.0,1,0,0,1,0,12.1,0.0,1,0,0,1,0,,,,18.68045012980302,,,,,,,-1.3765441454202012,0.9584456138486939,2.1007473814231434,-0.8051028961830892,-0.2449118635261402,-0.5525116480315188,-0.09305247700455194
Pandora_Reef,2007,Heatwave_Only,10.35,0.0,45.75072655275179,47.96928291642734,-2.218556363675546,0.0,-0.0484922651691114,-0.0484922651691114,4,3.26,0.0,0,0,0,0,0,16.31,0.0,1,0,0,1,0,17.61,0.0,1,0,0,1,0,18.1,0.0,1,0,0,1,0,,,,24.212083064420334,,5.310024115123274,,,,,-1.097795272232091,1.5402365375404894,1.6869007127875488,-0.8051028961830892,0.8290312650310455,-0.5525116480315188,-0.29576015512650106
Pandora_Reef,2008,Heatwave_Only,7.71,0.0,48.14957698673433,37.43468798779356,10.714888998940772,10.714888998940772,0.2225333984116377,0.2225333984116377,1,12.99,0.0,1,0,0,1,0,25.34,0.0,2,0,0,1,0,27.31,0.0,2,0,0,1,0,27.96,0.0,2,0,0,1,0,,,5.289329994375566,9.976038910985055,,5.030149031833007,,,-1.3778968605454567,,-1.8151749887336166,1.719780068059332,0.8951940423542374,-0.8051028961830892,2.0160210386995145,-0.5525116480315188,-0.9038831894923484
Pandora_Reef,2011,Storm_Only,0.87,22.277876567233506,47.96928291642734,36.900631192207925,11.068651724219414,11.068651724219414,0.2307445734284448,0.2307445734284448,3,8.52,0.0,1,0,0,1,0,20.23,0.0,2,0,0,2,0,22.13,0.0,2,0,0,2,0,33.86,0.0,3,0,0,2,0,,,5.310024115123274,18.555547472903825,,7.3521810099018525,,,-1.3755305186825812,,-1.3828382136059205,1.7062858403842915,-1.156045967404797,0.6476075372146837,1.3443136473987531,-0.5525116480315188,-0.4984678332484502
Pandora_Reef,2014,Heatwave_Only,5.26,0.0,37.43468798779356,36.89645350628722,0.5382344815063362,0.5382344815063362,0.0143779609351048,0.0143779609351048,6,4.51,0.0,0,0,0,0,0,5.32,0.0,0,0,0,0,0,23.379999999999995,0.0,2,0,0,2,0,24.74,0.0,2,0,0,2,0,,,4.750273948542741,21.94277412254216,,7.520425424202588,,,-1.439537115922423,,-1.212149806949244,0.9178171892009427,0.16046626108089898,-0.8051028961830892,-0.6155996998212766,-0.5525116480315188,0.10965520111739717
Pandora_Reef,2016,Heatwave_Only,4.05,0.0,36.89645350628722,37.45549533471471,-0.559041828427489,0.0,-0.0151516412907334,-0.0151516412907334,2,9.16,0.0,1,0,0,1,0,12.02,0.0,1,0,0,1,0,12.83,0.0,1,0,0,1,0,20.54,0.0,2,0,0,1,0,,,6.710864963261779,13.084593363344544,,7.441856590134977,,,-1.2153464556537765,,-1.6585293723160048,0.8775326772165121,-0.20239929620103544,-0.8051028961830892,0.265112535348019,-0.5525116480315188,-0.7011755113703992
Pandora_Reef,2017,Heatwave_Only,8.52,0.0,36.89645350628722,37.45549533471471,-0.559041828427489,0.0,-0.0151516412907334,-0.0151516412907334,1,11.56,0.0,2,0,0,1,0,15.2,0.0,2,0,0,1,0,16.41,0.0,2,0,0,1,0,16.880000000000003,0.0,2,0,0,1,0,,,6.710864963261779,13.084593363344544,,6.553727295126556,,,-1.2153464556537765,,-1.6585293723160048,0.8775326772165121,1.1381040435099123,-0.8051028961830892,0.6831222230850876,-0.5525116480315188,-0.9038831894923484
Pandora_Reef,2018,Heatwave_Only,14.37,0.0,37.45549533471471,40.34647010106474,-2.890974766350027,0.0,-0.0771842620292514,-0.0771842620292514,1,14.82,0.0,2,0,0,2,0,21.73,0.0,3,0,0,2,0,24.59,0.0,3,0,0,2,0,24.93,0.0,3,0,0,2,0,,,8.329985885143397,13.924767579237594,,5.31400952994372,,,-1.030202391539294,,-1.6161914914894828,0.9193745286974081,2.8924540518564545,-0.8051028961830892,1.5414880284068044,-0.5525116480315188,-0.9038831894923484
Pandora_Reef,2020,Concurrent,8.97,38.377224,40.34647010106474,41.35580847506123,-1.009338373996492,0.0,-0.0250167702767597,-0.0250167702767597,2,23.05,0.0,2,0,0,2,0,29.35,0.0,3,0,0,3,0,36.26,0.0,4,0,0,3,0,38.25,0.0,4,0,0,3,0,,,6.553727295126556,15.652920428467011,,5.310589796567207,,,-1.2333149137910588,,-1.5291067797753553,1.135751426914293,1.2730540441519544,1.6974243775177829,2.5431338839277053,-0.5525116480315188,-0.7011755113703992
Pandora_Reef,2022,Heatwave_Only,8.72,0.0,41.81565699033308,41.35580847506123,0.459848515271851,0.459848515271851,0.0109970414999854,0.0109970414999854,2,9.28,0.0,1,0,0,1,0,32.17,0.0,3,0,0,2,0,38.47,0.0,4,0,0,3,0,43.73,0.0,5,0,0,3,0,,,4.074291764760882,16.251316452769746,,4.905022992801411,,,-1.5168346710852036,,-1.4989525342810865,1.2457136810650469,1.1980818215730424,-0.8051028961830892,2.913821720222842,-0.5525116480315188,-0.7011755113703992
Pandora_Reef,2024,Concurrent,6.58,23.818572,49.24365004297208,42.40765651269197,6.835993530280106,6.835993530280106,0.1388197975640459,0.1388197975640459,2,9.73,0.0,1,0,0,1,0,18.86,0.0,2,0,0,1,0,41.75,0.0,4,0,0,2,0,45.8,0.0,5,0,0,3,0,,,4.815804069092046,21.7489662144548,,7.043433688618002,,,-1.432043844310374,,-1.2219161339331286,1.8016666819055935,0.5563195962975548,0.7480742187277739,1.1642277127447327,-0.5525116480315188,-0.7011755113703992
Pandora_Reef,2025,Heatwave_Only,5.68,0.0,45.52643310797325,42.40765651269197,3.118776595281276,3.118776595281276,0.0685047429014391,0.0685047429014391,1,16.16,0.0,2,0,0,1,0,25.28,0.0,3,0,0,1,0,39.81,0.0,4,0,0,1,0,48.330000000000005,0.0,5,0,0,2,0,,,2.855831220694184,25.776155544830296,,,,,-1.6561638181815723,,-1.0189788636503867,1.5234491478903074,0.28641959501347125,-0.8051028961830892,2.0081340634591927,-0.5525116480315188,-0.9038831894923484
Peart_Reef,2011,Storm_Only,1.29,41.000868,33.363270030052625,29.674282640536408,3.6889873895162175,3.6889873895162175,0.110570318382859,0.110570318382859,10,2.6,0.0,0,0,0,0,0,2.89,0.0,0,0,0,0,0,3.92,0.0,0,0,0,0,0,3.92,0.0,0,0,0,0,0,,10.1199849924284,14.122305073799028,34.269916455311964,5.050573404430395,29.567569759441874,,,-0.3678593257788138,2.245972905751639,-0.5909630659807281,0.6130892478523725,-1.0300926334722247,1.8685086817520247,-0.9350221970543197,-0.5525116480315188,0.9204859136051936
Peart_Reef,2017,Heatwave_Only,8.64,0.0,41.487302692448985,11.172300281010532,30.315002411438453,30.315002411438453,0.7307055519171176,0.7307055519171176,10,4.57,0.0,0,0,0,0,0,8.2,0.0,0,0,0,0,0,10.65,0.0,0,0,0,0,0,11.48,0.0,0,0,0,0,0,,6.138499304402041,17.82971758235354,34.24394166476792,15.4246525004036,9.85669805349046,,,0.056077768669303786,1.0021476505459839,-0.5922719821147217,1.2211377887676382,1.1740907103477904,-0.8051028961830892,-0.2370248882858183,-0.5525116480315188,0.9204859136051936
Peart_Reef,2020,Heatwave_Only,5.5600000000000005,0.0,11.172300281010532,13.879939358890672,-2.70763907788014,0.0,-0.2423528736049363,-0.2423528736049363,3,9.22,0.0,1,0,0,1,0,13.79,0.0,1,0,0,1,0,16.6,0.0,1,0,0,1,0,17.42,0.0,1,0,0,1,0,,13.394889157750876,10.14809708138397,35.939163903169046,10.32962661196608,25.110988497201063,,,-0.8223040861472309,3.269060473655343,-0.5068467027545264,-1.0478084045974563,0.2504329281755937,-0.8051028961830892,0.49777830493751946,-0.5525116480315188,-0.4984678332484502
Peart_Reef,2022,Heatwave_Only,4.47,0.0,13.879939358890672,23.98623263469546,-10.10629327580479,0.0,-0.7281222932239465,-0.7281222932239465,2,5.880000000000001,22.481028,1,1,1,1,1,14.93,22.481028,2,1,1,1,1,19.5,22.481028,2,1,1,1,1,19.5,22.481028,2,1,1,1,1,,15.4246525004036,9.56529902559695,31.294646971543365,11.148340852125664,24.884964648384553,,,-0.8889461751649139,3.9031631944750176,-0.7408922145403376,-0.8451533859574227,-0.07644596226846317,-0.8051028961830892,0.6476308345036385,0.9122668695275762,-0.7011755113703992
Peart_Reef,2024,Heatwave_Only,5.08,0.0,26.13819993630156,26.4212783468552,-0.2830784105536388,0.0,-0.0108300652395152,-0.0108300652395152,2,5.5600000000000005,0.0,1,0,0,1,0,11.29,22.481028,2,1,1,1,1,20.340000000000003,22.481028,3,1,1,1,1,22.62,22.481028,3,1,1,1,1,,10.035288355731332,20.83649240491072,38.551461813935504,11.148340852125664,26.3735993056718,,,0.3998979880253731,2.2195134823078715,-0.3752083406895313,0.07232414866085977,0.10648626082408238,-0.8051028961830892,0.1691543365907673,0.9122668695275762,-0.7011755113703992
Peart_Reef,2025,Heatwave_Only,6.7,0.0,29.108070695344,26.4212783468552,2.686792348488801,2.686792348488801,0.0923040340464257,0.0923040340464257,1,10.49,0.0,2,0,0,1,0,16.2,22.481028,3,1,1,1,1,16.78,22.481028,3,1,1,1,1,25.42,22.481028,4,1,1,1,1,,9.464755679940469,27.44480223457113,38.539020541740655,,,,,1.1555483673492142,2.0412777666294586,-0.37583527863829463,0.2946060690796781,0.5923062631354327,-0.8051028961830892,0.8145718104237885,0.9122668695275762,-0.9038831894923484
Pompey_Reef_No_1,2009,Storm_Only,0.79,34.39613138374484,42.45477445945167,34.28409478008037,8.170679679371297,8.170679679371297,0.1924560849375155,0.1924560849375155,5,1.54,0.0,0,0,0,0,0,6.15,0.0,1,0,0,1,0,6.15,0.0,1,0,0,1,0,6.15,0.0,1,0,0,1,0,47.97143962288561,4.199405948654789,5.128587944105427,22.699488524917584,2.028785682741708,18.670818912761966,58.64036430370207,-0.7928452868040743,-1.3962774744075288,0.39637044146715317,-1.1740176153377346,1.2935488462742897,-1.1800370786300487,1.4378226707526531,-0.506496542330155,-0.5525116480315188,-0.09305247700455194
Pompey_Reef_No_1,2015,Storm_Only,1.14,41.000868,43.621615713002086,9.000944378371836,34.62067133463025,34.62067133463025,0.7936586201301808,0.7936586201301808,6,1.67,0.0,0,0,0,0,0,3.0500000000000003,0.0,0,0,0,0,0,3.84,35.76241019359568,0,1,0,0,1,3.84,35.76241019359568,0,1,0,0,1,49.3053714149582,3.0976441008080857,30.52369137318044,29.122013873945672,3.0811782115986466,23.34758474404355,66.71624374609617,-0.7107469756024176,1.5076147512593248,0.052177514767699586,-0.8503750806243375,1.3808818434673105,-1.075075967019572,1.8685086817520247,-0.9139902630801275,-0.5525116480315188,0.10965520111739717
Pompey_Reef_No_1,2017,Heatwave_Only,4.24,0.0,25.33232891387595,9.000944378371836,16.331384535504114,16.331384535504114,0.6446854764529166,0.6446854764529166,2,1.98,37.03968,0,1,0,0,1,3.65,37.03968,0,1,0,0,1,5.03,37.03968,0,1,0,0,1,5.82,72.80209019359567,0,2,0,0,1,66.71624374609617,0.7592660513316665,22.633558646156004,36.44436429714432,11.356980628064708,22.958124543162747,85.99069673290693,0.36082446712716154,0.6053898341812682,-0.6783371478629436,-0.4813887516902916,0.012008204632239061,-0.14542040704106216,-0.8051028961830892,-0.8351205106769071,1.8608534152237406,-0.7011755113703992
Pompey_Reef_No_1,2020,Heatwave_Only,8.94,0.0,9.000944378371836,12.963861789107106,-3.962917410735271,0.0,-0.440277957972685,-0.440277957972685,3,4.24,0.0,1,0,0,1,0,6.220000000000001,37.03968,1,1,0,1,1,6.9,37.03968,1,1,0,1,1,7.89,37.03968,1,1,0,1,1,85.99069673290693,3.0811782115986466,24.061610841931103,28.788468432628505,1.4379683797069072,30.714240487417648,70.52872465469214,1.5470920476413377,0.7686854742537542,0.047033533235953565,-0.8671830317344601,-1.210324958047373,1.2640573774424846,-0.8051028961830892,-0.4972950712164458,1.8608534152237406,-0.4984678332484502
Pompey_Reef_No_1,2022,Heatwave_Only,4.28,0.0,12.963861789107106,24.73710245088624,-11.773240661779134,0.0,-0.9081584525740322,-0.9081584525740322,2,8.94,0.0,1,0,0,1,0,13.18,0.0,2,0,0,1,0,15.16,37.03968,2,1,0,1,1,15.16,37.03968,2,1,0,1,1,79.18178240240955,11.356980628064708,21.85463824439439,21.422107849019707,1.595058714999637,30.988116462176333,70.52872465469214,1.128029865472301,0.516321447222104,2.632413177736218,-1.2383871113342064,-0.9137178111412815,-0.1334248514284362,-0.8051028961830892,0.417594056660912,-0.5525116480315188,-0.7011755113703992
Pompey_Reef_No_1,2024,Heatwave_Only,8.63,0.0,25.19652755724253,24.73710245088624,0.4594251063562886,0.4594251063562886,0.018233667528692,0.018233667528692,2,5.1000000000000005,0.0,1,0,0,1,0,14.04,0.0,2,0,0,1,0,18.28,0.0,3,0,0,1,0,19.12,0.0,3,0,0,1,0,70.52872465469214,1.4379683797069072,30.714240487417648,47.93450050224903,1.595058714999637,29.36877054126917,70.70763379401265,0.595467831911179,1.5294037584585478,-0.466308984773282,0.09761975408150862,0.0018440632277522573,1.171091821444634,-0.8051028961830892,0.5306407017721947,-0.5525116480315188,-0.7011755113703992
Pompey_Reef_No_2,2009,Storm_Only,0.79,32.67308311182613,30.98513787361741,16.844229080112292,14.14090879350512,14.14090879350512,0.4563771460751036,0.4563771460751036,5,1.56,0.0,0,0,0,0,0,6.200000000000001,0.0,1,0,0,1,0,6.200000000000001,0.0,1,0,0,1,0,6.200000000000001,0.0,1,0,0,1,0,57.722637225039776,1.4318183529627542,3.620973902185181,27.09021013221138,0.4920970586723978,12.684660803337357,76.39455821265997,-0.1926970182883059,-1.568670892999636,-0.4682302672250995,-0.9527613036876006,0.43509639037442494,-1.1800370786300487,1.3254650053212056,-0.4999240629632198,-0.5525116480315188,-0.09305247700455194
Pompey_Reef_No_2,2015,Storm_Only,1.3,41.000868,25.52553351539526,14.054138252078364,11.471395263316897,11.471395263316897,0.4494086384677575,0.4494086384677575,6,1.64,0.0,0,0,0,0,0,3.01,0.0,0,0,0,0,0,3.8,34.29984846531156,0,1,0,0,1,3.8,34.29984846531156,0,1,0,0,1,62.3750800005753,4.153555851912063,21.7038814617312,25.513422038977712,2.719289618522227,16.99839328644312,83.49427306513661,0.09364273094306223,0.4990826338278271,0.3820467661482308,-1.0322184747328302,0.026468729464407623,-1.0270937445690682,1.8685086817520247,-0.9192482465736757,-0.5525116480315188,0.10965520111739717
Pompey_Reef_No_2,2017,Heatwave_Only,4.38,0.0,14.054138252078364,22.050219906090327,-7.996081654011963,0.0,-0.5689485552648154,-0.5689485552648154,2,2.14,37.03968,0,1,0,0,1,3.78,37.03968,0,1,0,0,1,5.15,37.03968,0,1,0,0,1,5.94,71.33952846531156,0,2,0,0,1,83.49427306513661,2.719289618522227,11.562362047065562,28.785575349597057,3.8470846504634513,23.397221313318436,70.52142949862711,1.3934468849832493,-0.6605849952860458,-0.06602129275349328,-0.8673288193607519,-0.8321153558025087,-0.10343596239687147,-0.8051028961830892,-0.818032064322876,1.8608534152237406,-0.7011755113703992
Pompey_Reef_No_2,2020,Heatwave_Only,8.97,0.0,22.050219906090327,22.71660031286888,-0.6663804067785541,0.0,-0.0302210322444221,-0.0302210322444221,3,4.38,0.0,1,0,0,1,0,6.52,37.03968,1,1,0,1,1,7.16,37.03968,1,1,0,1,1,8.16,37.03968,1,1,0,1,1,70.52142949862711,0.9944983720353164,22.43442452582068,31.275905747649286,1.6435723449776978,23.15446270817304,67.87038823312663,0.5950188434423154,0.5826191443306928,-0.6048500316812266,-0.7418366183184604,-0.23364339183983004,1.2730540441519544,-0.8051028961830892,-0.4578601950148357,1.8608534152237406,-0.4984678332484502
Pompey_Reef_No_2,2024,Heatwave_Only,8.63,0.0,22.71660031286888,23.61100800344921,-0.89440769058033,0.0,-0.0393724271353073,-0.0393724271353073,4,4.35,0.0,0,0,0,0,0,13.320000000000002,0.0,1,0,0,1,0,17.7,0.0,2,0,0,1,0,18.54,0.0,2,0,0,1,0,67.87038823312663,1.6435723449776978,23.15446270817304,50.85185461861887,0.3034590012275207,23.899224590167982,67.22895188143212,0.4318575692925136,0.6649544372644639,-0.4020778347421977,0.24463044373513226,-0.18376771422079138,1.171091821444634,-0.8051028961830892,0.43599699888833043,-0.5525116480315188,-0.29576015512650106
Rebe_Reef,2003,Storm_Only,0.15,29.117304,19.80602413810053,18.622252914481933,1.1837712236185958,1.1837712236185958,0.0597682409838829,0.0597682409838829,10,3.5200000000000005,0.0,0,0,0,0,0,5.1,0.0,0,0,0,0,0,5.26,0.0,0,0,0,0,0,5.5600000000000005,0.0,0,0,0,0,0,23.229107716190608,0.369403796112712,,32.78370094967743,0.1444230773207773,,21.65154580853607,-2.3156395382060873,,-0.8001310100262773,-0.6658561224085556,-0.4016116926777415,-1.3719659684320635,1.0935974213969293,-0.6445186090357908,-0.5525116480315188,0.9204859136051936
Rebe_Reef,2004,Heatwave_Only,5.0,0.0,18.622252914481933,18.11041507736537,0.5118378371165626,0.5118378371165626,0.0274852800822247,0.0274852800822247,10,3.67,0.0,0,0,0,0,0,3.82,0.0,0,0,0,0,0,5.25,0.0,0,0,0,0,0,5.41,0.0,0,0,0,0,0,24.366047555002226,0.0825438601606477,,39.68700489358476,0.2720162992593848,7.312275357736754,20.12550037662191,-2.245665315191814,,-0.889746711551183,-0.3179862947493688,-0.4902118245593443,0.0824951495988305,-0.8051028961830892,-0.8127740808293279,-0.5525116480315188,0.9204859136051936
Rebe_Reef,2009,Storm_Only,3.83,42.338412,18.11041507736537,3.226949971477211,14.88346510588816,14.88346510588816,0.8218180004327844,0.8218180004327844,5,1.5,0.0,0,0,0,0,0,6.83,0.0,1,0,0,1,0,9.16,0.0,1,0,0,1,0,10.500000000000002,0.0,1,0,0,1,0,32.3581954187188,0.2720162992593848,7.312275357736754,42.85706420258898,1.7431638812640216,3.2016499437352293,91.07727564832774,-1.7537797132559143,-1.1465760734488504,-0.8305550872725466,-0.15824133864527448,-0.5285206624206817,-0.268374852070478,1.9557281309694814,-0.41711082293983837,-0.5525116480315188,-0.09305247700455194
Rebe_Reef,2010,Storm_Only,1.54,29.117304,9.050954331498987,2.496085530265719,6.554868801233268,6.554868801233268,0.7242185256002363,0.7242185256002363,1,4.3,42.338412,0,1,0,0,1,5.66,42.338412,0,1,0,0,1,10.81,42.338412,1,1,0,1,1,12.99,42.338412,1,1,0,1,1,74.8414648031007,3.4433017970286035,2.4142524882121097,64.30878953739189,1.7431638812640216,6.046797677182845,91.07727564832774,0.8609002062950244,-1.7066576880669933,0.16016177137528934,0.9227494529880882,-1.2065819303794814,-0.9551204108933126,1.0935974213969293,-0.5709068401261184,2.20609869510609,-0.9038831894923484
Rebe_Reef,2015,Storm_Only,1.29,20.268067728102764,2.496085530265719,5.8252480048351085,-3.3291624745693893,0.0,-1.3337533646994002,-1.0,5,0.76,0.0,0,0,0,0,0,3.27,29.117304,0,1,0,0,1,7.569999999999999,71.455716,0,2,0,0,2,7.57,71.455716,0,2,0,0,2,94.27333564284436,0.553769728135959,8.89194541063046,81.56727794080834,1.1901571681274916,24.888148063966963,81.57628647968632,2.056856243112278,-0.9659431574015437,-0.7425346702630372,1.7924355388590811,-1.6971853752584467,-1.0300926334722247,0.5165506000362737,-0.8850713538656134,1.3446614433608104,-0.09305247700455194
Rebe_Reef,2017,Concurrent,5.55,35.75358,5.8252480048351085,13.629582830721851,-7.804334825886743,0.0,-1.339742929298279,-1.0,2,4.43,22.693952248264484,0,1,0,0,1,5.19,22.693952248264484,0,1,0,0,1,7.699999999999999,51.811256248264485,0,2,0,0,1,11.53,94.14966824826448,0,3,0,0,2,90.34588283308194,0.9398247153575038,21.07997957950751,87.26812255849016,1.2334546591977544,16.748392189883678,69.55862302686234,1.815136805190561,0.4277403835224388,-0.6219302073490229,2.079711291278335,-1.4480120312735565,0.247434039272437,1.526340073283541,-0.6326881461753077,0.9261402059570863,-0.7011755113703992
Rebe_Reef,2020,Concurrent,7.1000000000000005,38.377224,20.938367794603355,32.26459960065175,-11.326231806048394,0.0,-0.5409319349604514,-0.5409319349604514,3,5.55,0.0,1,0,0,1,0,9.98,22.693952248264484,1,1,0,1,1,9.98,22.693952248264484,1,1,0,1,1,10.739999999999998,22.693952248264484,1,1,0,1,1,69.55862302686234,1.2334546591977544,16.748392189883678,106.69680632873012,2.1914935373534568,24.263666608824796,52.70271105494126,0.5357618515813609,-0.06757017824215955,-0.5301995398417976,3.058757401621371,-0.3168606907106832,0.7122618192616921,1.6974243775177829,-0.003044622822930636,0.9261402059570863,-0.4984678332484502
Rebe_Reef,2022,Heatwave_Only,6.8500000000000005,0.0,32.26459960065175,23.00039497518344,9.26420462546831,9.26420462546831,0.2871321739657098,0.2871321739657098,2,7.1000000000000005,38.377224,1,1,1,1,1,12.65,38.377224,2,1,1,1,1,17.080000000000002,61.07117624826448,2,2,1,1,1,17.080000000000002,61.07117624826448,2,2,1,1,1,52.70271105494126,0.7108729156358736,25.51946246350913,60.49694041558914,2.1914935373534568,18.926931085739078,45.90583231349919,-0.5016539405022576,0.9353886342507066,-0.6934552743798968,0.7306635608067564,0.5308585406032345,0.63728959668278,-0.8051028961830892,0.3479257753714006,1.948002709174625,-0.7011755113703992
Rebe_Reef,2024,Heatwave_Only,11.14,0.0,36.40687068292819,23.00039497518344,13.406475707744749,13.406475707744749,0.3682402649901815,0.3682402649901815,2,9.05,0.0,1,0,0,1,0,16.150000000000002,38.377224,2,1,1,1,1,21.7,38.377224,3,1,1,1,1,24.840000000000003,38.377224,3,1,1,1,1,45.90583231349919,2.1914935373534568,18.547797973979627,49.00794882763401,0.9813746670964256,19.306064197498525,64.2721211582035,-0.9199753789978699,0.13818919115161654,-0.23090599831216468,0.15171273433950327,0.8408895304233494,1.9238129361369112,-0.8051028961830892,0.8079993310568538,1.948002709174625,-0.7011755113703992
Reef_11_049,2020,Heatwave_Only,10.27,0.0,16.517827376841556,14.536649162469114,1.9811782143724412,1.9811782143724412,0.119941816146481,0.119941816146481,10,4.07,0.0,0,0,0,0,0,6.74,0.0,0,0,0,0,0,6.74,0.0,0,0,0,0,0,6.74,0.0,0,0,0,0,0,64.0746104825115,0.4649338789804283,16.076892709886895,62.202827963362665,0.943935636337336,17.853755592114396,55.24508992546501,0.19824221888682575,-0.14435514290859472,-0.7702871931666327,0.8166262841739743,-0.6477189310422977,1.6629096015622968,-0.8051028961830892,-0.4289412858003214,-0.5525116480315188,0.9204859136051936
Reef_11_049,2021,Heatwave_Only,5.49,0.0,14.536649162469114,19.449086137087544,-4.91243697461843,0.0,-0.3379346175115387,-0.3379346175115387,1,14.04,0.0,1,0,0,1,0,17.009999999999998,0.0,1,0,0,1,0,17.009999999999998,0.0,1,0,0,1,0,17.009999999999998,0.0,1,0,0,1,0,67.77931763961075,0.5264141446384419,10.638139568314536,27.40894943672301,0.7734176293205383,18.54810377110365,56.06366039916213,0.42625252863584756,-0.7662684581759392,-0.7510806172514755,-0.9366994602819471,-0.7960015109632573,0.2294407058534982,-0.8051028961830892,0.921045976168136,-0.5525116480315188,-0.9038831894923484
Reef_11_049,2022,Heatwave_Only,5.8100000000000005,0.0,23.67113079984308,19.449086137087544,4.222044662755536,4.222044662755536,0.1783626096470019,0.1783626096470019,1,18.6,0.0,2,0,0,2,0,19.83,0.0,2,0,0,2,0,22.5,0.0,2,0,0,2,0,22.5,0.0,2,0,0,2,0,55.24508992546501,0.943935636337336,19.14835375168998,63.300212096315406,0.7734176293205383,23.709175106989864,52.63870218655799,-0.3451804139357533,0.20686184920331607,-0.6206459462119687,0.8719254325684348,-0.11232525528653614,0.32540515075450577,-0.8051028961830892,1.2917338124632725,-0.5525116480315188,-0.9038831894923484
Reef_11_049,2024,Heatwave_Only,5.17,0.0,21.44202021645579,20.28166719554286,1.1603530209129325,1.1603530209129325,0.0541158439922751,0.0541158439922751,2,12.33,0.0,2,0,0,2,0,25.440000000000005,0.0,3,0,0,3,0,26.67,0.0,3,0,0,3,0,29.340000000000003,0.0,3,0,0,3,0,52.63870218655799,0.4673040832632929,19.47029770366481,65.60047705153362,0.3883683527929467,30.42582932864704,45.02292617170978,-0.5055934372796982,0.24367566025359125,-0.7695467359157402,0.9878398961418452,-0.2791644956112558,0.13347626095249068,-0.8051028961830892,2.029165997433385,-0.5525116480315188,-0.7011755113703992
Reef_11_049,2025,Heatwave_Only,10.82,0.0,20.706041199079618,20.28166719554286,0.4243740035367587,0.4243740035367587,0.0204951781683705,0.0204951781683705,1,12.010000000000002,0.0,2,0,0,1,0,27.770000000000003,0.0,4,0,0,3,0,31.540000000000006,0.0,4,0,0,3,0,31.84,0.0,4,0,0,3,0,47.89529212076526,0.7734176293205383,21.23139828865775,42.83374436621728,,,,-0.7975318692541349,0.44505488722390746,-0.6739161624613116,-0.1594164668919197,-0.3342493267852149,1.8278484912359036,-0.8051028961830892,2.335443535932558,-0.5525116480315188,-0.9038831894923484
Reef_11_162,2021,Heatwave_Only,4.38,0.0,14.567238609953362,16.662392605198743,-2.095153995245381,0.0,-0.1438264348751605,-0.1438264348751605,1,13.51,0.0,1,0,0,1,0,18.65,0.0,2,0,0,1,0,18.65,0.0,2,0,0,1,0,18.65,18.51984,2,1,0,1,1,66.73629306152223,0.7693375139671792,13.16731996929266,24.30954093270669,0.9090083043818276,21.006926357369355,60.93081383251862,0.36205842447566416,-0.47706044907208095,-0.6751907998500437,-1.0928841960111564,-0.7937120237488233,-0.10343596239687147,-0.8051028961830892,1.1366232994036054,-0.5525116480315188,-0.9038831894923484
Reef_11_162,2022,Heatwave_Only,5.55,0.0,16.662392605198743,17.386432357019498,-0.7240397518207544,0.0,-0.0434535284923517,-0.0434535284923517,1,16.99,0.0,2,0,0,2,0,23.03,0.0,3,0,0,2,0,23.03,0.0,3,0,0,2,0,23.03,0.0,3,0,0,2,0,63.96284183031834,0.2002779914432173,18.81662445370173,44.4068608726851,0.5609849216522057,25.421843503112672,60.69434979775179,0.19136329325893675,0.16892909842148196,-0.8529662990711498,-0.08014431366798969,-0.6368988519236423,0.247434039272437,-0.8051028961830892,1.7123724919471155,-0.5525116480315188,-0.9038831894923484
Reef_11_162,2024,Heatwave_Only,4.33,0.0,18.172946333750627,18.73172091269631,-0.5587745789456839,0.0,-0.0307476051865036,-0.0307476051865036,2,10.82,0.0,2,0,0,2,0,23.43,0.0,3,0,0,3,0,29.47,0.0,4,0,0,3,0,29.47,0.0,4,0,0,3,0,60.69434979775179,0.4421260209633197,20.03497540674688,29.48827735285459,0.5609849216522057,31.086479438975683,58.763228487599015,-0.009799672977032119,0.3082457139478822,-0.7774124202908038,-0.8319184091057165,-0.5238404696166024,-0.11843040691265384,-0.8051028961830892,1.7649523268825957,-0.5525116480315188,-0.7011755113703992
Reef_11_162,2025,Heatwave_Only,8.58,0.0,19.54209983791427,18.73172091269631,0.810378925217961,0.810378925217961,0.0414683648092779,0.0414683648092779,1,10.77,0.0,2,0,0,1,0,25.020000000000003,0.0,4,0,0,3,0,28.660000000000004,0.0,4,0,0,3,0,33.8,0.0,5,0,0,3,0,56.702122621744536,0.5547143951776962,25.14407566361545,45.841592301125786,,,,-0.2555057210908616,0.8924637131975728,-0.7422395541138553,-0.007845631934676757,-0.4213652796350101,1.1560973769288514,-0.8051028961830892,1.9739571707511305,-0.5525116480315188,-0.9038831894923484
Reef_13_124,2005,Storm_Only,0.0,29.976776538560475,17.636861921177374,20.24187811294965,-2.6050161917722754,0.0,-0.1477029305675016,-0.1477029305675016,15,1.41,0.0,0,0,0,0,0,1.9,0.0,0,0,0,0,0,4.09,0.0,0,0,0,0,0,4.25,0.0,0,0,0,0,0,,,,,,,,,,,,-0.5639640582847494,-1.416949301979411,1.149642472199575,-1.0651572885196334,-0.5525116480315188,1.934024304214939
Reef_13_124,2015,Storm_Only,0.86,19.444059655968648,29.909218065608112,21.591373504982567,8.317844560625545,8.317844560625545,0.2781030430945981,0.2781030430945981,9,1.86,0.0,0,0,0,0,0,5.0600000000000005,0.0,0,0,0,0,0,6.670000000000001,0.0,0,0,0,0,0,6.830000000000001,0.0,0,0,0,0,0,,,,,,,,,,,,0.35456846827115346,-1.1590448563079534,0.4628181394949562,-0.6497765925293388,-0.5525116480315188,0.7177782354832445
Reef_13_124,2016,Heatwave_Only,7.04,0.0,24.66572034926597,21.591373504982567,3.0743468442834043,3.0743468442834043,0.1246404646104282,0.1246404646104282,1,2.72,20.789233848731943,0,1,0,0,1,4.340000000000001,20.789233848731943,0,1,0,0,1,7.530000000000001,20.789233848731943,0,1,0,0,1,7.530000000000001,20.789233848731943,0,1,0,0,1,,,,,0.8176470403171328,14.99473563149856,47.783425897489415,,,,,-0.03788454960899723,0.694268485842753,-0.8051028961830892,-0.7444202954132034,0.8020359793338728,-0.9038831894923484
Reef_13_124,2017,Heatwave_Only,10.02,0.0,24.66572034926597,21.591373504982567,3.0743468442834043,3.0743468442834043,0.1246404646104282,0.1246404646104282,1,7.9,20.789233848731943,1,1,0,1,1,9.76,20.789233848731943,1,1,0,1,1,12.96,20.789233848731943,1,1,0,1,1,14.57,20.789233848731943,1,1,0,1,1,,,,,2.2641037155540835,17.614998411996655,47.783425897489415,,,,,-0.03788454960899723,1.5879373789833848,-0.8051028961830892,-0.031963532037444904,0.8020359793338728,-0.9038831894923484
Reef_13_124,2020,Heatwave_Only,6.23,0.0,30.01401314639445,25.79244881095199,4.221564335442462,4.221564335442462,0.1406531114267068,0.1406531114267068,3,11.409999999999998,0.0,1,0,0,1,0,19.31,20.789233848731943,2,1,0,2,1,21.17,20.789233848731943,2,1,0,2,1,21.17,20.789233848731943,2,1,0,2,1,47.783425897489415,0.8176470403171328,14.99473563149856,48.02218863032241,1.6920913528355963,26.278596313312278,47.87263970281781,-0.8044168000024942,-0.26809819186520617,-0.6600987930843779,0.10203851562648823,0.36241192466962086,0.451358484687078,-0.8051028961830892,1.223380027047148,0.8020359793338728,-0.4984678332484502
Reef_13_124,2021,Heatwave_Only,5.18,0.0,25.79244881095199,29.533951127947795,-3.741502316995806,0.0,-0.1450619266289709,-0.1450619266289709,1,7.620000000000001,0.0,1,0,0,1,0,24.68,0.0,3,0,0,2,0,25.540000000000003,20.789233848731943,3,1,0,2,1,27.4,20.789233848731943,3,1,0,2,1,51.16603501812384,2.2641037155540835,20.23526119249475,36.14679123118531,1.6920913528355963,25.738404663477016,48.05029969506322,-0.5962303710487901,0.3311480950218229,-0.2082224122069759,-0.4963839904936673,0.04644617942746113,0.1364751498556471,-0.8051028961830892,1.9292643110559717,-0.5525116480315188,-0.9038831894923484
Reef_13_124,2022,Concurrent,5.55,19.857384,30.045870694571995,29.533951127947795,0.5119195666242007,0.5119195666242007,0.0170379341583428,0.0170379341583428,1,12.01,0.0,2,0,0,2,0,22.82,0.0,3,0,0,2,0,30.72,20.789233848731943,4,1,0,2,1,30.72,20.789233848731943,4,1,0,2,1,47.87263970281781,0.5958915134146362,30.266921544982218,56.31978190427561,1.8723638494123385,23.3212989965288,45.60513916028603,-0.7989260374336268,1.478253504120754,-0.7293757279914302,0.5201690753773244,0.36479632371027904,0.247434039272437,0.48977046527607526,1.6847680786059882,-0.5525116480315188,-0.9038831894923484
Reef_13_124,2024,Heatwave_Only,7.65,0.0,29.533951127947795,32.52427362052329,-2.990322492575494,0.0,-0.1012503365912924,-0.1012503365912924,2,13.83,19.857384,2,1,1,2,1,20.66,19.857384,3,1,1,3,1,31.47,19.857384,4,1,1,3,1,38.510000000000005,19.857384,5,1,1,3,1,45.60513916028603,1.2615175585203855,21.18159831362737,38.84781683436431,1.8723638494123385,20.1359520804826,41.76042849240889,-0.93848187251981,0.4393603343061367,-0.5214326257683013,-0.3602744813780793,0.32648136875045936,0.8772007089352986,-0.8051028961830892,1.4008369699543943,0.7413201775469954,-0.7011755113703992
Reef_13_124,2025,Heatwave_Only,9.62,0.0,32.52427362052329,33.406799233300525,-0.8825256127772363,0.0,-0.0271343681053141,-0.0271343681053141,1,16.3,19.857384,2,1,1,1,1,27.71,19.857384,4,1,1,3,1,29.1,19.857384,4,1,1,3,1,39.120000000000005,19.857384,5,1,1,3,1,44.6412654783795,1.075565592249961,28.64634659547643,39.69977937392058,,,,-0.997804547012257,1.2929431741146786,-0.5795244462658294,-0.3173425658466631,0.5502940125490005,1.4679818228571253,-0.8051028961830892,2.3275565606922357,0.7413201775469954,-0.9038831894923484
Reef_19_131,1996,Storm_Only,0.33,18.51984,56.38781196252039,34.617677810916256,21.77013415160413,21.77013415160413,0.38607871796966,0.38607871796966,10,1.92,0.0,0,0,0,0,0,1.92,0.0,0,0,0,0,0,1.92,0.0,0,0,0,0,0,1.92,0.0,0,0,0,0,0,34.786195960930115,0.1318989922279443,,14.850115538794707,3.175188677501887,,56.29663205912213,-1.6043457277276585,,-0.8743280551627068,-1.5695615534436558,2.336376155853277,-1.317985968175247,0.40255101605861854,-1.0625282967728595,-0.5525116480315188,0.9204859136051936
Reef_19_131,2003,Storm_Only,0.0,23.774914614487606,41.38560671179326,31.297665557395288,10.08794115439797,10.08794115439797,0.243754820961059,0.243754820961059,10,3.25,0.0,0,0,0,0,0,4.37,0.0,0,0,0,0,0,4.7,0.0,0,0,0,0,0,5.94,0.0,0,0,0,0,0,52.01512228628052,2.516043339939446,,28.103231988623047,0.3727098482022856,,61.70917057638133,-0.5439723536653208,,-0.1295158960590103,-0.9017133212333535,1.2135262865464715,-1.416949301979411,0.7452273792079785,-0.7404768077930425,-0.5525116480315188,0.9204859136051936
Reef_19_131,2009,Storm_Only,0.15,26.802764189629407,40.94623232718117,41.426381208148,-0.4801488809668299,0.0,-0.0117263262986004,-0.0117263262986004,10,0.31,0.0,0,0,0,0,0,2.39,0.0,0,0,0,0,0,5.05,0.0,0,0,0,0,0,5.64,0.0,0,0,0,0,0,49.78621527602967,1.4034703197244398,14.542768334181616,30.76617708259268,1.6731574841839594,6.667632843163999,47.98073223525169,-0.6811529070149112,-0.3197799786553196,-0.47708625778743236,-0.767522757058257,1.1806410232073015,-1.3719659684320635,0.9426693865417022,-1.0007469907236701,-0.5525116480315188,0.9204859136051936
Reef_19_131,2010,Storm_Only,0.62,29.117304,43.58530617826212,41.426381208148,2.1589249701141213,2.1589249701141213,0.0495333211904995,0.0495333211904995,10,0.15,0.0,0,0,0,0,0,0.4599999999999999,0.0,0,0,0,0,0,2.54,0.0,0,0,0,0,0,5.2,0.0,0,0,0,0,0,48.47156957268624,0.5492963376295003,10.56397095528901,37.48070597674943,1.6731574841839594,13.358226327496673,47.98073223525169,-0.762064234501389,-0.7747495285269554,-0.7439321677110535,-0.4291656416534752,1.3781642325790457,-1.231018189983709,1.0935974213969293,-1.2544446942873628,-0.5525116480315188,0.9204859136051936
Reef_19_131,2011,Storm_Only,0.0,18.51984,43.58530617826212,41.426381208148,2.1589249701141213,2.1589249701141213,0.0495333211904995,0.0495333211904995,10,0.77,0.0,0,0,0,0,0,1.08,0.0,0,0,0,0,0,3.16,0.0,0,0,0,0,0,3.16,0.0,0,0,0,0,0,48.47156957268624,0.5492963376295003,10.56397095528901,37.48070597674943,0.955058556130368,20.048819811829347,44.41870114566676,-0.762064234501389,-0.7747495285269554,-0.7439321677110535,-0.4291656416534752,1.3781642325790457,-1.416949301979411,0.40255101605861854,-1.1729459501373682,-0.5525116480315188,0.9204859136051936
Reef_19_131,2017,Storm_Only,2.06,35.75358,45.65885291206999,41.31794705401277,4.340905858057219,4.340905858057219,0.0950725999712904,0.0950725999712904,10,2.6100000000000003,0.0,0,0,0,0,0,3.1100000000000003,0.0,0,0,0,0,0,3.73,0.0,0,0,0,0,0,3.88,0.0,0,0,0,0,0,45.37761080510535,0.8690536750965813,21.217060781880456,32.76920854142451,1.1544406706388055,18.989059980863274,50.79106737351684,-0.9524853574219887,0.4434154146940037,-0.64403924254622,-0.6665864207703653,1.533360194782327,-0.7991781879291755,1.526340073283541,-0.9061032878398055,-0.5525116480315188,0.9204859136051936
Reef_19_131,2020,Storm_Only,3.0700000000000003,38.377224,41.31794705401277,40.887965904616685,0.4299811493960845,0.4299811493960845,0.0104066436029358,0.0104066436029358,10,2.06,0.0,0,0,0,0,0,4.67,0.0,0,0,0,0,0,4.67,0.0,0,0,0,0,0,5.17,0.0,0,0,0,0,0,50.79106737351684,1.1544406706388055,18.989059980863274,26.066780870255524,3.4049585920700105,20.81997728855443,46.6211822161677,-0.6193081704988408,0.1886468439369374,-0.5548836909815871,-1.004333733913879,1.2084622551839834,-0.4962904087103706,1.6974243775177829,-0.7010419315914322,-0.5525116480315188,0.9204859136051936
Reef_19_131,2022,Heatwave_Only,5.01,0.0,40.887965904616685,43.323680639249865,-2.43571473463318,0.0,-0.0595704550408598,-0.0595704550408598,10,3.0700000000000003,0.0,0,0,0,0,0,5.130000000000001,0.0,0,0,0,0,0,7.74,0.0,0,0,0,0,0,7.74,0.0,0,0,0,0,0,46.6211822161677,1.2514541100196277,21.261645021155573,27.875200307539973,3.4049585920700105,18.581174443823812,46.66597188798421,-0.8759483760608572,0.4485135560022236,-0.5245764701471339,-0.9132042453247393,1.1762800346814088,0.08549403850198692,-0.8051028961830892,-0.6405751214156297,-0.5525116480315188,0.9204859136051936
Reef_19_131,2024,Heatwave_Only,5.82,0.0,43.323680639249865,45.61185335130897,-2.288172712059108,0.0,-0.0528157506079041,-0.0528157506079041,2,5.3,0.0,1,0,0,1,0,8.37,0.0,1,0,0,1,0,10.43,0.0,1,0,0,1,0,11.94,0.0,1,0,0,1,0,46.66597188798421,3.4049585920700105,14.534979300374324,28.86646513661223,0.4652640467021586,25.67299045719227,37.25224738124871,-0.8731917460462906,-0.32067064306161436,0.148183266256848,-0.8632526383759654,1.358582697906135,0.3284040396576622,-0.8051028961830892,-0.21467845843823916,-0.5525116480315188,-0.7011755113703992
Reef_19_138,1996,Storm_Only,0.49,18.51984,32.75254521306679,16.335131953752622,16.417413259314166,16.417413259314166,0.5012561055183082,0.5012561055183082,10,2.35,0.0,0,0,0,0,0,2.35,0.0,0,0,0,0,0,3.16,0.0,0,0,0,0,0,3.16,0.0,0,0,0,0,0,63.892119053091726,1.086074359499787,,31.219016555219927,5.832414177228698,,77.8181219055049,0.18701058151737568,,-0.5762414832890389,-0.7447033664331132,0.5673791492719167,-1.2700037457247433,0.40255101605861854,-1.0060049742172181,-0.5525116480315188,0.9204859136051936
Reef_19_138,2003,Storm_Only,0.0,28.30726962939996,24.3609819602416,19.965417604047207,4.395564356194392,4.395564356194392,0.1804346131600188,0.1804346131600188,10,4.6000000000000005,0.0,0,0,0,0,0,6.720000000000001,0.0,0,0,0,0,0,7.21,0.0,0,0,0,0,0,8.71,0.0,0,0,0,0,0,71.30099945474062,1.7873830584465062,,29.544987091248903,0.5725289974268575,,64.02488272751144,0.6429983407755535,,-0.3571510382150658,-0.8290607040007227,-0.060692893753748756,-1.416949301979411,1.0407761671795392,-0.43157027754709537,-0.5525116480315188,0.9204859136051936
Reef_19_138,2009,Storm_Only,0.14,26.29000264676222,23.3522623429085,22.50704128744894,0.8452210554595609,0.8452210554595609,0.03619439705876,0.03619439705876,10,0.48,0.0,0,0,0,0,0,3.31,0.0,0,0,0,0,0,7.280000000000001,0.0,0,0,0,0,0,7.910000000000001,0.0,0,0,0,0,0,49.18673332818956,0.110520474086948,,40.417321227578206,1.907380681356727,,56.85923508031527,-0.7180486881980576,,-0.8810067532332818,-0.2811843489988546,-0.13619117361062408,-1.3749648573352202,0.9092328944720809,-0.8798133703720653,-0.5525116480315188,0.9204859136051936
Reef_19_138,2010,Storm_Only,1.11,29.117304,35.688475536131826,22.50704128744894,13.181434248682889,13.181434248682889,0.3693470805537127,0.3693470805537127,10,0.14,0.0,0,0,0,0,0,0.79,0.0,0,0,0,0,0,3.45,0.0,0,0,0,0,0,7.420000000000001,0.0,0,0,0,0,0,59.10055834719046,0.573896052013114,,40.093722635240326,1.907380681356727,,56.85923508031527,-0.10789133499178953,,-0.7362471605507359,-0.2974910606056477,0.7871207755496723,-1.0840726337290412,1.0935974213969293,-1.2110663304655913,-0.5525116480315188,0.9204859136051936
Reef_19_138,2011,Storm_Only,0.0,18.51984,22.50704128744894,28.164262225356907,-5.657220937907969,0.0,-0.2513533816220757,-0.2513533816220757,10,1.25,0.0,0,0,0,0,0,1.73,0.0,0,0,0,0,0,4.5600000000000005,0.0,0,0,0,0,0,4.5600000000000005,0.0,0,0,0,0,0,59.10055834719046,0.573896052013114,,40.093722635240326,0.5579068418734491,,58.74647256240599,-0.10789133499178953,,-0.7362471605507359,-0.2974910606056477,-0.19945229661199942,-1.416949301979411,0.40255101605861854,-1.0875037183672127,-0.5525116480315188,0.9204859136051936
Reef_19_138,2017,Storm_Only,2.64,35.75358,41.93183664259121,34.1234816433095,7.808354999281704,7.808354999281704,0.1862154301953605,0.1862154301953605,10,2.77,0.0,0,0,0,0,0,3.86,0.0,0,0,0,0,0,4.970000000000001,0.0,0,0,0,0,0,5.109999999999999,0.0,0,0,0,0,0,51.77358182750936,0.921129754672595,,32.54567291338012,1.2360283053825667,,61.659207952729936,-0.5588382290195434,,-0.6277705559191299,-0.6778507807109586,1.2544092231652872,-0.6252426315460994,1.526340073283541,-0.80751609733578,-0.5525116480315188,0.9204859136051936
Reef_19_138,2020,Concurrent,4.11,38.377224,34.1234816433095,23.390751243533632,10.732730399775871,10.732730399775871,0.3145262406680652,0.3145262406680652,10,2.64,0.0,0,0,0,0,0,5.41,0.0,0,0,0,0,0,6.0,0.0,0,0,0,0,0,6.5,0.0,0,0,0,0,0,61.659207952729936,1.2360283053825667,,60.07833596503709,1.6422012180189924,,53.00387236451633,0.04958359200218762,,-0.529395526874412,0.7095693341503408,0.6699877835226287,-0.1844059627820964,1.6974243775177829,-0.6037692369607935,-0.5525116480315188,0.9204859136051936
Reef_19_138,2022,Heatwave_Only,5.75,0.0,39.11191654769088,23.390751243533632,15.72116530415725,15.72116530415725,0.4019533352447135,0.4019533352447135,2,4.11,0.0,1,0,0,1,0,6.75,0.0,1,0,0,1,0,9.52,0.0,1,0,0,1,0,9.52,0.0,1,0,0,1,0,53.00387236451633,1.3510843726573158,,60.93082994865932,1.6422012180189924,,51.16543680229828,-0.48311863377793357,,-0.4934517477290162,0.752528030098372,1.043350458330631,0.3074118173355667,-0.8051028961830892,-0.4276267899269344,-0.5525116480315188,-0.7011755113703992
Reef_19_138,2024,Heatwave_Only,6.0200000000000005,0.0,43.47725959871386,50.53699495568969,-7.059735356975835,0.0,-0.1623776526426858,-0.1623776526426858,2,6.5,0.0,1,0,0,1,0,10.61,0.0,2,0,0,1,0,13.25,0.0,2,0,0,1,0,14.71,0.0,2,0,0,1,0,51.16543680229828,1.6422012180189924,,28.94805509999295,0.5588230184057486,,39.29923309539575,-0.5962671889050737,,-0.40250617794696164,-0.8591411742523236,1.3700774156279887,0.3883818177207919,-0.8051028961830892,0.07976861720045077,-0.5525116480315188,-0.7011755113703992
Reef_20_104,2003,Storm_Only,0.0,29.117304,36.7200081044826,34.730337527963414,1.989670576519188,1.989670576519188,0.0541849165952743,0.0541849165952743,18,4.53,0.0,0,0,0,0,0,6.38,0.0,0,0,0,0,0,6.85,0.0,0,0,0,0,0,7.65,0.0,0,0,0,0,0,63.81900763569065,5.896146481995906,,25.5160015179657,1.1592318853515868,,60.977940222697335,0.18251085826776228,,0.9264360733109672,-1.0320884901749587,0.8643265056540678,-1.416949301979411,1.0935974213969293,-0.4762631372422538,-0.5525116480315188,2.5421473385807865
Reef_20_104,2009,Storm_Only,0.44,28.812487687609003,48.50110111498135,15.295215205172893,33.20588590980846,33.20588590980846,0.6846418977393401,0.6846418977393401,24,0.8200000000000001,0.0,0,0,0,0,0,3.86,0.0,0,0,0,0,0,7.550000000000001,0.0,0,0,0,0,0,8.39,0.0,0,0,0,0,0,53.2551806584172,1.0670881308722475,14.661095110521016,27.50064493935236,2.2191038038684114,7.931611748889187,69.38956140922484,-0.4676515861801144,-0.3062494881471847,-0.5821728246320612,-0.9320787599685926,1.7460901214723943,-1.2849981902405256,1.0737207587381765,-0.80751609733578,-0.5525116480315188,3.758393407312481
Reef_20_104,2010,Storm_Only,1.14,29.117304,31.15481820326106,15.295215205172893,15.859602998088166,15.859602998088166,0.5090577930712528,0.5090577930712528,1,0.44,30.96863732695968,0,1,0,0,1,1.76,30.96863732695968,0,1,0,0,1,4.300000000000001,30.96863732695968,0,1,0,0,1,7.99,30.96863732695968,0,1,0,0,1,71.53403953373318,2.205218296444296,7.003221614812226,37.72065094598248,2.2191038038684114,16.614359919964272,69.38956140922484,0.6573410508311128,-1.181915908307104,-0.2266183521126221,-0.41707438567329225,0.4477962256839752,-1.075075967019572,1.0935974213969293,-1.0835602307470518,1.465287301136164,-0.9038831894923484
Reef_20_104,2017,Storm_Only,2.18,34.47760163605681,48.8394931797742,56.7359331998962,-7.896440020122,0.0,-0.1616814488851439,-0.1616814488851439,7,1.64,0.0,0,0,0,0,0,2.24,0.0,0,0,0,0,0,3.38,29.117304,0,1,0,0,1,3.82,60.08594132695968,0,2,0,0,2,49.25040399888731,2.539389589384313,37.794859198770986,28.3141624098022,,,,-0.7141300061721648,2.339061954426728,-0.12222247421871964,-0.8910841602026514,1.7714172970027182,-0.7631915210912976,1.4431352365704935,-1.0204644288244753,-0.5525116480315188,0.31236287923934625
Reef_20_104,2020,Concurrent,4.91,38.377224,56.7359331998962,16.20565985837552,40.53027334152068,40.53027334152068,0.714366910978999,0.714366910978999,10,2.18,0.0,0,0,0,0,0,3.82,0.0,0,0,0,0,0,4.27,0.0,0,0,0,0,0,4.42,0.0,0,0,0,0,0,40.87830390498593,0.8730850361841714,28.381791187691302,30.5591724126918,1.148583248477404,17.279415287321786,48.994597186065846,-1.2294001894043904,1.262691657554766,-0.6427798361018675,-0.7779540924634756,2.3624315176722606,0.05550514947042219,1.6974243775177829,-0.8127740808293279,-0.5525116480315188,0.9204859136051936
Reef_20_104,2022,Heatwave_Only,4.07,0.0,48.64984513503214,16.20565985837552,32.44418527665662,32.44418527665662,0.6668918510758829,0.6668918510758829,2,4.91,38.377224,1,1,1,1,1,7.09,38.377224,1,1,1,1,1,8.73,38.377224,1,1,1,1,1,8.73,38.377224,1,1,1,1,1,48.994597186065846,1.148583248477404,17.279415287321786,33.877656863709326,,,,-0.7298739201048927,-0.00684847854100491,-0.5567135630910519,-0.6107297280945851,1.7572229649899231,-0.19640151839472234,-0.8051028961830892,-0.3829339302317762,1.948002709174625,-0.7011755113703992
Reef_20_104,2024,Heatwave_Only,5.5600000000000005,0.0,16.20565985837552,37.18468541884122,-20.9790255604657,0.0,-1.2945492959747134,-1.0,2,4.220000000000001,0.0,1,0,0,1,0,9.13,38.377224,2,1,1,1,1,11.31,38.377224,2,1,1,1,1,12.16,38.377224,2,1,1,1,1,48.994597186065846,1.148583248477404,17.279415287321786,33.877656863709326,,,,-0.7298739201048927,-0.00684847854100491,-0.5567135630910519,-0.6107297280945851,-0.6710833132416701,0.2504329281755937,-0.8051028961830892,-0.11477677206082632,1.948002709174625,-0.7011755113703992
Reef_20_348,2009,Storm_Only,1.28,42.338412,18.820801434911782,13.019465422797651,5.801336012114131,5.801336012114131,0.3082406470402956,0.3082406470402956,10,0.95,0.0,0,0,0,0,0,3.44,0.0,0,0,0,0,0,3.44,0.0,0,0,0,0,0,3.4400000000000004,0.0,0,0,0,0,0,63.79766246115249,0.5007142521823863,13.521071156491647,30.876165942443187,0.1678189192568177,17.70694543432058,70.60198176645672,0.18119714583336194,-0.43660952808266495,-0.7591093225634257,-0.7619802217691372,-0.475351330619301,-1.0330915223753812,1.9557281309694814,-0.8627249240180344,-0.5525116480315188,0.9204859136051936
Reef_20_348,2015,Storm_Only,0.3,41.000868,14.359591387905445,8.658804239159544,5.700787148745901,5.700787148745901,0.3970020451659554,0.3970020451659554,6,0.31,0.0,0,0,0,0,0,2.5,0.0,0,0,0,0,0,4.08,42.338412,0,1,0,0,1,4.08,42.338412,0,1,0,0,1,67.99134882126393,0.1011106112481117,18.81495289908032,24.567254971919454,0.1970177689526545,16.83742777118104,76.58750285849578,0.43930222281006814,0.16873795864197894,-0.8839464159531968,-1.0798975248266405,-0.8092535159655843,-1.3269826348847165,1.8685086817520247,-0.9862875361164131,-0.5525116480315188,0.10965520111739717
Reef_20_353,2009,Storm_Only,0.76,42.338412,38.73478060235202,11.183177665800118,27.5516029365519,27.5516029365519,0.7112884727396375,0.7112884727396375,10,0.64,0.0,0,0,0,0,0,3.64,0.0,0,0,0,0,0,3.64,0.0,0,0,0,0,0,3.64,0.0,0,0,0,0,0,60.94416806593608,0.5874048566387294,2.594179080369197,18.99507584457804,0.2593857550933482,5.580782754884893,88.43103324684972,0.005575669335925389,-1.6860833504347432,-0.732026979021135,-1.3606895931557699,1.015123471707173,-1.1890337453395183,1.9557281309694814,-0.836435006550294,-0.5525116480315188,0.9204859136051936
Reef_20_353,2015,Storm_Only,0.61,41.000868,17.243062325524225,26.026037400263665,-8.78297507473944,0.0,-0.509362832942867,-0.509362832942867,6,0.63,0.0,0,0,0,0,0,2.54,0.0,0,0,0,0,0,3.3,42.338412,0,1,0,0,1,3.3,42.338412,0,1,0,0,1,82.841459017863,1.1274294142000891,19.55600322921461,16.76071296804623,1.2178471201103662,21.305169458465556,73.65716284088076,1.3532687206060372,0.2534759593559693,-0.5633220694075978,-1.4732831331625373,-0.5934382467205316,-1.2340170788868654,1.8685086817520247,-0.9810295526228651,-0.5525116480315188,0.10965520111739717
Reef_20_353,2020,Heatwave_Only,5.66,0.0,26.544438132077936,33.44469672660422,-6.900258594526285,0.0,-0.2599512018371783,-0.2599512018371783,5,2.92,0.0,0,0,0,0,0,4.02,37.03968,0,1,0,0,1,4.17,37.03968,0,1,0,0,1,4.65,37.03968,0,1,0,0,1,79.8645970831838,0.6410042746865305,22.97290724024306,20.29423957969603,,,,1.1700544521028995,0.6441938401154261,-0.7152823979636985,-1.2952224098608158,0.10272931226257935,0.2804218172071584,-0.8051028961830892,-0.7864841633615878,1.8608534152237406,-0.09305247700455194
Reef_21_060,2009,Storm_Only,0.78,34.661594519971025,33.276022187671835,4.151573592519805,29.12444859515203,29.12444859515203,0.8752382851199719,0.8752382851199719,5,1.42,0.0,0,0,0,0,0,6.04,0.0,1,0,0,1,0,6.04,0.0,1,0,0,1,0,6.04,0.0,1,0,0,1,0,66.41771101079541,1.518906321966745,2.860479214057592,26.66033682602707,13.85529879159848,8.249966718802158,97.57969033110952,0.3424509389211037,-1.6556323270683093,-0.4410237860872942,-0.9744233881261107,0.6065591259951327,-1.1830359675332052,1.4551331656067938,-0.520955996937412,-0.5525116480315188,-0.09305247700455194
Reef_21_060,2015,Storm_Only,1.32,41.000868,5.336805231850224,1.8641535501526096,3.4726516816976147,3.4726516816976147,0.6506985979126085,0.6506985979126085,6,1.47,0.0,0,0,0,0,0,2.84,0.0,0,0,0,0,0,3.62,35.98650478904146,0,1,0,0,1,3.62,35.98650478904146,0,1,0,0,1,91.72153735597124,7.0118729832930775,18.828876277781024,24.42222654933221,9.22093114830068,8.795051001937821,100.87366844572054,1.8998029881223384,0.170330076243583,1.2749915897577915,-1.0872057663268044,-1.4845698502504263,-1.021095966762755,1.8685086817520247,-0.9415946764212548,-0.5525116480315188,0.10965520111739717
Reef_21_060,2017,Heatwave_Only,4.38,0.0,3.199176694056121,1.8641535501526096,1.3350231439035114,1.3350231439035114,0.4173020972501783,0.4173020972501783,2,2.16,37.03968,0,1,0,0,1,3.63,37.03968,0,1,0,0,1,5.0,37.03968,0,1,0,0,1,5.78,73.02618478904145,0,2,0,0,1,100.87366844572054,9.22093114830068,6.148340318772102,26.117563471872565,8.73277132023123,16.126203008716516,99.01565163745536,2.463081043889456,-1.2796703103071645,1.9651064240564318,-1.0017747078277979,-1.6445620570076478,-0.10343596239687147,-0.8051028961830892,-0.8377495024236811,1.8608534152237406,-0.7011755113703992
Reef_21_060,2020,Heatwave_Only,8.85,0.0,1.8641535501526096,4.45013182167719,-2.5859782715245805,0.0,-1.387213124859204,-1.0,3,4.38,0.0,1,0,0,1,0,6.54,37.03968,1,1,0,1,1,7.0,37.03968,1,1,0,1,1,8.01,37.03968,1,1,0,1,1,99.01565163745536,1.6833525274201355,11.44176168510354,25.230901505188232,3.005926337989573,25.554131148807603,88.11166316283874,2.3487273392627337,-0.6743754669213441,-0.38965041456399785,-1.0464551895288328,-1.7444827378409513,1.2370673773140763,-0.8051028961830892,-0.4552312032680616,1.8608534152237406,-0.4984678332484502
Reef_21_060,2024,Heatwave_Only,8.99,0.0,12.581882012315896,14.520742210618176,-1.9388601983022795,0.0,-0.1540993784876068,-0.1540993784876068,4,4.260000000000001,0.0,0,0,0,0,0,13.11,0.0,1,0,0,1,0,17.49,0.0,2,0,0,1,0,18.33,0.0,2,0,0,1,0,88.11166316283874,3.005926337989573,25.554131148807603,49.012813508601056,6.631016453691673,28.12426181102529,83.96467299139236,1.6776292782910838,0.9393529467408486,0.02352467542993496,0.1519578743106495,-0.9423073374995524,1.2790518219582672,-0.8051028961830892,0.40839258554720287,-0.5525116480315188,-0.29576015512650106
Reef_21_062,2009,Storm_Only,0.46,42.338412,33.341575600726586,29.270685665636947,4.070889935089639,4.070889935089639,0.1220965074908135,0.1220965074908135,10,0.66,0.0,0,0,0,0,0,4.12,0.0,0,0,0,0,0,4.12,0.0,0,0,0,0,0,4.12,0.0,0,0,0,0,0,59.11462414813561,0.9025373943453736,14.074873808153288,29.164183678057345,0.2371808808046561,14.131256562672665,63.655150204824274,-0.1070256396765129,-0.3732830203090164,-0.6335788519023172,-0.8482500688027595,0.6114655140928142,-1.2790004124342127,1.9557281309694814,-0.7733392046277177,-0.5525116480315188,0.9204859136051936
Reef_21_062,2015,Storm_Only,0.79,41.000868,14.028390047360926,2.902311593130701,11.126078454230225,11.126078454230225,0.7931115699426468,0.7931115699426468,6,0.66,0.0,0,0,0,0,0,2.42,0.0,0,0,0,0,0,2.8800000000000003,42.338412,0,1,0,0,1,2.8800000000000003,42.338412,0,1,0,0,1,82.39630530818609,0.3713806784044697,20.93783442390025,29.705817812513256,0.3105141200066321,15.417951626657922,90.48253256907392,1.325871241959214,0.41148629684636173,-0.7995134274669699,-0.8209561564184145,-0.8340424970339926,-1.1800370786300487,1.8685086817520247,-0.9968035031035092,-0.5525116480315188,0.10965520111739717
Reef_21_062,2020,Heatwave_Only,6.5200000000000005,0.0,2.902311593130701,34.47268255757353,-31.570370964442827,0.0,-10.87766421743439,-1.0,5,3.23,0.0,0,0,0,0,0,4.49,37.03968,0,1,0,0,1,4.65,37.03968,0,1,0,0,1,5.15,37.03968,0,1,0,0,1,93.59597088832932,0.1741030796337535,16.844047320571534,27.29913846543741,,,,2.0151670782361606,-0.056632156622149585,-0.8611434015179329,-0.942233031448247,-1.66678111975242,0.5383262628786161,-0.8051028961830892,-0.7247028573123984,1.8608534152237406,-0.09305247700455194
Reef_21_062,2024,Heatwave_Only,8.21,0.0,34.47268255757353,24.96631868328868,9.506363874284848,9.506363874284848,0.2757651325337991,0.2757651325337991,4,2.64,0.0,0,0,0,0,0,9.16,0.0,1,0,0,1,0,12.39,0.0,1,0,0,1,0,12.86,0.0,1,0,0,1,0,,,,,,,,,,,,0.6961239544648421,1.0451384875120617,-0.8051028961830892,-0.11083328444066537,-0.5525116480315188,-0.29576015512650106
Reef_21_064,2009,Storm_Only,0.61,41.71559019364843,39.66166157978208,18.001235786409715,21.66042579337236,21.66042579337236,0.5461300644150011,0.5461300644150011,10,0.88,0.0,0,0,0,0,0,4.55,0.0,0,0,0,0,0,4.55,0.0,0,0,0,0,0,4.55,0.0,0,0,0,0,0,75.35455557948158,0.4430495474345878,2.9737788665255733,33.4621145731169,0.0705025220157362,10.020118105322004,92.86074047144972,0.8924789470405067,-1.6426766806819335,-0.7771239085042944,-0.6316696470360177,1.0844964850059922,-1.2340170788868654,1.915114756822085,-0.7168158820720764,-0.5525116480315188,0.9204859136051936
Reef_21_064,2015,Storm_Only,1.13,41.000868,13.391778556280798,7.356867637191203,6.034910919089595,6.034910919089595,0.4506429742492417,0.4506429742492417,6,0.96,0.0,0,0,0,0,0,2.73,0.0,0,0,0,0,0,3.34,41.83166729439974,0,1,0,0,1,3.34,41.83166729439974,0,1,0,0,1,99.26819104765435,3.409324354302912,19.872966601094824,30.98225568621094,2.097015130700256,18.12125611351972,99.3729304687005,2.364270157278178,0.2897202484959891,0.14954714038550218,-0.7566341699103794,-0.8816901006770561,-1.0780748559227284,1.8685086817520247,-0.9560541310285118,-0.5525116480315188,0.10965520111739717
Reef_21_064,2020,Heatwave_Only,7.34,0.0,7.356867637191203,7.291170522568721,0.0656971146224822,0.0656971146224822,0.0089300389598371,0.0089300389598371,5,3.83,0.0,0,0,0,0,0,5.73,37.03968,0,1,0,0,1,5.88,37.03968,0,1,0,0,1,6.69,37.03968,0,1,0,0,1,102.23941625890215,2.097015130700256,16.863074434831237,31.08134141797952,,,,2.547137507387752,-0.05445643446650093,-0.2604212691117676,-0.7516410627382345,-1.333376957610941,0.7842351529374475,-0.8051028961830892,-0.5617053690124092,1.8608534152237406,-0.09305247700455194
Reef_21_064,2024,Heatwave_Only,8.82,0.0,22.255136543642912,24.58518877873856,-2.3300522350956463,0.0,-0.1046972787844438,-0.1046972787844438,4,2.83,0.0,0,0,0,0,0,10.17,0.0,1,0,0,1,0,14.0,0.0,1,0,0,1,0,14.77,0.0,1,0,0,1,0,,,,,,,,,,,,-0.21830627200649363,1.2280707106046072,-0.8051028961830892,0.02193079877142246,-0.5525116480315188,-0.29576015512650106
Reef_21_139,2009,Storm_Only,0.32,42.338412,19.94113911127081,16.684200768543928,3.256938342726883,3.256938342726883,0.1633275975135266,0.1633275975135266,15,1.61,0.0,0,0,0,0,0,5.03,0.0,0,0,0,0,0,5.03,0.0,0,0,0,0,0,5.029999999999999,0.0,0,0,0,0,0,54.440095925774976,4.889400943321946,9.420611723122375,23.605917328894783,2.421310711395858,6.505837696086339,66.19732109132768,-0.3947246622209927,-0.9054909525461939,0.6119264593911888,-1.1283410473657909,-0.39149892409271697,-1.3209848570784035,1.9557281309694814,-0.6537200801494999,-0.5525116480315188,1.934024304214939
Reef_21_139,2015,Storm_Only,0.79,25.65883004104634,20.02533517935265,24.441226074885268,-4.41589089553262,0.0,-0.2205152051629914,-0.2205152051629914,6,0.18,0.0,0,0,0,0,0,2.35,0.0,0,0,0,0,0,3.17,42.338412,0,1,0,0,1,3.17,42.338412,0,1,0,0,1,62.72477564784009,2.89129211478029,18.93267015667153,27.35045979627656,3.9966153298175056,34.9915751592637,51.93948135886468,0.11516513729519079,0.18219875158974708,-0.012287318662468311,-0.9396468578335081,-0.3851972142799376,-1.1800370786300487,0.8680749759051509,-1.0060049742172181,-0.5525116480315188,0.10965520111739717
Reef_21_139,2020,Heatwave_Only,5.57,0.0,24.441226074885268,25.034646588229016,-0.593420513343748,0.0,-0.0242794903793112,-0.0242794903793112,5,3.62,0.0,0,0,0,0,0,5.050000000000001,22.59502995356061,0,1,0,0,1,5.050000000000001,22.59502995356061,0,1,0,0,1,5.23,22.59502995356061,0,1,0,0,1,53.75155934591045,3.29716688425905,30.773077187983944,26.34483722935441,3.642850224597952,22.03113033164883,48.07878374488406,-0.43710140947552245,1.5361316474720945,0.11450888965913059,-0.9903219768617154,-0.05468697048217392,0.2534318170787501,-0.8051028961830892,-0.6510910884027258,0.9196948044305242,-0.09305247700455194
Reef_21_139,2024,Heatwave_Only,8.6,0.0,30.815758551790584,19.733488160535856,11.082270391254728,11.082270391254728,0.3596299721984543,0.3596299721984543,4,1.99,0.0,0,0,0,0,0,7.56,0.0,1,0,0,1,0,11.18,0.0,1,0,0,1,0,11.82,0.0,1,0,0,1,0,48.07878374488406,3.642850224597952,22.03113033164883,31.02599416132689,4.760243449776748,14.976580983405126,62.16136643649265,-0.7862386737929212,0.5365030543378718,0.22250115754808444,-0.7544301099523807,0.4224190841919015,1.1620951547351643,-0.8051028961830892,-0.3211526241825868,-0.5525116480315188,-0.29576015512650106
Reef_21_187,2009,Storm_Only,0.33,42.338412,32.43922308381791,14.24208192120473,18.19714116261318,18.19714116261318,0.5609610660401636,0.5609610660401636,15,1.59,0.0,0,0,0,0,0,3.4200000000000004,0.0,0,0,0,0,0,7.120000000000001,0.0,0,0,0,0,0,7.12,0.0,0,0,0,0,0,59.431845099678974,5.803781738617748,23.20331188737716,24.81106202629276,0.269879155480452,9.118004343576064,78.69279794316874,-0.08750192448037986,0.6705402680966648,0.8975811157633761,-1.0676116514714928,0.5439283494729349,-1.317985968175247,1.9557281309694814,-0.8653539157648082,-0.5525116480315188,1.934024304214939
Reef_21_187,2015,Storm_Only,0.29,22.23808902226356,16.25365233215195,23.97244048923216,-7.718788157080208,0.0,-0.4748956111120568,-0.4748956111120568,6,0.0,0.0,0,0,0,0,0,1.54,0.0,0,0,0,0,0,2.39,42.338412,0,1,0,0,1,2.39,42.338412,0,1,0,0,1,73.53972834230663,0.6552915853100906,25.4045126513844,29.946032750717244,1.0283488289771705,34.671933877386955,66.59894701639656,0.780783392454966,0.9222442945671482,-0.7108190093758668,-0.8088512962191277,-0.6674912851360044,-1.329981523787873,0.645013044803224,-1.1124791399615657,-0.5525116480315188,0.10965520111739717
Reef_21_187,2024,Heatwave_Only,7.25,0.0,27.41001176046225,21.8893710077886,5.52064075267365,5.52064075267365,0.2014096455309418,0.2014096455309418,15,1.18,0.0,0,0,0,0,0,3.3,0.0,0,0,0,0,0,5.65,0.0,0,0,0,0,0,5.96,0.0,0,0,0,0,0,62.8922867924561,2.308393656091249,29.59676873652652,28.3741204563088,1.9675565966978164,21.467336061690244,71.17321996043144,0.12547479642630946,1.4016225293378257,-0.19438613326282353,-0.8880627670444607,0.16751373690305935,0.7572451528090391,-0.8051028961830892,-0.8811278662454524,-0.5525116480315188,1.934024304214939
Reef_21_245,2009,Storm_Only,2.16,37.21694212812426,32.448169561526136,14.43086424457159,18.01730531695455,18.01730531695455,0.5552641508110739,0.5552641508110739,4,2.65,0.0,0,0,0,0,0,11.51,0.0,1,0,0,1,0,12.85,0.0,1,0,0,1,0,12.85,0.0,1,0,0,1,0,72.17730596645818,5.607690736309185,9.28704522932398,40.31111598590546,1.0875837713434402,6.824913262155452,89.95517300226197,0.6969315966845718,-0.9207640820309384,0.8363218371670778,-0.2865362210035355,0.5445979544515065,-0.7691892988976106,1.6217639537844315,0.19807324580528157,-0.5525116480315188,-0.29576015512650106
Reef_21_245,2014,Heatwave_Only,6.78,0.0,17.308668051943442,22.135437920296685,-4.826769868353242,0.0,-0.2788643154902543,-0.2788643154902543,9,1.59,0.0,0,0,0,0,0,4.2,0.0,0,0,0,0,0,6.55,0.0,0,0,0,0,0,6.8500000000000005,0.0,0,0,0,0,0,88.09975039995486,1.0875837713434402,8.854434135775307,64.36043931413434,1.3277351593351672,22.78870238838712,71.34789523500893,1.6768960940905686,-0.9702325157706069,-0.5757699395692439,0.9253521775790994,-0.5885279431948531,0.6162973743606845,-0.8051028961830892,-0.7628232376406215,-0.5525116480315188,0.7177782354832445
Reef_21_245,2018,Heatwave_Only,4.22,0.0,32.74871526968492,37.73387830981951,-4.985163040134587,0.0,-0.1522246903147767,-0.1522246903147767,4,6.93,0.0,0,0,0,0,0,13.71,0.0,1,0,0,1,0,15.3,0.0,1,0,0,1,0,15.75,0.0,1,0,0,1,0,71.34789523500893,1.3277351593351672,22.78870238838712,47.06514005854568,1.3644045916708547,13.841495534530704,66.23676003915264,0.6458845935700316,0.6231302898633662,-0.5007460954913635,0.053811127055646606,0.5670924946532184,-0.15141818484737524,-0.8051028961830892,0.4872623379504236,-0.5525116480315188,-0.29576015512650106
Reef_21_245,2019,Heatwave_Only,12.43,0.0,32.74871526968492,37.73387830981951,-4.985163040134587,0.0,-0.1522246903147767,-0.1522246903147767,1,10.54,0.0,1,0,0,1,0,17.93,0.0,2,0,0,1,0,19.38,0.0,2,0,0,1,0,19.520000000000003,0.0,2,0,0,1,0,71.34789523500893,1.3277351593351672,22.78870238838712,47.06514005854568,1.3644045916708547,13.841495534530704,66.23676003915264,0.6458845935700316,0.6231302898633662,-0.5007460954913635,0.053811127055646606,0.5670924946532184,2.3106696046440973,-0.8051028961830892,1.041979596519741,-0.5525116480315188,-0.9038831894923484
Reef_21_278,2009,Storm_Only,3.0700000000000003,28.0926337538258,25.694330887486107,24.01751094988899,1.6768199375971164,1.6768199375971164,0.0652603076118155,0.0652603076118155,5,1.71,0.0,0,0,0,0,0,15.06,0.0,1,0,0,1,0,15.06,0.0,1,0,0,1,0,15.06,0.0,1,0,0,1,0,57.71771433333529,5.770229436371919,15.28505704522082,35.837684232810815,5.521235779011309,14.292168737889982,48.261123764073616,-0.19300000311674245,-0.23490037093066135,0.8870992996339946,-0.5119604447721562,0.03910247923811859,-0.4962904087103706,1.0267800497808706,0.6647192808576697,-0.5525116480315188,-0.09305247700455194
Reef_21_278,2017,Heatwave_Only,4.12,0.0,32.34834116472655,28.20428954715422,4.144051617572327,4.144051617572327,0.1281070827239545,0.1281070827239545,6,0.95,0.0,0,0,0,0,0,3.88,0.0,0,0,0,0,0,4.96,32.248229119791425,0,1,0,0,1,8.030000000000001,32.248229119791425,0,1,0,0,1,55.28620662782768,0.6949085248168295,26.75840283356304,35.65817911735156,1.828851981199825,9.204530794179288,57.92846280620172,-0.3426498408987979,1.077059618923495,-0.6984425866649608,-0.5210060284645657,0.5371262327661835,-0.18140707387893998,-0.8051028961830892,-0.8048871055890059,-0.5525116480315188,0.10965520111739717
Reef_21_296,2009,Storm_Only,2.18,34.11008801109941,23.19662083610853,24.726171431233183,-1.529550595124654,0.0,-0.0659385091445609,-0.0659385091445609,15,0.8,0.0,0,0,0,0,0,3.61,0.0,0,0,0,0,0,3.61,0.0,0,0,0,0,0,3.61,0.0,0,0,0,0,0,78.64441043822674,7.973718728269772,15.569158067294005,45.01096826397316,8.710917529900096,16.05685387041233,71.8079636098412,1.0949567121006594,-0.20241384250968297,1.5754744052083114,-0.04970226218038396,-0.14784026403755252,-0.7631915210912976,1.419170166300883,-0.8403784941704552,-0.5525116480315188,1.934024304214939
Reef_21_302,2009,Storm_Only,1.94,36.54551541218163,29.75521663149589,16.66577869927228,13.08943793222361,13.08943793222361,0.439903970262762,0.439903970262762,15,1.15,0.0,0,0,0,0,0,3.91,0.0,0,0,0,0,0,3.91,0.0,0,0,0,0,0,3.91,0.0,0,0,0,0,0,53.38247001623628,2.5336367651863543,34.112709056806295,40.02415437722485,2.267066182473115,18.532287636059102,46.69774001390678,-0.45981742151517835,1.9180135739445527,-0.12401966968464784,-0.30099672950318346,0.34304213015778934,-0.8351648547670533,1.5779811187117896,-0.8009436179688448,-0.5525116480315188,1.934024304214939
Reef_21_529,1994,Storm_Only,0.16,25.156116,37.24608866529691,29.30713854200678,7.93895012329013,7.93895012329013,0.2131485588898101,0.2131485588898101,2,1.54,22.481028,0,1,0,0,1,2.28,22.481028,0,1,0,0,1,2.28,22.481028,0,1,0,0,1,2.28,22.481028,0,1,0,0,1,39.39159195187914,19.64872505675273,,,21.634199931717053,,65.49020045220428,-1.320901525018964,,5.222773143396522,,0.9037013494908807,-1.3689670795289073,0.8352936679452306,-1.0152064453309273,0.9122668695275762,-0.7011755113703992
Reef_21_529,2009,Storm_Only,0.32,42.338412,46.34756518532734,1.175435583140599,45.17212960218674,45.17212960218674,0.9746386767365136,0.9746386767365136,15,2.67,0.0,0,0,0,0,0,5.59,0.0,0,0,0,0,0,8.71,0.0,0,0,0,0,0,8.71,0.0,0,0,0,0,0,53.1318132252211,10.797967678550954,13.616221128995022,30.591496241454102,1.51668565654402,1.9296479313583603,87.20452728756041,-0.4752443716455139,-0.4257292705481112,2.4577762509520147,-0.7763252369426707,1.5849073155617557,-1.3209848570784035,1.9557281309694814,-0.5801083112398274,-0.5525116480315188,1.934024304214939
Reef_21_529,2024,Heatwave_Only,7.19,0.0,28.24113109628327,22.709186259324632,5.531944836958637,5.531944836958637,0.1958825522284651,0.1958825522284651,15,1.31,0.0,0,0,0,0,0,5.289999999999999,0.0,0,0,0,0,0,8.96,0.0,0,0,0,0,0,9.31,0.0,0,0,0,0,0,60.05129222534704,0.5875407347226725,18.08568744383536,36.61366391609448,0.8957450533865507,15.931803384987958,71.61695562586252,-0.049377364290497786,0.08534754080620592,-0.7319845303962547,-0.4728574412126561,0.229719407470042,0.7392518193901004,-0.8051028961830892,-0.6195431874414378,-0.5525116480315188,1.934024304214939
Reef_21_550,2009,Storm_Only,0.17,42.338412,56.09503794242456,4.112239043224307,51.982798899200255,51.982798899200255,0.926691572123633,0.926691572123633,7,2.16,0.0,0,0,0,0,0,5.18,0.0,0,0,0,0,0,9.49,0.0,1,0,0,1,0,9.49,0.0,1,0,0,1,0,49.9753094831668,2.734619115707982,11.728265908709885,42.806412448153374,0.0938161583578,3.3269362707499206,99.07240991601545,-0.6695148943697118,-0.6416141359870252,-0.06123232269475674,-0.16079377110795065,2.314463292730364,-1.3659681906257508,1.9557281309694814,-0.6340026420486948,-0.5525116480315188,0.31236287923934625
Reef_21_550,2020,Heatwave_Only,5.89,0.0,49.49423524429168,52.22588483539998,-2.731649591108301,0.0,-0.0551912677835213,-0.0551912677835213,11,2.7,0.0,0,0,0,0,0,4.02,0.0,0,0,0,0,0,4.33,0.0,0,0,0,0,0,4.630000000000001,0.0,0,0,0,0,0,56.57691847981416,0.8549070359304322,25.274124730551662,44.43197871436486,,,,-0.2632115488318478,0.9073346301633578,-0.6484586850483128,-0.07887858071934557,1.820421895279194,0.34939626197975737,-0.8051028961830892,-0.7864841633615878,-0.5525116480315188,1.1231935917271427
Reef_21_558,2009,Storm_Only,1.62,42.338412,14.896848690717924,12.312141230445985,2.5847074602719395,2.5847074602719395,0.1735069956025293,0.1735069956025293,15,1.51,0.0,0,0,0,0,0,3.86,0.0,0,0,0,0,0,3.86,0.0,0,0,0,0,0,3.86,0.0,0,0,0,0,0,40.161626741961385,3.9607364869371087,18.33143995321696,38.06365565205336,4.795825726303566,9.291596632621303,43.07554072024951,-1.2735088800516763,0.11344897395942938,0.3218095545541208,-0.3997897653006838,-0.7690421415599528,-0.9311292996680607,1.9557281309694814,-0.80751609733578,-0.5525116480315188,1.934024304214939
Reef_21_558,2024,Heatwave_Only,7.54,0.0,13.646920388313005,10.314745477155215,3.3321749111577894,3.3321749111577894,0.244170466035063,0.244170466035063,15,1.9,0.0,0,0,0,0,0,5.88,0.0,0,0,0,0,0,7.66,0.0,0,0,0,0,0,7.66,0.0,0,0,0,0,0,40.07639950378364,3.842937647915993,22.37616602926988,53.64586710935903,3.071923171146984,12.618506307229408,67.07847374853012,-1.2787542849249662,0.5759573720845037,0.2850089272282443,0.3854257283595639,-0.8625938432959503,0.8442129310005771,-0.8051028961830892,-0.5419879309116042,-0.5525116480315188,1.934024304214939
Reef_21_591,2009,Storm_Only,0.77,27.05059803661401,25.616135298005982,20.65897595277773,4.957159345228252,4.957159345228252,0.1935170660038686,0.1935170660038686,5,1.33,0.0,0,0,0,0,0,5.74,0.0,1,0,0,1,0,5.74,0.0,1,0,0,1,0,5.74,0.0,1,0,0,1,0,50.65206110120838,8.135321869242066,8.853981088347332,36.6491880245452,2.7830392904183867,15.272198734528624,55.09663527193456,-0.6278634656576961,-0.9702843210687279,1.6259595968709089,-0.4710673178767999,0.0332498791729468,-1.1860348564363619,0.9588302991034126,-0.5603908731390222,-0.5525116480315188,-0.09305247700455194
Reef_21_591,2015,Storm_Only,1.28,41.000868,24.95805055196487,12.11181439065283,12.84623616131204,12.84623616131204,0.5147131237099244,0.5147131237099244,6,1.77,0.0,0,0,0,0,0,3.09,0.0,0,0,0,0,0,3.86,29.42093283373691,0,1,0,0,1,3.86,29.42093283373691,0,1,0,0,1,43.93254878641791,2.195443961659884,27.22698067454215,25.363724511679607,4.665304381996392,18.13334531556532,76.88544447331427,-1.041423301641433,1.1306407966233318,-0.22967187670376868,-1.0397620007669344,-0.016004904289587833,-1.0330915223753812,1.8685086817520247,-0.9087322795865795,-0.5525116480315188,0.10965520111739717
Reef_21_591,2017,Heatwave_Only,4.29,0.0,12.357037206634502,12.11181439065283,0.2452228159816716,0.2452228159816716,0.0198447906145343,0.0198447906145343,2,2.42,37.03968,0,1,0,0,1,4.19,37.03968,0,1,0,0,1,5.51,37.03968,0,1,0,0,1,6.279999999999999,66.4606128337369,0,2,0,0,1,76.88544447331427,0.99189046236129,11.827763672464652,42.50232569683522,9.384549341992315,26.376079395481515,74.63948079943097,0.9866992014552811,-0.6302367150032655,-0.6056647486411807,-0.17611724616192806,-0.959135994117314,-0.13042596252527977,-0.8051028961830892,-0.7641377335140086,1.8608534152237406,-0.7011755113703992
Reef_21_591,2020,Heatwave_Only,8.9,0.0,12.11181439065283,15.935603307575375,-3.8237889169225454,0.0,-0.3157073575923947,-0.3157073575923947,3,4.29,0.0,1,0,0,1,0,6.71,37.03968,1,1,0,1,1,7.33,37.03968,1,1,0,1,1,8.48,37.03968,1,1,0,1,1,74.63948079943097,4.665304381996392,24.438926958665995,43.98984694113533,1.984444333260572,30.60768526651933,51.79068749620637,0.8484688768300676,0.8118310098120306,0.5419181799643102,-0.10115839122830476,-0.9774898562511974,1.252061821829859,-0.8051028961830892,-0.4328847734204825,1.8608534152237406,-0.4984678332484502
Reef_21_591,2022,Heatwave_Only,4.39,0.0,15.935603307575375,19.156760489557144,-3.221157181981768,0.0,-0.2021358790006094,-0.2021358790006094,2,8.9,0.0,1,0,0,1,0,13.19,0.0,2,0,0,1,0,15.61,37.03968,2,1,0,1,1,15.61,37.03968,2,1,0,1,1,68.60648236420968,9.384549341992315,28.313231832297035,30.3068895604156,2.4287621259163688,32.85494237276125,51.79068749620637,0.4771612987684213,1.2548519974532755,2.0162211228074067,-0.7906670764282258,-0.6912958725090278,-0.10043707349371506,-0.8051028961830892,0.418908552534299,-0.5525116480315188,-0.7011755113703992
Reef_21_591,2024,Heatwave_Only,8.13,0.0,19.156760489557144,19.970891213559504,-0.8141307240023608,0.0,-0.0424983506186322,-0.0424983506186322,2,5.529999999999999,0.0,1,0,0,1,0,14.43,0.0,2,0,0,1,0,18.72,0.0,3,0,0,1,0,19.86,0.0,3,0,0,1,0,51.79068749620637,1.984444333260572,30.60768526651933,45.25991862924439,1.7953531416746673,35.98010651068754,45.7194600316126,-0.557785441672885,1.5172193277695758,-0.29558864426401305,-0.037157208193730765,-0.45020625532560726,1.02114737628681,-0.8051028961830892,0.5819060408342881,-0.5525116480315188,-0.7011755113703992
Reef_21_591,2025,Heatwave_Only,4.11,0.0,19.970891213559504,22.571152819435543,-2.600261605876039,0.0,-0.1302025822518404,-0.1302025822518404,1,13.66,0.0,2,0,0,1,0,22.56,0.0,3,0,0,1,0,22.56,0.0,3,0,0,1,0,26.85,0.0,4,0,0,1,0,46.73068172718145,2.4287621259163688,31.97703534107689,47.21164839458928,,,,-0.8692091072428707,1.6738024677764547,-0.1567827473837299,0.06119394404070828,-0.3892721085273958,-0.1844059627820964,-0.8051028961830892,1.6505911858979259,-0.5525116480315188,-0.9038831894923484
Reef_22_084,2009,Storm_Only,0.16,42.338412,19.65948083869816,6.905947453273723,12.753533385424436,12.753533385424436,0.6487217790777109,0.6487217790777109,15,1.96,0.0,0,0,0,0,0,5.04,0.0,0,0,0,0,0,5.04,0.0,0,0,0,0,0,5.04,0.0,0,0,0,0,0,73.7097377319724,1.1206231030821745,19.55769266339002,61.381476394634696,0.1596412123795282,7.995725592191628,90.2701954450756,0.7912468088477167,0.2536691436358228,-0.5654483766020978,0.7752369101897717,-0.4125798218182067,-1.3689670795289073,1.9557281309694814,-0.6524055842761128,-0.5525116480315188,1.934024304214939
Reef_22_084,2020,Heatwave_Only,6.48,0.0,46.06960748861063,12.136848920372463,33.932758568238164,33.932758568238164,0.7365541062321196,0.7365541062321196,11,0.96,0.0,0,0,0,0,0,1.94,0.0,0,0,0,0,0,1.94,0.0,0,0,0,0,0,1.94,0.0,0,0,0,0,0,51.49084566994922,0.3527958553181274,15.275645750894586,32.54460233694368,,,,-0.576239539333369,-0.23597653840931476,-0.8053193687988299,-0.6779047289715983,1.5641033898578294,0.5263307072659901,-0.8051028961830892,-1.0598993050260856,-0.5525116480315188,1.1231935917271427
Reef_22_084,2024,Heatwave_Only,8.45,0.0,12.136848920372463,10.558523495026016,1.5783254253464474,1.5783254253464474,0.1300440860475019,0.1300440860475019,4,0.95,0.0,0,0,0,0,0,7.430000000000001,0.0,1,0,0,1,0,8.389999999999999,0.0,1,0,0,1,0,8.75,0.0,1,0,0,1,0,,,,,,,,,,,,-0.9756161304919471,1.1171118211878168,-0.8051028961830892,-0.3382410705366178,-0.5525116480315188,-0.29576015512650106
Rib_Reef,1987,Heatwave_Only,5.47,0.0,7.572237737612351,8.387208989386966,-0.8149712517746153,0.0,-0.1076262103772231,-0.1076262103772231,10,0.0,0.0,0,0,0,0,0,0.0,0.0,0,0,0,0,0,0.0,0.0,0,0,0,0,0,0.0,0.0,0,0,0,0,0,,,,,,,,,,,,-1.3172574415085496,0.22344292804718513,-0.8051028961830892,-1.3149115044631652,-0.5525116480315188,0.9204859136051936
Rib_Reef,1998,Heatwave_Only,4.21,0.0,47.39610415870197,7.308470910137463,40.0876332485645,40.0876332485645,0.8458001761987515,0.8458001761987515,11,3.4600000000000004,0.0,0,0,0,0,0,5.69,0.0,0,0,0,0,0,5.99,0.0,0,0,0,0,0,7.050000000000001,0.0,0,0,0,0,0,38.04005534187224,0.9248421209715896,,24.08195420041968,14.50481446978056,,48.957980675299325,-1.4040833442605438,,-0.6266108041779268,-1.1043526983372163,1.6633859011790084,-0.15441707375053165,-0.8051028961830892,-0.5669633525059573,-0.5525116480315188,1.1231935917271427
Rib_Reef,2000,Storm_Only,0.0,25.534092598201067,45.67747675374008,3.3462309512581743,42.33124580248191,42.33124580248191,0.9267422110617312,0.9267422110617312,2,5.0600000000000005,0.0,1,0,0,1,0,8.36,0.0,1,0,0,1,0,10.59,0.0,1,0,0,1,0,10.740000000000002,0.0,1,0,0,1,0,48.957980675299325,1.4902376890302114,,28.618159748219973,16.52746032595471,,90.66179129538368,-0.7321275238602675,,-0.44997993273022163,-0.875765190824579,1.5347541083994094,-1.416949301979411,0.859941014658449,-0.21599295431162616,-0.5525116480315188,-0.7011755113703992
Rib_Reef,2011,Storm_Only,0.96,24.990323444774635,24.195081568093173,8.877135485992458,15.317946082100717,15.317946082100717,0.6331016508041444,0.6331016508041444,11,2.63,0.0,0,0,0,0,0,3.43,0.0,0,0,0,0,0,6.64,0.0,0,0,0,0,0,6.64,0.0,0,0,0,0,0,70.41104462038469,0.9832499218141728,17.15201513662435,57.64706485443885,2.7605108320846043,26.65682681989496,85.83481201964705,0.5882250837165478,-0.02141649588310032,-0.6083640733137403,0.5870532361907517,-0.07310981716791012,-1.1290559672763887,0.8244825579173652,-0.8640394198914213,-0.5525116480315188,1.1231935917271427
Rib_Reef,2017,Heatwave_Only,7.44,0.0,39.36676804153284,2.8672680891623696,36.49949995237047,36.49949995237047,0.92716526573537,0.92716526573537,6,5.550000000000001,0.0,0,0,0,0,0,8.98,0.0,0,0,0,0,0,11.58,27.42131938959204,0,1,0,0,1,12.57,27.42131938959204,0,1,0,0,1,52.8328459742166,2.2944104321280285,36.77282364495459,43.080594771833184,6.692735304201622,11.121785133818863,90.49782817372358,-0.49364464260234814,2.222193712193676,-0.19875452448094497,-0.14697723362666673,1.062424985159893,0.8142240419690124,-0.8051028961830892,-0.1344942101616315,-0.5525116480315188,0.10965520111739717
Rib_Reef,2020,Concurrent,5.11,29.40382876492337,2.8672680891623696,5.618959897242284,-2.751691808079914,0.0,-0.9596911493838656,-0.9596911493838656,3,7.44,0.0,1,0,0,1,0,12.990000000000002,0.0,1,0,0,1,0,15.16,0.0,1,0,0,1,0,16.42,0.0,1,0,0,1,0,88.70720596932317,3.5148727863883247,11.455396060191148,30.239910469065894,5.804947550091398,24.084431543302973,82.83625375165047,1.7142826206517898,-0.672816396452137,0.1825207125045754,-0.7940422725884868,-1.6694039737391022,0.11548292753355191,1.1122813167931014,0.39261863506655914,-0.5525116480315188,-0.4984678332484502
Rib_Reef,2022,Heatwave_Only,5.2,0.0,7.895828526744831,10.453273066428302,-2.5574445396834715,0.0,-0.3238981863677598,-0.3238981863677598,2,5.11,30.90949776509983,1,1,1,1,1,12.55,30.90949776509983,2,1,1,1,1,18.1,30.90949776509983,2,1,1,1,1,18.1,30.90949776509983,2,1,1,1,1,82.83625375165047,3.473243909269144,18.390815431887177,42.45726990878466,7.236702241956807,20.750880165445903,74.31920405157611,1.3529483567254075,0.12023847144610952,0.1695157558718274,-0.1783876878738319,-1.2930380771408556,0.1424729276619602,-0.8051028961830892,0.33478081663753056,1.4614339915922159,-0.7011755113703992
Rib_Reef,2024,Concurrent,6.7,20.33621338401001,18.448450547833588,25.193787896433133,-6.745337348599545,0.0,-0.3656316464686328,-0.3656316464686328,2,6.86,0.0,1,0,0,1,0,11.97,30.90949776509983,2,1,1,1,1,19.41,30.90949776509983,3,1,1,1,1,21.910000000000004,30.90949776509983,3,1,1,1,1,74.31920405157611,5.804947550091398,18.77861682334165,46.58617892276506,7.236702241956807,23.12834973018966,64.23298440750372,0.8287570892616879,0.16458298254024895,0.8979453179399893,0.029675419123142147,-0.5032201764259373,0.5923062631354327,0.5209942868045536,0.2585400559810841,1.4614339915922159,-0.7011755113703992
Rib_Reef,2025,Heatwave_Only,6.32,0.0,25.193787896433133,30.90179824253625,-5.708010346103116,0.0,-0.2265641978716205,-0.2265641978716205,1,13.56,18.147827697063004,2,1,1,1,1,18.67,49.05732546216284,3,2,2,1,1,18.67,49.05732546216284,3,2,2,1,1,26.11,49.05732546216284,4,2,2,1,1,67.63160553951899,4.768971382239784,20.3456739428064,52.6813463696467,,,,0.41716142365307934,0.3437736284495548,0.5743039884633634,0.3368218038874901,0.0016390115216621257,0.4783484848154863,-0.8051028961830892,1.13925229115038,2.6438776125432613,-0.9038831894923484
Roxburgh_Reef,2011,Storm_Only,1.5,24.203893128179825,12.947289306438028,5.849375220633635,7.097914085804393,7.097914085804393,0.5482162264092578,0.5482162264092578,11,1.8,0.0,0,0,0,0,0,2.74,0.0,0,0,0,0,0,5.83,0.0,0,0,0,0,0,5.829999999999999,0.0,0,0,0,0,0,72.03493223016353,1.2990225014879464,6.582216652164119,89.07372736664907,2.830572396322536,9.651120980445965,87.78073835315713,0.6881690472208551,-1.2300571982772521,-0.5097159956173025,2.170698945673763,-0.9149581894515411,-0.9671159665059386,0.7732004923843365,-0.9547396351551248,-0.5525116480315188,1.1231935917271427
Roxburgh_Reef,2016,Heatwave_Only,5.0,0.0,6.77973024699412,10.312285713552315,-3.532555466558195,0.0,-0.5210466106854913,-0.5210466106854913,5,4.92,0.0,0,0,0,0,0,7.5,26.718092169433834,0,1,0,0,1,9.3,26.718092169433834,0,1,0,0,1,9.3,26.718092169433834,0,1,0,0,1,85.09415955313945,2.274299629270582,15.673548567869698,77.26425150029826,2.1266366495923235,12.593173720463083,80.74579810982965,1.4919136728354987,-0.19047694436308352,-0.20503718539111238,1.5755983434471243,-1.3765731832540649,0.0824951495988305,-0.8051028961830892,-0.3290395994229088,1.1883379003054415,-0.09305247700455194
Roxburgh_Reef,2017,Heatwave_Only,7.54,0.0,18.49258485527629,10.312285713552315,8.180299141723976,8.180299141723976,0.442355636366864,0.442355636366864,1,7.98,0.0,1,0,0,1,0,11.0,0.0,1,0,0,1,0,13.48,26.718092169433834,1,1,0,1,1,14.3,26.718092169433834,1,1,0,1,1,71.07039884782263,0.7943450029543099,18.68948169667134,60.27622454958196,2.1266366495923235,10.579817100128274,80.74579810982965,0.6288057707337011,0.15439051366156745,-0.6673784029688962,0.7195412937164701,-0.49991691530427096,0.8442129310005771,-0.8051028961830892,0.1310339562625442,-0.5525116480315188,-0.9038831894923484
Roxburgh_Reef,2020,Concurrent,6.5200000000000005,27.593341999822755,10.312285713552315,18.223513262610496,-7.91122754905818,0.0,-0.7671652792417606,-0.7671652792417606,3,7.69,0.0,1,0,0,1,0,15.67,0.0,2,0,0,2,0,17.61,0.0,2,0,0,2,0,18.69,0.0,2,0,0,2,0,80.74579810982965,2.1266366495923235,12.593173720463083,43.32346982662351,,,,1.2242889463601994,-0.5427132168597143,-0.2511674387121489,-0.13473832539676134,-1.11217675768512,0.5383262628786161,0.9942219045662358,0.7449035291342772,-0.5525116480315188,-0.4984678332484502
Sand_bank_No_1,2020,Heatwave_Only,6.59,0.0,30.539685676381573,30.23796576252493,0.301719913856644,0.301719913856644,0.009879601154179,0.009879601154179,3,14.2,0.0,1,0,0,1,0,23.67,27.77976,2,1,0,2,1,23.67,60.37154432438496,2,2,0,2,2,23.67,60.37154432438496,2,2,0,2,2,59.576546641853824,4.2717413308823176,19.020784523109707,35.437385262514425,3.931730629881191,24.026944700949585,47.72967672391336,-0.07859610762270348,0.19227449805732907,0.4189681806804653,-0.5321322255514243,0.40175622917216125,0.5593184852007113,-0.8051028961830892,1.7965002278438842,1.257512149409926,-0.4984678332484502
Sand_bank_No_1,2021,Heatwave_Only,5.68,0.0,30.23796576252493,37.73820646132727,-7.500240698802344,0.0,-0.2480405182579338,-0.2480405182579338,1,9.07,0.0,1,0,0,1,0,30.26,0.0,3,0,0,2,0,30.26,60.37154432438496,3,2,0,2,2,30.26,60.37154432438496,3,2,0,2,2,61.11587296353592,4.7782442151642925,21.31416160617705,46.82247531042646,4.184379253882773,25.16468931539691,42.59645870820678,0.016143437644451454,0.45451874922336377,0.5772008427239455,0.041582816554890614,0.37917380477660295,0.28641959501347125,-0.8051028961830892,2.6627530084059226,-0.5525116480315188,-0.9038831894923484
Sand_bank_No_1,2022,Concurrent,6.390000000000001,19.857384,42.40032524616626,37.73820646132727,4.662118784838988,4.662118784838988,0.1099547882656991,0.1099547882656991,1,13.11,0.0,2,0,0,2,0,26.47,0.0,3,0,0,2,0,35.94,27.77976,4,1,0,2,1,35.94,60.37154432438496,4,2,0,2,2,47.72967672391336,3.931730629881191,25.3143124539936,56.85658672862616,4.184379253882773,24.48892186425689,53.12558411385662,-0.8077248524871139,0.9119300364390686,0.3127480583233207,0.5472196301914807,1.289473559274839,0.4993407071375818,0.48977046527607526,2.1645590723922465,-0.5525116480315188,-0.9038831894923484
Sand_bank_No_1,2024,Heatwave_Only,7.49,0.0,37.73820646132727,41.72627597778458,-3.988069516457308,0.0,-0.105677240399438,-0.105677240399438,2,14.0,19.857384,2,1,1,2,1,21.43,19.857384,3,1,1,3,1,34.79,19.857384,4,1,1,3,1,44.260000000000005,19.857384,5,1,1,3,1,53.12558411385662,3.9066418139588928,24.21511968458317,57.39991590373617,2.974609958407994,20.52409961085193,46.48445761113258,-0.4756277492112562,0.7862389816058086,0.3049102547212112,0.5745989587048284,0.9405342279724935,0.8292184864847948,-0.8051028961830892,1.502053152205194,0.7413201775469954,-0.7011755113703992
Sand_bank_No_1,2025,Heatwave_Only,8.13,0.0,42.20900881579413,41.72627597778458,0.4827328380095466,0.4827328380095466,0.0114367252762617,0.0114367252762617,1,15.81,19.857384,2,1,1,1,1,28.08,19.857384,4,1,1,3,1,30.56,19.857384,4,1,1,3,1,42.28,19.857384,5,1,1,3,1,44.34225558863526,4.184379253882773,28.727546297335568,60.31206203836404,,,,-1.0162074422176064,1.3022282389939677,0.3916760675765453,0.721347208847494,1.275154355847784,1.02114737628681,-0.8051028961830892,2.3761929080075546,0.7413201775469954,-0.9038831894923484
Slate_Reef,1996,Storm_Only,0.17,18.51984,38.1602823889309,39.74461649140635,-1.5843341024754451,0.0,-0.0415178820305326,-0.0415178820305326,10,1.61,0.0,0,0,0,0,0,1.61,0.0,0,0,0,0,0,2.55,0.0,0,0,0,0,0,2.55,0.0,0,0,0,0,0,29.926435661696765,0.3584873695528239,,19.70794079012774,1.5055035255592817,,29.53086454880563,-1.903445063827899,,-0.803541326705958,-1.324767054069031,0.9721247769769016,-1.3659681906257508,0.40255101605861854,-1.103277668847857,-0.5525116480315188,0.9204859136051936
Slate_Reef,2003,Storm_Only,0.15,27.295255775047657,41.80617630634234,41.93622203101182,-0.1300457246694861,0.0,-0.0031106821087045,-0.0031106821087045,10,2.9800000000000004,0.0,0,0,0,0,0,4.590000000000001,0.0,0,0,0,0,0,4.760000000000001,0.0,0,0,0,0,0,5.0600000000000005,0.0,0,0,0,0,0,28.91003546222394,2.7340311255781096,,19.57793903656489,0.6905891514393333,,29.72380974580507,-1.9660005410851686,,-0.06141601215910586,-1.3313180748519438,1.2450040930676802,-1.3719659684320635,0.9747841018889445,-0.7115578985785281,-0.5525116480315188,0.9204859136051936
Slate_Reef,2009,Storm_Only,3.06,42.338412,35.54958228481734,10.950684057441787,24.598898227375557,24.598898227375557,0.691960260750556,0.691960260750556,10,1.33,0.0,0,0,0,0,0,4.930000000000001,0.0,0,0,0,0,0,6.94,0.0,0,0,0,0,0,8.06,0.0,0,0,0,0,0,42.16680733889519,0.2463682276013019,10.490560605065602,36.2361507650565,3.8178364910882014,4.311380390957448,84.09060668962243,-1.1500978168766882,-0.7831438926567416,-0.8385676036484279,-0.49188100382234873,0.7767252192644717,-0.4992892976135272,1.9557281309694814,-0.6668650388833699,-0.5525116480315188,0.9204859136051936
Slate_Reef,2010,Storm_Only,0.77,29.117304,18.911000960122426,10.950684057441787,7.960316902680638,7.960316902680638,0.4209357780408629,0.4209357780408629,1,3.38,42.338412,0,1,0,0,1,4.390000000000001,42.338412,0,1,0,0,1,8.14,42.338412,0,1,0,0,1,10.0,42.338412,0,1,0,0,1,69.99406006744519,0.8386559697469144,2.173992780774062,51.02312934509366,3.8178364910882014,8.957697386042032,84.09060668962243,0.562561307054984,-1.7341310275050028,-0.6535355553743488,0.2532612834120876,-0.46860028812910465,-1.1860348564363619,1.0935974213969293,-0.7378478160462684,2.20609869510609,-0.9038831894923484
Slate_Reef,2017,Storm_Only,2.87,35.75358,17.653969041749072,30.68167717851909,-13.02770813677002,0.0,-0.7379478295198877,-0.7379478295198877,7,3.93,0.0,0,0,0,0,0,4.08,0.0,0,0,0,0,0,5.289999999999999,29.117304,0,1,0,0,1,8.35,71.455716,0,2,0,0,2,76.12190784893569,0.8833751292712398,25.38429520959232,41.52080774166025,1.2455543845534924,15.813175712826206,60.21563799605699,0.9397064933013672,0.9199324602323575,-0.6395651874347621,-0.22557769070927572,-0.5626836646508058,-0.5562681867735003,1.526340073283541,-0.7785971881212657,-0.5525116480315188,0.31236287923934625
Slate_Reef,2020,Concurrent,5.73,38.377224,30.68167717851909,43.09781589644353,-12.416138717924436,0.0,-0.4046760105610277,-0.4046760105610277,10,2.87,0.0,0,0,0,0,0,6.8,0.0,0,0,0,0,0,6.8,0.0,0,0,0,0,0,6.95,0.0,0,0,0,0,0,60.21563799605699,1.2455543845534924,15.813175712826206,48.01963904698949,1.373591669949736,18.32317134446148,47.56994973866565,-0.03926252160618207,-0.17451078845182047,-0.5264195579059642,0.10191003756412377,0.41238367606768095,0.3014140395292539,1.6974243775177829,-0.4210543105599994,-0.5525116480315188,0.9204859136051936
Slate_Reef,2022,Heatwave_Only,5.63,0.0,43.09781589644353,37.66785135522074,5.429964541222788,5.429964541222788,0.1259916408355828,0.1259916408355828,2,5.73,38.377224,1,1,1,1,1,8.600000000000001,38.377224,1,1,1,1,1,12.53,38.377224,1,1,1,1,1,12.53,38.377224,1,1,1,1,1,47.56994973866565,0.8869749795868794,18.5653974098564,36.3715750753009,1.373591669949736,14.131223831952001,42.3107774665181,-0.8175554268988641,0.1402016604121342,-0.6384405859446656,-0.4850567307136494,1.3416777034268188,0.2714251504976889,-0.8051028961830892,-0.18444505335033767,1.948002709174625,-0.7011755113703992
Slate_Reef,2024,Heatwave_Only,8.61,0.0,46.87585057604239,37.66785135522074,9.207999220821648,9.207999220821648,0.1964337522981979,0.1964337522981979,2,6.85,0.0,1,0,0,1,0,12.58,38.377224,2,1,1,1,1,15.45,38.377224,2,1,1,1,1,18.46,38.377224,2,1,1,1,1,42.3107774665181,1.373591669949736,14.117609768168656,34.0410015006035,0.947858444407988,15.078250766550433,52.69824626024122,-1.141237015738601,-0.3683962269792853,-0.4864204164641759,-0.6024984998092394,1.6244471813353114,1.1650940436383206,-0.8051028961830892,0.3387243042576915,1.948002709174625,-0.7011755113703992
Small_Lagoon_Reef,2009,Storm_Only,0.15,42.338412,12.98109731378558,12.144771629785186,0.8363256840003945,0.8363256840003945,0.0644264243449002,0.0644264243449002,15,1.66,0.0,0,0,0,0,0,5.11,0.0,0,0,0,0,0,5.11,0.0,0,0,0,0,0,5.11,0.0,0,0,0,0,0,85.15223536749826,0.8324137772979393,15.744366398296805,51.95289487764925,0.5339777738891331,18.16187733271085,80.27240356557532,1.4954880132244563,-0.182379031007849,-0.6554856306036129,0.3001138308591724,-0.9124278070179396,-1.3719659684320635,1.9557281309694814,-0.6432041131624038,-0.5525116480315188,1.934024304214939
Small_Lagoon_Reef,2020,Heatwave_Only,6.17,0.0,52.90537820351282,10.306595179169324,42.59878302434349,42.59878302434349,0.8051881391052037,0.8051881391052037,11,1.24,0.0,0,0,0,0,0,2.15,0.0,0,0,0,0,0,2.15,0.0,0,0,0,0,0,2.15,0.0,0,0,0,0,0,46.33881374557334,0.6761806155709554,27.741341040947304,35.81647452539452,,,,-0.8933270566726844,1.1894571378666992,-0.7042932284410373,-0.5130292398481894,2.0757311222851795,0.43336515126813896,-0.8051028961830892,-1.0322948916849584,-0.5525116480315188,1.1231935917271427
Small_Lagoon_Reef,2024,Heatwave_Only,8.69,0.0,10.306595179169324,9.901715067216994,0.4048801119523304,0.4048801119523304,0.0392835951072022,0.0392835951072022,4,0.49,0.0,0,0,0,0,0,6.66,0.0,1,0,0,1,0,7.9,0.0,1,0,0,1,0,8.23,0.0,1,0,0,1,0,,,,,,,,,,,,-1.1126026694548525,1.1890851548635726,-0.8051028961830892,-0.4394572527874175,-0.5525116480315188,-0.29576015512650106
Snake_Reef,1994,Storm_Only,0.16,25.156116,30.5208139485699,16.353045745426723,14.167768203143176,14.167768203143176,0.464200208651612,0.464200208651612,2,1.18,22.481028,0,1,0,0,1,1.76,22.481028,0,1,0,0,1,1.76,22.481028,0,1,0,0,1,1.76,22.481028,0,1,0,0,1,60.89578868740095,0.1324710785071399,,,1.1631164591463594,,68.33881307894487,0.0025981068411079704,,-0.8741493340977636,,0.4003437623545975,-1.3689670795289073,0.8352936679452306,-1.0835602307470518,0.9122668695275762,-0.7011755113703992
Snake_Reef,2009,Storm_Only,0.33,42.338412,53.300716366703135,27.63804053491198,25.662675831791155,25.662675831791155,0.4814696233205335,0.4814696233205335,15,2.6,0.0,0,0,0,0,0,5.42,0.0,0,0,0,0,0,9.08,0.0,0,0,0,0,0,9.08,0.0,0,0,0,0,0,38.15295553679186,1.0811691991060202,29.12953715841116,30.191671566505185,2.126596327601965,6.905488758130371,68.08096480720958,-1.3971347765809048,1.3481952947898517,-0.577773866639543,-0.7964731171314208,2.105320465815107,-1.317985968175247,1.9557281309694814,-0.6024547410874066,-0.5525116480315188,1.934024304214939
Snake_Reef,2020,Heatwave_Only,4.86,0.0,54.34534563434492,21.55571530669517,32.78963032764975,32.78963032764975,0.6033567354280936,0.6033567354280936,11,3.39,0.0,0,0,0,0,0,4.91,0.0,0,0,0,0,0,5.35,0.0,0,0,0,0,0,5.66,0.0,0,0,0,0,0,41.36373201723759,1.4439486039580662,26.167141954499243,25.849196956347985,3.509306122741739,14.980976291953064,42.183163510790045,-1.1995239779949987,1.0094498186779663,-0.46444074900949295,-1.0152981763384703,2.183506426948307,0.040510704954639834,-0.8051028961830892,-0.669494030630144,-0.5525116480315188,1.1231935917271427
Snake_Reef,2024,Heatwave_Only,7.58,0.0,21.55571530669517,21.887766023277504,-0.3320507165823336,0.0,-0.0154043005234532,-0.0154043005234532,4,1.31,0.0,0,0,0,0,0,6.17,0.0,1,0,0,1,0,9.56,0.0,1,0,0,1,0,9.92,0.0,1,0,0,1,0,72.22661556256654,3.509306122741739,18.7185066587467,56.10131421873552,1.981683492425236,14.830581405631897,70.94405935567623,0.6999664104513552,0.15770947481312622,0.18078167402160886,0.5091600981201362,-0.27065491218118476,0.8562084866132031,-0.8051028961830892,-0.503867550583381,-0.5525116480315188,-0.29576015512650106
St_Crispin_Reef,1999,Storm_Only,0.49,19.857384,22.82942357129281,20.499286146615937,2.330137424676874,2.330137424676874,0.1020672912480777,0.1020672912480777,10,1.33,0.0,0,0,0,0,0,5.79,0.0,0,0,0,0,0,5.79,0.0,0,0,0,0,0,6.41,0.0,0,0,0,0,0,30.54150309983656,1.93725741879808,,32.987360314368026,2.459906099053045,,33.06898758626421,-1.8655900563631254,,-0.3103299445028117,-0.6555933629137164,-0.175323383613467,-1.2700037457247433,0.48977046527607526,-0.5538183937720873,-0.5525116480315188,0.9204859136051936
St_Crispin_Reef,2014,Storm_Only,0.0,19.993910025930884,15.423974711431107,13.94078165905704,1.4831930523740675,1.4831930523740675,0.096161532946163,0.096161532946163,15,3.33,0.0,0,0,0,0,0,5.45,0.0,0,0,0,0,0,5.45,0.0,0,0,0,0,0,5.45,0.0,0,0,0,0,0,69.12793790326303,1.7406366505523574,15.118628273567843,67.89899704341481,2.495874786131672,25.11450215294879,58.88016526989571,0.5092548581073982,-0.25393125290679214,-0.37175472319219544,1.1036664278930075,-0.7295890495928683,-1.416949301979411,0.4986731442051721,-0.5985112534672455,-0.5525116480315188,1.934024304214939
St_Crispin_Reef,2016,Heatwave_Only,5.82,0.0,16.232232884299126,12.848689308633146,3.38354357566598,3.38354357566598,0.2084459728851453,0.2084459728851453,2,3.01,22.29599308732585,0,1,0,0,1,4.73,22.29599308732585,0,1,0,0,1,6.85,22.29599308732585,0,1,0,0,1,6.85,22.29599308732585,0,1,0,0,1,58.88016526989571,0.7123239563468678,24.08222429425836,77.48862182636773,3.371993482655686,17.59841558305929,77.67816425151499,-0.12145567130490896,0.771042591802988,-0.6930019659357414,1.5869047653134989,-0.6690944377272544,0.3284040396576622,-0.8051028961830892,-0.6931549563511101,0.9002106964253713,-0.7011755113703992
St_Crispin_Reef,2017,Heatwave_Only,8.58,0.0,20.7158987200523,12.848689308633146,7.8672094114191555,7.8672094114191555,0.3797667442641027,0.3797667442641027,1,7.220000000000001,22.29599308732585,1,1,0,1,1,8.98,22.29599308732585,1,1,0,1,1,11.5,22.29599308732585,1,1,0,1,1,12.67,22.29599308732585,1,1,0,1,1,49.33216301411262,2.271994171914465,30.82981104430392,55.27794714955885,3.371993482655686,16.39521105279282,78.545332975072,-0.7090980569260344,1.5426190793803678,-0.20575741555367744,0.46766915946495385,-0.3335115341773361,1.1560973769288514,-0.8051028961830892,-0.1344942101616315,0.9002106964253713,-0.9038831894923484
St_Crispin_Reef,2020,Heatwave_Only,6.34,0.0,16.85247696649068,20.247070184707127,-3.394593218216446,0.0,-0.2014299277765651,-0.2014299277765651,3,9.24,0.0,1,0,0,1,0,16.46,0.0,2,0,0,2,0,18.07,22.29599308732585,2,1,0,2,1,18.22,22.29599308732585,2,1,0,2,1,72.75787130491995,3.371993482655686,16.612952742039404,61.81186965677277,1.5899082621555962,21.26699215733146,56.73286565717196,0.7326631341688629,-0.08305747723040874,0.137884890513978,0.7969251961383843,-0.6226718635131501,0.48434626262179914,-0.8051028961830892,0.8487487031318509,-0.5525116480315188,-0.4984678332484502
St_Crispin_Reef,2022,Heatwave_Only,4.5,0.0,27.83659502855628,33.07086898582612,-5.234273957269835,0.0,-0.188035711691758,-0.188035711691758,2,7.6,0.0,1,0,0,1,0,16.18,0.0,2,0,0,1,0,23.4,0.0,3,0,0,2,0,23.4,22.29599308732585,3,1,0,2,1,56.73286565717196,1.3373836308703515,14.2571739079376,51.58181748797147,1.9304962108809147,19.835217186675713,44.323753230873294,-0.25361360688771867,-0.3524372756173108,-0.4977318908677763,0.28141457777046,0.19944164075603704,-0.06744929555899365,-0.8051028961830892,0.8119428186770146,-0.5525116480315188,-0.7011755113703992
St_Crispin_Reef,2024,Concurrent,5.87,18.51984,36.17623758090021,23.338841326065403,12.837396254834804,12.837396254834804,0.3548571414074443,0.3548571414074443,2,5.56,0.0,1,0,0,1,0,12.56,0.0,2,0,0,1,0,21.14,0.0,3,0,0,1,0,26.96,0.0,4,0,0,2,0,44.323753230873294,1.5899082621555962,24.27917806689718,42.40620081570707,1.6114633769062456,17.993733338328866,49.10207354883684,-1.0173461903414112,0.7935639621442806,-0.41884261722334876,-0.1809611507768079,0.8236276449777153,0.34339848417344454,0.40255101605861854,0.33609531251091757,-0.5525116480315188,-0.7011755113703992
St_Crispin_Reef,2025,Heatwave_Only,5.34,0.0,38.84654332896981,23.338841326065403,15.507702002904406,15.507702002904406,0.3992041678349161,0.3992041678349161,1,10.83,18.51984,2,1,1,1,1,17.77,18.51984,3,1,1,1,1,18.43,18.51984,3,1,1,1,1,27.01,18.51984,4,1,1,1,1,43.0774225197022,1.9304962108809147,17.232740154801093,105.19828117020782,,,,-1.0940529958872365,-0.012185710375376258,-0.31244216135401315,2.983244039776977,1.023488426117464,0.18445737230615086,-0.8051028961830892,1.020947662545549,0.6541708835961109,-0.9038831894923484
Taylor_Reef,2011,Storm_Only,1.2,41.000868,17.413693914590006,20.425034053991663,-3.011340139401657,0.0,-0.1729294286537686,-0.1729294286537686,10,2.52,0.0,0,0,0,0,0,2.66,0.0,0,0,0,0,0,5.48,0.0,0,0,0,0,0,5.48,0.0,0,0,0,0,0,73.16560834609719,2.83763889702162,25.90523360794832,64.36042970694648,2.4943438600171954,30.608494204728963,74.96298400714043,0.7577577624654125,0.9795009896247352,-0.029048706872898674,0.9253516934557269,-0.5806672137770356,-1.057082633600633,1.8685086817520247,-0.965255602142221,-0.5525116480315188,0.9204859136051936
Taylor_Reef,2017,Heatwave_Only,7.61,0.0,62.855817851787045,3.373383081067248,59.4824347707198,59.4824347707198,0.9463314105780688,0.9463314105780688,10,4.57,0.0,0,0,0,0,0,6.880000000000001,0.0,0,0,0,0,0,9.48,0.0,0,0,0,0,0,10.14,0.0,0,0,0,0,0,25.912403168537608,1.6350299085619882,36.72784496663034,34.489741986575766,1.210647397158546,7.1037933784026634,91.1030042489904,-2.150493144363496,2.2170504673680997,-0.40474651145923374,-0.5798856644499265,2.8204782892437468,0.8652051533226727,-0.8051028961830892,-0.4105383435729032,-0.5525116480315188,0.9204859136051936
Taylor_Reef,2020,Heatwave_Only,5.84,0.0,3.373383081067248,4.3642163448547695,-0.9908332637875216,0.0,-0.2937209442202005,-0.2937209442202005,3,7.77,0.0,1,0,0,1,0,12.34,0.0,1,0,0,1,0,14.21,0.0,1,0,0,1,0,14.65,0.0,1,0,0,1,0,91.1030042489904,1.210647397158546,5.86356618887948,43.25328159472991,1.2714493036721066,12.784050032113242,79.62960957042908,1.8617346822260226,-1.3122338076040272,-0.5373245807811066,-0.13827523588642293,-1.6315234659726148,0.334401817463975,-0.8051028961830892,0.3071764032964033,-0.5525116480315188,-0.4984678332484502
Taylor_Reef,2022,Heatwave_Only,5.38,0.0,4.3642163448547695,8.222318546795194,-3.858102201940424,0.0,-0.8840309226395174,-0.8840309226395174,2,5.84,22.481028,1,1,1,1,1,13.61,22.481028,2,1,1,1,1,18.18,22.481028,2,1,1,1,1,18.18,22.481028,2,1,1,1,1,85.55950389213857,0.7205497166116762,8.344020567925847,35.58706743583188,3.759625543057774,16.876799352199168,80.14221311519695,1.5205538061512505,-1.0285975464818409,-0.6904322195741245,-0.5245894732318556,-1.5573639019515364,0.1964529279187768,-0.8051028961830892,0.47411737921655334,0.9122668695275762,-0.7011755113703992
Taylor_Reef,2024,Heatwave_Only,4.6000000000000005,0.0,8.222318546795194,12.44018529869363,-4.217866751898436,0.0,-0.5129777845377239,-0.5129777845377239,2,5.87,0.0,1,0,0,1,0,11.71,22.481028,2,1,1,1,1,19.48,22.481028,3,1,1,1,1,21.8,22.481028,3,1,1,1,1,80.14221311519695,1.2714493036721066,13.239176161861517,48.6601922479727,2.405284860250393,18.16932747531618,70.59203937457333,1.1871406386127603,-0.4688438005536179,-0.5183299258175951,0.1341886585611369,-1.2686017179378806,-0.03746040652742866,-0.8051028961830892,0.2243631632730219,0.9122668695275762,-0.7011755113703992
Taylor_Reef,2025,Heatwave_Only,5.76,0.0,12.44018529869363,14.041346200117315,-1.601160901423686,0.0,-0.1287087662264827,-0.1287087662264827,1,10.47,0.0,2,0,0,1,0,16.31,22.481028,3,1,1,1,1,16.47,22.481028,3,1,1,1,1,24.08,22.481028,4,1,1,1,1,73.44914368605686,3.759625543057774,19.2218944194198,67.87083560056749,,,,0.7752082593461478,0.21527111494572182,0.2589820347045235,1.102247322440092,-0.952912720755741,0.31041070623872313,-0.8051028961830892,0.8290312650310455,0.9122668695275762,-0.9038831894923484
Tern_Island,2015,Storm_Only,2.35,38.59638811474957,15.916999625197848,14.538912014551231,1.378087610646617,1.378087610646617,0.0865796094174053,0.0865796094174053,8,4.470000000000001,0.0,0,0,0,0,0,8.16,0.0,0,0,0,0,0,9.24,0.0,0,0,0,0,0,16.61,0.0,1,0,0,1,0,57.51310421522907,0.5974134145726973,14.4878595167853,46.11732779343513,3.4662853225425927,14.01154774903061,43.49526722652972,-0.20559295970651822,-0.3260587200828962,-0.7289002825811864,0.006049172490649054,-0.6926882772906662,-0.7122104097376375,1.711715775316053,-0.24228287177936622,-0.5525116480315188,0.5150705573612954
Tern_Island,2017,Heatwave_Only,4.01,0.0,27.734407276595192,14.538912014551231,13.19549526204396,13.19549526204396,0.475780683915301,0.475780683915301,10,6.65,0.0,0,0,0,0,0,8.77,0.0,0,0,0,0,0,12.46,0.0,0,0,0,0,0,12.91,0.0,0,0,0,0,0,43.49526722652972,3.4662853225425927,20.14124373866684,41.04231431263255,1.400095908592942,9.766432260143079,73.92722361175926,-1.068336280100899,0.3203973393097875,0.16734187742814677,-0.24968983006232087,0.19179333158970935,-0.21439485181366139,-0.8051028961830892,-0.16209862350275878,-0.5525116480315188,0.9204859136051936
Tern_Island,2019,Heatwave_Only,4.84,0.0,14.538912014551231,20.433693276548336,-5.894781261997105,0.0,-0.405448582128933,-0.405448582128933,2,8.23,0.0,1,0,0,1,0,12.93,0.0,1,0,0,1,0,15.05,0.0,1,0,0,1,0,17.43,0.0,1,0,0,1,0,73.92722361175926,0.3702768161090958,7.881851759394379,48.01596781624143,1.400095908592942,11.65101276089178,69.60660486025006,0.804632218466724,-1.081445860873964,-0.7998582765782913,0.10172503768319685,-0.7958321463183801,0.034512927148326725,-0.8051028961830892,0.3847316598262368,-0.5525116480315188,-0.7011755113703992
Tern_Island,2020,Heatwave_Only,8.11,0.0,14.538912014551231,20.433693276548336,-5.894781261997105,0.0,-0.405448582128933,-0.405448582128933,1,11.12,0.0,2,0,0,1,0,15.419999999999998,0.0,2,0,0,1,0,18.43,0.0,2,0,0,1,0,19.89,0.0,2,0,0,1,0,73.92722361175926,0.3702768161090958,7.881851759394379,48.01596781624143,3.193988830706314,14.188120420169636,60.663885736026266,0.804632218466724,-1.081445860873964,-0.7998582765782913,0.10172503768319685,-0.7958321463183801,1.0151495984804966,-0.8051028961830892,0.7120411322996016,-0.5525116480315188,-0.9038831894923484
Tern_Island,2022,Heatwave_Only,5.0,0.0,20.433693276548336,4.475354712083805,15.958338564464531,15.958338564464531,0.7809816046705492,0.7809816046705492,2,16.13,0.0,2,0,0,2,0,22.41,0.0,3,0,0,2,0,26.71,0.0,3,0,0,2,0,29.06,0.0,3,0,0,2,0,69.60660486025006,1.400095908592942,11.65101276089178,50.927507414094094,3.193988830706314,12.853179344428753,60.663885736026266,0.5387149467192845,-0.6504479182940681,-0.4781404315596567,0.24844272335337622,-0.354633385269244,0.0824951495988305,-0.8051028961830892,1.630873747797121,-0.5525116480315188,-0.7011755113703992
Tern_Island,2024,Heatwave_Only,7.54,0.0,25.18642928735211,4.475354712083805,20.711074575268302,20.711074575268302,0.8223108698329383,0.8223108698329383,2,8.98,0.0,1,0,0,1,0,21.93,0.0,3,0,0,2,0,28.21,0.0,4,0,0,2,0,30.16,0.0,4,0,0,2,0,60.663885736026266,3.193988830706314,14.188120420169636,69.11641652646617,0.6343268652450957,13.401750498898732,81.37771640786663,-0.011674617434366477,-0.3603334390192284,0.08227582922699053,1.1650143721815949,0.001088251609581401,0.8442129310005771,-0.8051028961830892,1.5677779458745444,-0.5525116480315188,-0.7011755113703992
Thetford_Reef,1990,Storm_Only,0.0,21.760466282362053,32.88647713591931,17.438747105917958,15.447730030001347,15.447730030001347,0.4697289395320793,0.4697289395320793,10,1.23,0.0,0,0,0,0,0,1.23,0.0,0,0,0,0,0,1.23,0.0,0,0,0,0,0,1.23,0.0,0,0,0,0,0,,,,,,,,,,,,0.5774033716817302,-1.416949301979411,0.61386790691771,-1.153228512036563,-0.5525116480315188,0.9204859136051936
Thetford_Reef,1991,Storm_Only,0.0,20.31405414732738,32.88647713591931,15.476507072507422,17.409970063411883,17.409970063411883,0.529396018657053,0.529396018657053,10,1.23,0.0,0,0,0,0,0,1.23,0.0,0,0,0,0,0,1.23,0.0,0,0,0,0,0,1.23,0.0,0,0,0,0,0,,,,,1.2285885806302332,,63.67285291968775,,,,,0.5774033716817302,-1.416949301979411,0.5195493127188128,-1.153228512036563,-0.5525116480315188,0.9204859136051936
Thetford_Reef,2006,Storm_Only,0.77,24.53324895423199,8.324947106042343,11.07431017313302,-2.749363067090677,0.0,-0.3302559201961965,-0.3302559201961965,10,2.48,0.0,0,0,0,0,0,5.74,0.0,0,0,0,0,0,7.0600000000000005,0.0,0,0,0,0,0,7.21,0.0,0,0,0,0,0,75.36162776258683,0.3094485909389431,,57.51139257115787,5.041439583189951,11.507100366437186,64.70167717142677,0.8929142123913294,,-0.8188611535504492,0.5802164672774057,-1.2609204162617673,-1.1860348564363619,0.7946773437962006,-0.5603908731390222,-0.5525116480315188,0.9204859136051936
Thetford_Reef,2010,Storm_Only,1.24,18.51984,30.584156304595368,19.036148378178712,11.548007926416656,11.548007926416656,0.3775813794373504,0.3775813794373504,10,2.8000000000000003,0.0,0,0,0,0,0,4.23,0.0,0,0,0,0,0,6.050000000000001,0.0,0,0,0,0,0,7.96,0.0,0,0,0,0,0,46.91325071606467,1.132586323286154,14.857199688224869,56.409572640633954,2.920721806539424,16.875357771160832,60.28129190244411,-0.8579726963902454,-0.2838252219809791,-0.5617110391885675,0.5246937911128869,0.40508466244202535,-1.045087077988007,0.40255101605861854,-0.7588797500204605,-0.5525116480315188,0.9204859136051936
Thetford_Reef,2011,Storm_Only,1.4,21.73302444896565,34.87300120067934,19.036148378178712,15.836852822500628,15.836852822500628,0.4541293343628858,0.4541293343628858,10,4.04,0.0,0,0,0,0,0,4.8100000000000005,0.0,0,0,0,0,0,7.290000000000001,0.0,0,0,0,0,0,7.29,0.0,0,0,0,0,0,41.45670235948511,1.9635297206828448,19.208289009352143,73.84719298630995,2.920721806539424,19.39082812175767,61.222517260085866,-1.1938020151962097,0.2137153565833736,-0.3021224171732695,1.403406655811586,0.7260860652732283,-0.9971048555375034,0.6120784617896609,-0.682638989364014,-0.5525116480315188,0.9204859136051936
Thetford_Reef,2017,Heatwave_Only,10.88,0.0,30.239679241872828,12.306932284940435,17.93274695693239,17.93274695693239,0.5930204091616471,0.5930204091616471,10,5.69,0.0,0,0,0,0,0,8.81,0.0,0,0,0,0,0,11.45,0.0,0,0,0,0,0,14.11,0.0,0,0,0,0,0,46.29515905932836,2.559209453138504,30.910540615174853,47.68401700272557,4.730948842143742,11.317865936769676,74.19918147116469,-0.8960138327417833,1.5518503854818866,-0.11603070335129284,0.08499744271890373,0.3793020512596828,1.8458418246548427,-0.8051028961830892,-0.1568406400092106,-0.5525116480315188,0.9204859136051936
Thetford_Reef,2020,Heatwave_Only,6.23,0.0,16.63595145487427,15.86055546239318,0.7753959924810907,0.7753959924810907,0.046609657078189,0.046609657078189,3,11.73,0.0,1,0,0,1,0,17.419999999999998,0.0,1,0,0,1,0,20.22,0.0,1,0,0,1,0,20.54,0.0,1,0,0,1,0,68.86761454497137,4.636744092639425,15.765360545478456,73.56857541777504,4.679690453052814,14.192524550388365,61.69039360795823,0.4932329683757785,-0.1799783815694417,0.532995880103982,1.389366618412595,-0.6388778571225424,0.451358484687078,-0.8051028961830892,0.9749403069770034,-0.5525116480315188,-0.4984678332484502
Thetford_Reef,2022,Heatwave_Only,4.6000000000000005,0.0,20.84985701879186,20.704742317266387,0.1451147015254719,0.1451147015254719,0.0069599854519232,0.0069599854519232,2,7.53,0.0,1,0,0,1,0,18.56,0.0,2,0,0,1,0,24.25,0.0,2,0,0,1,0,24.25,0.0,2,0,0,1,0,61.69039360795823,3.464933249730684,11.970845944171854,44.80284666555698,4.679690453052814,19.193082981048093,57.91578293330552,0.05150294773174996,-0.6138754704979333,0.16691948678251753,-0.06018988161036577,-0.3234853376469971,-0.03746040652742866,-0.8051028961830892,1.1247928365431223,-0.5525116480315188,-0.7011755113703992
Thetford_Reef,2024,Heatwave_Only,7.34,0.0,22.644295942164547,20.857183958615693,1.7871119835488545,1.7871119835488545,0.078921066396292,0.078921066396292,2,5.8500000000000005,0.0,1,0,0,1,0,12.78,0.0,2,0,0,1,0,23.81,0.0,3,0,0,1,0,27.200000000000003,0.0,3,0,0,1,0,57.91578293330552,4.679690453052814,14.348945384362574,65.88609511249852,3.009232259046456,19.993802341017044,59.97621256948905,-0.18080965151385642,-0.34194334407366767,0.5464124215377443,1.0022327008700658,-0.18917938216152544,0.7842351529374475,-0.8051028961830892,0.36501422172543163,-0.5525116480315188,-0.7011755113703992
Thetford_Reef,2025,Heatwave_Only,6.72,0.0,22.09710952033732,20.857183958615693,1.239925561721627,1.239925561721627,0.0561125680524164,0.0561125680524164,1,12.59,0.0,2,0,0,1,0,19.42,0.0,3,0,0,1,0,20.270000000000003,0.0,3,0,0,1,0,31.15,0.0,4,0,0,1,0,58.67124887028449,3.593804821324402,23.23650121776466,113.41921118078405,,,,-0.13431366276469925,0.6743354185577177,0.20717926114472762,3.3975114006254565,-0.23013390797734717,0.5983040409417455,-0.8051028961830892,1.2378394816544056,-0.5525116480315188,-0.9038831894923484
Turner_Cay,2009,Storm_Only,1.21,42.338412,12.22991905089521,19.65123161120048,-7.421312560305269,0.0,-0.6068161636574398,-0.6068161636574398,15,1.82,0.0,0,0,0,0,0,5.38,0.0,0,0,0,0,0,9.24,0.0,0,0,0,0,0,9.38,0.0,0,0,0,0,0,50.69429949178407,2.808988168337275,19.713216714605657,51.87455789709679,0.913777050548356,9.646617971536363,61.41871574120946,-0.6252638570759469,0.27145308708344945,-0.0379992601864028,0.29616629035602315,-0.9686502356686665,-1.0540837446974765,1.9557281309694814,-0.6077127245809546,-0.5525116480315188,1.934024304214939
Turner_Cay,2020,Heatwave_Only,6.0,0.0,6.849555129561584,6.696683579140252,0.1528715504213318,0.1528715504213318,0.0223184641235403,0.0223184641235403,11,1.4,0.0,0,0,0,0,0,2.02,0.0,0,0,0,0,0,2.02,0.0,0,0,0,0,0,2.02,0.0,0,0,0,0,0,63.374154133613416,1.364083951858792,18.804747416145407,40.40494652430348,2.7050293201761555,25.427611009575145,74.0670766065825,0.1551318562305304,0.16757097687966235,-0.48939064938915067,-0.281807932420719,-1.371347094225491,0.3823840399144788,-0.8051028961830892,-1.0493833380389894,-0.5525116480315188,1.1231935917271427
Turner_Cay,2024,Heatwave_Only,9.27,0.0,10.239683580251995,13.084555999175969,-2.8448724189239734,0.0,-0.2778281571522898,-0.2778281571522898,4,1.11,0.0,0,0,0,0,0,7.11,0.0,1,0,0,1,0,8.51,0.0,1,0,0,1,0,8.67,0.0,1,0,0,1,0,52.59571651535621,2.605627341140939,30.52214684627536,70.30211661824103,2.1242260263439565,16.693612197029772,78.33021596512049,-0.5082390380761623,1.5074381369098488,-0.10152964874135999,1.2247639196349178,-1.117610711862204,1.3630207112466486,-0.8051028961830892,-0.3803049384850021,-0.5525116480315188,-0.29576015512650106
Wade_Reef,2009,Storm_Only,0.6,42.338412,38.83636884406105,21.87323859846856,16.963130245592488,16.963130245592488,0.4367846621733414,0.4367846621733414,4,2.25,0.0,0,0,0,0,0,19.92,0.0,2,0,0,2,0,19.92,0.0,2,0,0,2,0,19.92,0.0,2,0,0,2,0,44.65198285738163,1.0021697046194835,21.03889941503285,48.66611018582486,0.4873999230696558,26.1172170328272,40.566818711015294,-0.9971449340381814,0.4230429279448217,-0.6024534897978879,0.13448687402976708,1.0227269101363712,-1.237015967790022,1.9557281309694814,1.303564275323756,-0.5525116480315188,-0.29576015512650106
Wade_Reef,2020,Heatwave_Only,6.41,0.0,3.54026483585589,2.248662413223785,1.291602422632105,1.291602422632105,0.3648321474570839,0.3648321474570839,9,2.91,0.0,0,0,0,0,0,3.57,0.0,0,0,0,0,0,5.55,0.0,0,0,0,0,0,6.210000000000001,0.0,0,0,0,0,0,79.81745905508636,0.8890469482638154,7.883224670513119,46.35392088707765,5.042707685731447,20.985516922732778,78.09321588468116,1.1671532898971746,-1.0812888705338628,-0.6377932981806738,0.01797152146724536,-1.619033091829451,0.5053384849438947,-0.8051028961830892,-0.8456364776640031,-0.5525116480315188,0.7177782354832445
Wade_Reef,2021,Heatwave_Only,12.45,0.0,2.248662413223785,6.984299339923174,-4.735636926699389,0.0,-2.105979492008391,-1.0,1,8.25,0.0,1,0,0,1,0,9.69,0.0,1,0,0,1,0,9.98,0.0,1,0,0,1,0,11.96,0.0,1,0,0,1,0,83.37741273654693,3.328509999618196,9.147719116741584,52.047824694530384,5.042707685731447,21.416445290209584,78.09321588468116,1.386254586485905,-0.936695815338911,0.12430055074126693,0.3048975140500746,-1.715703920365044,2.3166673824504103,-0.8051028961830892,-0.041165003151154005,-0.5525116480315188,-0.9038831894923484
Wade_Reef,2024,Heatwave_Only,9.33,0.0,8.98056067818521,14.239840379719848,-5.259279701534638,0.0,-0.5856293264974,-0.5856293264974,3,14.73,0.0,1,0,0,1,0,21.44,0.0,2,0,0,2,0,24.05,0.0,2,0,0,2,0,24.42,0.0,2,0,0,2,0,73.45806859956046,5.042707685731447,24.76362532271549,75.39250150493977,4.051487923040186,21.69172622124521,69.88188156572896,0.7757575530436377,0.848959783777588,0.6598198371259634,1.4812775148124377,-1.2118505894267622,1.3810140446655876,-0.8051028961830892,1.5033676480785811,-0.5525116480315188,-0.4984678332484502
Wade_Reef,2025,Heatwave_Only,14.33,0.0,14.239840379719848,18.8237685019782,-4.583928122258353,0.0,-0.3219086731327908,-0.3219086731327908,1,11.61,0.0,1,0,0,1,0,30.47,0.0,3,0,0,2,0,32.31,0.0,3,0,0,2,0,33.379999999999995,0.0,3,0,0,2,0,66.78718537023323,5.012311222515856,22.278302025163207,50.8417443452616,,,,0.36519064804448287,0.564766769081382,0.6503239123433672,0.2441209689852214,-0.8182163585372814,2.8804584962438287,-0.8051028961830892,2.69035742174705,-0.5525116480315188,-0.9038831894923484
Wreck_Island,1994,Storm_Only,0.0,18.66072077154937,13.847044851766018,42.330052553719625,-28.483007701953607,0.0,-2.0569737447135483,-1.0,2,3.08,18.51984,0,1,0,0,1,3.25,18.51984,0,1,0,0,1,3.25,18.51984,0,1,0,0,1,3.25,18.51984,0,1,0,0,1,84.16836258329195,2.7172827201529466,,,8.785166971638413,,45.34152606603003,1.4349344718060397,,-0.06664825240422091,,-0.8476153968690545,-1.416949301979411,0.4117376621053031,-0.8877003456123874,0.6541708835961109,-0.7011755113703992
Wreck_Island,2020,Heatwave_Only,6.48,0.0,67.79791363105726,58.88581794348987,8.912095687567387,8.912095687567387,0.1314508841092845,0.1314508841092845,26,2.84,0.0,0,0,0,0,0,3.88,0.0,0,0,0,0,0,3.88,0.0,0,0,0,0,0,3.88,0.0,0,0,0,0,0,29.3921648358474,0.4390807977529791,25.68571078594848,49.147392270020006,1.621456818042914,11.964510161448871,23.87712612970686,-1.9363273542022785,0.9543988821282193,-0.778363755001902,0.1587395387023377,3.190372681908872,0.5263307072659901,-0.8051028961830892,-0.8048871055890059,-0.5525116480315188,4.163808763556379
Wreck_Island,2024,Heatwave_Only,11.64,0.0,58.88581794348987,14.374392023162123,44.51142592032775,44.51142592032775,0.7558938208694563,0.7558938208694563,4,1.59,0.0,0,0,0,0,0,8.07,0.0,1,0,0,1,0,10.91,0.0,1,0,0,1,0,10.91,0.0,1,0,0,1,0,39.303100884266726,1.621456818042914,10.114518519548373,58.43431636961496,6.341149510727237,2.0396070176060745,69.20608723657034,-1.3263478058937328,-0.8261437446442239,-0.4089867760493058,0.6267242475114178,2.5233410481729073,2.0737573812947354,-0.8051028961830892,-0.25411333463984925,-0.5525116480315188,-0.29576015512650106
Yonge_Reef,2014,Storm_Only,0.29,41.000868,21.89114874206956,7.237340921996596,14.653807820072965,14.653807820072965,0.6693941918137829,0.6693941918137829,24,4.57,0.0,0,0,0,0,0,10.27,0.0,0,0,0,0,0,12.35,0.0,0,0,0,0,0,12.79,0.0,0,0,0,0,0,80.42952211638263,2.349473122359973,25.2264433763392,57.832049323415845,5.172566759946124,22.986976063277318,86.0519253169651,1.2048233896578715,0.9018823383783081,-0.18155281383910457,0.5963749343030659,-0.2455491772057876,-1.329981523787873,1.8685086817520247,0.0350757575052925,-0.5525116480315188,3.758393407312481
Yonge_Reef,2015,Storm_Only,1.37,29.117304,21.89114874206956,7.237340921996596,14.653807820072965,14.653807820072965,0.6693941918137829,0.6693941918137829,25,2.18,0.0,0,0,0,0,0,7.640000000000001,0.0,0,0,0,0,0,11.49,0.0,0,0,0,0,0,12.64,0.0,0,0,0,0,0,80.42952211638263,2.349473122359973,25.2264433763392,57.832049323415845,5.172566759946124,12.424416097692898,98.85711123992752,1.2048233896578715,0.9018823383783081,-0.18155281383910457,0.5963749343030659,-0.2455491772057876,-1.0061015222469727,1.0935974213969293,-0.3106366571954906,-0.5525116480315188,3.96110108543443
Yonge_Reef,2016,Heatwave_Only,11.49,0.0,18.02390023621174,7.237340921996596,10.786559314215143,10.786559314215143,0.5984586672613685,0.5984586672613685,26,3.4,0.0,0,0,0,0,0,6.23,0.0,0,0,0,0,0,11.93,0.0,0,0,0,0,0,12.86,0.0,0,0,0,0,0,86.0519253169651,3.843962519893695,33.54953602886174,54.6561179047309,5.172566759946124,14.478151391359098,98.85711123992752,1.5508604287372214,1.8536155776095156,0.28532909958326547,0.43633407209383274,-0.5349959223214049,2.028774047747388,-0.8051028961830892,-0.49598057534305884,-0.5525116480315188,4.163808763556379
Yonge_Reef,2017,Heatwave_Only,8.93,0.0,18.02390023621174,7.237340921996596,10.786559314215143,10.786559314215143,0.5984586672613685,0.5984586672613685,1,13.15,0.0,1,0,0,1,0,15.04,0.0,1,0,0,1,0,20.5,0.0,1,0,0,1,0,23.42,0.0,1,0,0,1,0,86.0519253169651,3.843962519893695,33.54953602886174,54.6561179047309,4.834476009208178,16.5318866850253,94.11769738501972,1.5508604287372214,1.8536155776095156,0.28532909958326547,0.43633407209383274,-0.5349959223214049,1.2610584885393281,-0.8051028961830892,0.6620902891108955,-0.5525116480315188,-0.9038831894923484
Yonge_Reef,2020,Heatwave_Only,8.11,0.0,12.390629832750813,20.958403647046804,-8.567773814295991,0.0,-0.6914720179639069,-0.6914720179639069,3,9.53,0.0,1,0,0,1,0,22.39,0.0,2,0,0,2,0,24.42,0.0,2,0,0,2,0,24.570000000000004,0.0,2,0,0,2,0,94.11769738501972,4.834476009208178,16.5318866850253,65.23339183937517,5.536433542178537,16.048177215676006,84.74539980455988,2.0472773139633467,-0.09232726002086618,0.5947677840764279,0.969341816015662,-0.9566217320329086,1.0151495984804966,-0.8051028961830892,1.628244756050347,-0.5525116480315188,-0.4984678332484502
Yonge_Reef,2021,Heatwave_Only,4.1,0.0,12.390629832750813,20.958403647046804,-8.567773814295991,0.0,-0.6914720179639069,-0.6914720179639069,1,8.709999999999999,0.0,1,0,0,1,0,29.130000000000003,0.0,3,0,0,2,0,30.79,0.0,3,0,0,2,0,32.53,0.0,3,0,0,2,0,94.11769738501972,4.834476009208178,16.5318866850253,65.23339183937517,5.536433542178537,18.573529568462362,75.05390162382622,2.0472773139633467,-0.09232726002086618,0.5947677840764279,0.969341816015662,-0.9566217320329086,-0.18740485168525306,-0.8051028961830892,2.514214974713191,-0.5525116480315188,-0.9038831894923484
Yonge_Reef,2022,Heatwave_Only,4.65,0.0,20.958403647046804,30.16218990563604,-9.203786258589236,0.0,-0.4391453859552952,-0.4391453859552952,1,12.67,0.0,2,0,0,2,0,21.74,0.0,3,0,0,2,0,34.6,0.0,4,0,0,2,0,34.89,0.0,4,0,0,2,0,84.74539980455988,5.101218301497849,15.170672757201428,56.84934667767412,4.872973277661518,22.186519297366107,73.6050755869958,1.470448867405673,-0.24798004377568925,0.6780986876080208,0.5468547910800357,-0.315361094223261,-0.022465962011646298,-0.8051028961830892,1.542802524280191,-0.5525116480315188,-0.9038831894923484
Yonge_Reef,2024,Heatwave_Only,8.08,0.0,31.30164473481428,36.75107955712552,-5.449434822311243,0.0,-0.1740942007513835,-0.1740942007513835,2,11.13,0.0,2,0,0,2,0,19.7,0.0,3,0,0,3,0,28.77,0.0,4,0,0,3,0,40.260000000000005,0.0,5,0,0,3,0,73.6050755869958,4.872973277661518,19.899226536691103,62.222487821029446,3.723663101406885,23.91360153984672,60.14970101935994,0.7848052610861395,0.2927230329909418,0.606794418983769,0.8176169795502635,0.45878555352011546,1.0061529317710272,-0.8051028961830892,1.2746453661092414,-0.5525116480315188,-0.7011755113703992
Yonge_Reef,2025,Heatwave_Only,8.290000000000001,0.0,36.75107955712552,42.648379208756,-5.897299651630476,0.0,-0.1604660250174085,-0.1604660250174085,1,15.11,0.0,2,0,0,1,0,27.32,0.0,4,0,0,3,0,27.92,0.0,4,0,0,3,0,36.85,0.0,5,0,0,3,0,67.59944238269397,3.9624028127911006,22.746729815560503,101.02200870456248,,,,0.4151819065038962,0.6183307887208388,0.32233011857042015,2.772794203772863,0.8666520688600227,1.0691295987373137,-0.8051028961830892,2.2762912216301423,-0.5525116480315188,-0.9038831894923484
