reef_name,event_year,event_type,recent_max_dhw,recent_max_wind,baseline_year,nadir_year,nadir_event_interval,baseline_hc,nadir_hc,loss_abs,positive_loss,rel_loss,rel_loss_clipped,yrs_since_last_dist,baseline_algae,baseline_macroalgae,baseline_juveniles,baseline_herbivores,cumulative_dhw_3yr,cumulative_wind_3yr,heatwave_years_3yr,storm_years_3yr,concurrent_years_3yr,max_consecutive_heatwave_3yr,max_consecutive_storm_3yr,cumulative_dhw_5yr,cumulative_wind_5yr,heatwave_years_5yr,storm_years_5yr,concurrent_years_5yr,max_consecutive_heatwave_5yr,max_consecutive_storm_5yr,cumulative_dhw_7yr,cumulative_wind_7yr,heatwave_years_7yr,storm_years_7yr,concurrent_years_7yr,max_consecutive_heatwave_7yr,max_consecutive_storm_7yr,cumulative_dhw_8yr,cumulative_wind_8yr,heatwave_years_8yr,storm_years_8yr,concurrent_years_8yr,max_consecutive_heatwave_8yr,max_consecutive_storm_8yr
Agincourt_Reef_No_1,1999,Storm_Only,0.49,19.857384,1998,1999,0,31.34126412075912,35.806982350624786,-4.465718229865665,0.0,-0.14248685734752362,-0.14248685734752362,10,39.331749246290585,1.2583490249773637,,46.39334875362778,1.44,0.0,0,0,0,0,0,6.109999999999999,0.0,0,0,0,0,0,6.109999999999999,0.0,0,0,0,0,0,6.74,0.0,0,0,0,0,0
Agincourt_Reef_No_1,2014,Storm_Only,0.0,19.80906675466956,2013,2017,3,15.184786656002323,12.949162076156034,2.2356245798462897,2.2356245798462897,0.1472279216358025,0.1472279216358025,15,71.86710537688826,1.895201722290761,29.707325570229,71.80118402336977,3.88,0.0,0,0,0,0,0,6.57,0.0,0,0,0,0,0,6.57,0.0,0,0,0,0,0,6.57,0.0,0,0,0,0,0
Agincourt_Reef_No_1,2016,Heatwave_Only,6.890000000000001,0.0,2015,2017,1,20.855648918378726,12.949162076156034,7.906486842222693,7.906486842222693,0.379105290521803,0.379105290521803,2,61.95337216024023,2.4780526026208607,42.234289533853584,79.77207687829517,3.38,22.128370039244206,0,1,0,0,1,5.609999999999999,22.128370039244206,0,1,0,0,1,8.3,22.128370039244206,0,1,0,0,1,8.3,22.128370039244206,0,1,0,0,1
Agincourt_Reef_No_1,2017,Heatwave_Only,8.16,0.0,2016,2017,0,26.569385499281623,12.949162076156034,13.620223423125589,13.620223423125589,0.5126284694651236,0.5126284694651236,1,53.2023168930295,2.9437970648892304,52.39204964207232,50.79299739384481,8.620000000000001,22.128370039244206,1,1,0,1,1,10.71,22.128370039244206,1,1,0,1,1,13.57,22.128370039244206,1,1,0,1,1,15.190000000000001,22.128370039244206,1,1,0,1,1
Agincourt_Reef_No_1,2020,Heatwave_Only,7.74,0.0,2019,2021,1,17.971979836431903,23.91429529595699,-5.942315459525087,0.0,-0.3306433411125424,-0.3306433411125424,3,71.59613294212296,3.4551357693255818,17.20184910317507,70.52287496940299,9.0,0.0,1,0,0,1,0,17.62,0.0,2,0,0,2,0,19.27,22.128370039244206,2,1,0,2,1,19.71,22.128370039244206,2,1,0,2,1
Agincourt_Reef_No_1,2022,Heatwave_Only,4.33,0.0,2021,2025,3,23.91429529595699,31.8571367354726,-7.942841439515611,0.0,-0.33213780047528507,-0.33213780047528507,2,62.57996883933824,3.34399228211633,14.365151581168542,50.00552947077145,9.48,0.0,1,0,0,1,0,17.790000000000003,0.0,2,0,0,1,0,26.41,0.0,3,0,0,2,0,26.410000000000004,22.128370039244206,3,1,0,2,1
Agincourt_Reef_No_1,2024,Concurrent,6.97,18.51984,2023,2025,1,34.74179356956395,31.8571367354726,2.884656834091352,2.884656834091352,0.08303131582183187,0.08303131582183187,2,51.48103473034556,3.81647477680034,14.7979810990628,54.796654833839305,5.85,0.0,1,0,0,1,0,14.280000000000001,0.0,2,0,0,1,0,22.590000000000003,0.0,3,0,0,1,0,29.48,0.0,4,0,0,2,0
Agincourt_Reef_No_1,2025,Heatwave_Only,5.16,0.0,2024,2025,0,37.11176219595191,31.8571367354726,5.254625460479311,5.254625460479311,0.14158921995497364,0.14158921995497364,1,48.01698701956127,3.452341505072924,17.874125180951886,71.54764343637723,11.77,18.51984,2,1,1,1,1,20.560000000000002,18.51984,3,1,1,1,1,21.400000000000002,18.51984,3,1,1,1,1,29.560000000000002,18.51984,4,1,1,1,1
Arlington_Reef,2010,Storm_Only,1.45,18.51984,2008,2012,2,20.496040574204777,15.322870762820756,5.173169811384021,5.173169811384021,0.2523984958292235,0.2523984958292235,4,57.62911796563011,2.352034818795535,10.959633510095776,55.11726581154496,3.5100000000000002,0.0,0,0,0,0,0,4.92,23.929370015874483,0,1,0,0,1,6.82,23.929370015874483,0,1,0,0,1,9.3,23.929370015874483,0,1,0,0,1
Arlington_Reef,2016,Heatwave_Only,4.58,0.0,2014,2018,2,18.156446734239083,10.813158237339104,7.343288496899978,7.343288496899978,0.40444524219885736,0.40444524219885736,6,54.5034270827933,2.5302185724744186,20.833878419771768,71.46583061166193,4.58,0.0,0,0,0,0,0,6.4399999999999995,0.0,0,0,0,0,0,10.959999999999999,18.51984,0,1,0,0,1,11.399999999999999,18.51984,0,1,0,0,1
Arlington_Reef,2017,Heatwave_Only,10.87,0.0,2016,2018,1,24.198395391062203,10.813158237339104,13.385237153723098,13.385237153723098,0.5531456502552645,0.5531456502552645,1,49.871628844751314,4.047671844180469,16.00941230996602,59.332468242172204,7.1899999999999995,0.0,1,0,0,1,0,9.46,0.0,1,0,0,1,0,12.469999999999999,18.51984,1,1,0,1,1,15.540000000000001,18.51984,1,1,0,1,1
Arlington_Reef,2020,Heatwave_Only,7.5,0.0,2018,2020,0,10.813158237339104,12.368085640141906,-1.554927402802802,0.0,-0.14379956056071158,-0.14379956056071158,3,78.41120410686199,4.86294036412335,7.243775970292797,54.50209083851658,11.68,0.0,1,0,0,1,0,18.869999999999997,0.0,2,0,0,2,0,20.84,0.0,2,0,0,2,0,21.139999999999997,0.0,2,0,0,2,0
Arlington_Reef,2022,Heatwave_Only,4.86,0.0,2020,2024,2,12.368085640141906,30.25943190152201,-17.891346261380104,0.0,-1.4465736074232767,-1.0,2,69.68071165235746,2.0307377290998203,4.944192212117626,50.55185194006454,9.22,0.0,1,0,0,1,0,20.25,0.0,2,0,0,1,0,27.439999999999998,0.0,3,0,0,2,0,27.439999999999998,0.0,3,0,0,2,0
Border_Island,1996,Storm_Only,1.02,17.872172042231476,1995,1997,1,24.87292226133772,25.31318815377164,-0.44026589243392067,0.0,-0.0177006098361939,-0.0177006098361939,11,25.06548418132729,0.0,,9.864540028690492,1.25,0.0,0,0,0,0,0,1.25,0.0,0,0,0,0,0,1.25,0.0,0,0,0,0,0,1.25,0.0,0,0,0,0,0
Border_Island,2003,Storm_Only,0.0,29.117304,2002,2005,2,29.011723799190943,25.9025307125706,3.109193086620344,3.109193086620344,0.10717022911637712,0.10717022911637712,18,35.47919157220413,0.1674977702881845,,12.261528439848885,1.24,0.0,0,0,0,0,0,1.53,0.0,0,0,0,0,0,2.55,0.0,0,0,0,0,0,2.55,0.0,0,0,0,0,0
Border_Island,2010,Storm_Only,1.46,29.117304,2009,2013,3,25.674580727897983,29.175529693036413,-3.5009489651384307,0.0,-0.13635856422513268,-0.13635856422513268,25,25.42704598967701,0.1015615038061861,3.996381654581673,6.876472293420159,0.0,0.0,0,0,0,0,0,0.0,0.0,0,0,0,0,0,3.16,0.0,0,0,0,0,0,4.4,0.0,0,0,0,0,0
Border_Island,2011,Storm_Only,0.0,18.09499186687058,2009,2013,2,25.674580727897983,29.175529693036413,-3.5009489651384307,0.0,-0.13635856422513268,-0.13635856422513268,1,25.42704598967701,0.1015615038061861,3.996381654581673,6.876472293420159,1.46,29.117304,0,1,0,0,1,1.46,29.117304,0,1,0,0,1,4.62,29.117304,0,1,0,0,1,4.62,29.117304,0,1,0,0,1
Border_Island,2017,Concurrent,6.71,33.078492,2015,2019,2,30.843460573431138,18.946700216452733,11.896760356978405,11.896760356978405,0.3857141882200596,0.3857141882200596,6,33.43488742153013,0.0954430096768185,13.409610580122065,14.338853975131014,4.98,0.0,0,0,0,0,0,7.49,0.0,0,0,0,0,0,8.950000000000001,47.29120568728558,0,2,0,0,2,8.95,47.29120568728558,0,2,0,0,2
Border_Island,2020,Concurrent,7.66,38.377224,2019,2022,2,18.946700216452733,16.1221287770108,2.8245714394419323,2.8245714394419323,0.14907986125146802,0.14907986125146802,3,47.92779054437148,0.1918065376450517,3.236951763374205,13.084654128607191,6.71,29.117304,1,1,1,1,1,11.690000000000001,29.117304,1,1,1,1,1,12.29,29.117304,1,1,1,1,1,14.2,29.117304,1,1,1,1,1
Border_Island,2022,Heatwave_Only,4.51,0.0,2021,2022,0,18.971998285408137,16.1221287770108,2.8498695083973367,2.8498695083973367,0.15021451433448876,0.15021451433448876,2,51.36888082965116,0.1804108565386189,7.091691404354586,19.19126555055724,7.66,38.377224,1,1,1,1,1,14.370000000000001,67.494528,2,2,2,1,1,19.35,67.494528,2,2,2,1,1,19.35,67.494528,2,2,2,1,1
Border_Island,2024,Heatwave_Only,6.890000000000001,0.0,2023,2025,1,17.679960162084726,17.624333176752504,0.055626985332221324,0.055626985332221324,0.0031463297893348924,0.0031463297893348924,2,52.350271184195854,0.2339090404185777,6.559077706124322,31.805289275379785,4.96,0.0,1,0,0,1,0,12.62,38.377224,2,1,1,1,1,19.330000000000002,67.494528,3,2,2,1,1,22.55,67.494528,3,2,2,1,1
Boult_Reef,2017,Heatwave_Only,4.04,0.0,2016,2020,3,40.815697389816926,27.13760920513279,13.678088184684135,13.678088184684135,0.3351183260217102,0.3351183260217102,15,56.911579574458045,0.2421124159390727,33.71886194327563,62.24331026692296,1.43,0.0,0,0,0,0,0,1.73,0.0,0,0,0,0,0,2.9799999999999995,0.0,0,0,0,0,0,2.9799999999999995,0.0,0,0,0,0,0
Boult_Reef,2024,Heatwave_Only,11.48,0.0,2021,2026,2,61.11667586391639,22.22131554683403,38.895360317082364,38.895360317082364,0.6364115810828381,0.6364115810828381,7,,,,,1.56,0.0,0,0,0,0,0,5.25,0.0,0,0,0,0,0,9.290000000000001,0.0,1,0,0,1,0,9.59,0.0,1,0,0,1,0
Broomfield_Reef,1992,Storm_Only,2.13,18.51984,1990,1993,1,20.7957402053824,9.19155254273058,11.604187662651821,11.604187662651821,0.5580079164312891,0.5580079164312891,10,,,,,1.29,0.0,0,0,0,0,0,1.29,0.0,0,0,0,0,0,1.29,0.0,0,0,0,0,0,1.29,0.0,0,0,0,0,0
Broomfield_Reef,1994,Storm_Only,0.0,18.08293810852,1993,1995,1,9.19155254273058,17.412699846744868,-8.221147304014288,0.0,-0.8944242298344074,-0.8944242298344074,2,78.17599416319509,0.3061159999664444,,,3.25,18.51984,0,1,0,0,1,3.42,18.51984,0,1,0,0,1,3.42,18.51984,0,1,0,0,1,3.42,18.51984,0,1,0,0,1
Broomfield_Reef,2020,Heatwave_Only,6.9,0.0,2019,2023,3,61.1034467260997,52.73905826834674,8.364388457752959,8.364388457752959,0.13688897936063887,0.13688897936063887,26,31.18437691937321,0.5869453106329452,19.22838176332841,45.11663761762606,3.09,0.0,0,0,0,0,0,4.12,0.0,0,0,0,0,0,4.12,0.0,0,0,0,0,0,4.12,0.0,0,0,0,0,0
Broomfield_Reef,2024,Heatwave_Only,11.6,0.0,2023,2026,2,52.73905826834674,16.127130702547838,36.6119275657989,36.6119275657989,0.6942089746750916,0.6942089746750916,4,38.81620590227149,0.9805686959851198,10.772511365062986,63.83970966431488,1.3,0.0,0,0,0,0,0,8.200000000000001,0.0,1,0,0,1,0,11.290000000000001,0.0,1,0,0,1,0,11.290000000000001,0.0,1,0,0,1,0
Carter_Reef,2005,Storm_Only,0.0,23.906304664885926,2004,2006,1,56.83275925716708,16.49121291721926,40.341546339947826,40.341546339947826,0.7098290997521896,0.7098290997521896,10,35.93157801132516,2.273412732474647,,37.23515720368272,5.71,0.0,0,0,0,0,0,6.62,0.0,0,0,0,0,0,7.239999999999999,0.0,0,0,0,0,0,7.239999999999999,0.0,0,0,0,0,0
Carter_Reef,2014,Storm_Only,0.15,41.000868,2013,2017,3,30.03296568887368,8.104976487662167,21.927989201211513,21.927989201211513,0.730130664696067,0.730130664696067,10,60.57919658546042,2.9682499909580247,26.20629231632718,65.47002897028887,4.46,0.0,0,0,0,0,0,10.350000000000001,0.0,0,0,0,0,0,12.61,0.0,0,0,0,0,0,12.91,0.0,0,0,0,0,0
Carter_Reef,2015,Storm_Only,1.55,29.117304,2013,2017,2,30.03296568887368,8.104976487662167,21.927989201211513,21.927989201211513,0.730130664696067,0.730130664696067,1,60.57919658546042,2.9682499909580247,26.20629231632718,65.47002897028887,1.9,41.000868,0,1,0,0,1,7.58,41.000868,0,1,0,0,1,11.58,41.000868,0,1,0,0,1,12.76,41.000868,0,1,0,0,1
Carter_Reef,2016,Heatwave_Only,11.32,0.0,2015,2017,1,24.383172435132,8.104976487662167,16.278195947469833,16.278195947469833,0.6675995911022523,0.6675995911022523,1,67.3495399438823,5.506561858880088,39.91539018587204,53.527974679443446,3.3,70.118172,0,2,0,0,2,6.16,70.118172,0,2,0,0,2,12.050000000000002,70.118172,0,2,0,0,2,13.129999999999999,70.118172,0,2,0,0,2
Carter_Reef,2017,Heatwave_Only,9.04,0.0,2015,2017,0,24.383172435132,8.104976487662167,16.278195947469833,16.278195947469833,0.6675995911022523,0.6675995911022523,1,67.3495399438823,5.506561858880088,39.91539018587204,53.527974679443446,13.02,70.118172,1,2,0,1,2,14.77,70.118172,1,2,0,1,2,20.450000000000003,70.118172,1,2,0,1,2,23.37,70.118172,1,2,0,1,2
Carter_Reef,2020,Heatwave_Only,7.72,0.0,2019,2021,1,11.571824549617151,21.09589460917397,-9.52407005955682,0.0,-0.8230396182313289,-0.8230396182313289,3,82.22715932789882,7.893198379530049,20.37812032151019,77.4844173597025,9.49,0.0,1,0,0,1,0,22.36,29.117304,2,1,0,2,1,24.11,70.118172,2,2,0,2,2,24.259999999999998,70.118172,2,2,0,2,2
Carter_Reef,2021,Heatwave_Only,4.59,0.0,2019,2021,0,11.571824549617151,21.09589460917397,-9.52407005955682,0.0,-0.8230396182313289,-0.8230396182313289,1,82.22715932789882,7.893198379530049,20.37812032151019,77.4844173597025,8.17,0.0,1,0,0,1,0,28.529999999999998,0.0,3,0,0,2,0,30.229999999999997,70.118172,3,2,0,2,2,31.830000000000002,70.118172,3,2,0,2,2
Carter_Reef,2022,Concurrent,4.64,18.839023748904825,2021,2022,0,21.09589460917397,28.411659396758232,-7.315764787584261,0.0,-0.34678618390532034,-0.34678618390532034,1,71.0794416283303,8.790119292937632,14.806250197551114,60.08656461399352,12.62,0.0,2,0,0,2,0,21.8,0.0,3,0,0,2,0,34.67,29.117304,4,1,0,2,1,34.81999999999999,70.118172,4,2,0,2,2
Carter_Reef,2024,Heatwave_Only,8.21,0.0,2023,2024,0,30.48583016450453,36.737069573040905,-6.2512394085363745,0.0,-0.20505393406720673,-0.20505393406720673,2,59.61518310338717,8.570715625739188,18.54833535391128,75.14603983756106,11.57,19.0259051016422,2,1,1,2,1,19.599999999999998,19.0259051016422,3,1,1,3,1,28.78,19.0259051016422,4,1,1,3,1,40.099999999999994,19.0259051016422,5,1,1,3,1
Carter_Reef,2025,Heatwave_Only,8.02,0.0,2024,2025,0,36.737069573040905,40.484227499534,-3.747157926493095,0.0,-0.10199936930306781,-0.10199936930306781,1,54.18563520818493,4.831727358797042,23.46214239817253,91.81505543673552,15.190000000000001,19.0259051016422,2,1,1,1,1,27.5,19.0259051016422,4,1,1,3,1,27.95,19.0259051016422,4,1,1,3,1,36.99,19.0259051016422,5,1,1,3,1
Centipede_Reef,1988,Storm_Only,0.0,26.28656279094521,1987,1988,0,19.09881212347572,15.898024716811204,3.200787406664517,3.200787406664517,0.16759091539154938,0.16759091539154938,10,,,,,0.0,0.0,0,0,0,0,0,0.0,0.0,0,0,0,0,0,0.0,0.0,0,0,0,0,0,0.0,0.0,0,0,0,0,0
Centipede_Reef,1989,Storm_Only,0.33,35.846474190771644,1988,1991,2,15.898024716811204,15.913749280015423,-0.015724563204219777,0.0,-0.0009890891154290381,-0.0009890891154290381,1,,,,,0.0,26.795511803328765,0,1,0,0,1,0.0,26.795511803328765,0,1,0,0,1,0.0,26.795511803328765,0,1,0,0,1,0.0,26.795511803328765,0,1,0,0,1
Centipede_Reef,2017,Heatwave_Only,4.68,0.0,2016,2020,3,14.74407149059141,18.75246626282131,-4.008394772229902,0.0,-0.27186484918957204,-0.27186484918957204,17,75.83336940052352,3.6348922802342143,14.787387375746428,55.42262281857158,5.640000000000001,0.0,0,0,0,0,0,7.609999999999999,0.0,0,0,0,0,0,10.03,0.0,0,0,0,0,0,10.5,0.0,0,0,0,0,0
Centipede_Reef,2020,Concurrent,5.46,38.377224,2018,2020,0,18.95519574480008,18.75246626282131,0.20272948197876772,0.20272948197876772,0.010695193270920554,0.010695193270920554,3,77.19551759010656,4.280333128099782,11.916126999200548,56.80061469869472,4.68,0.0,1,0,0,1,0,10.32,0.0,1,0,0,1,0,11.35,0.0,1,0,0,1,0,12.29,0.0,1,0,0,1,0
Centipede_Reef,2022,Heatwave_Only,5.04,0.0,2020,2025,3,18.75246626282131,16.993564399489443,1.758901863331868,1.758901863331868,0.09379576204432755,0.09379576204432755,2,75.29053719591272,7.389728944693698,12.786687614098469,45.33496086089584,5.46,38.377224,1,1,1,1,1,10.14,38.377224,2,1,1,1,1,15.780000000000001,38.377224,2,1,1,1,1,15.780000000000001,38.377224,2,1,1,1,1
Chicken_Reef,1988,Storm_Only,0.45,22.481028,1986,1990,2,32.10809339738911,18.68221986559841,13.425873531790703,13.425873531790703,0.41814608440382933,0.41814608440382933,10,,,,,0.0,0.0,0,0,0,0,0,0.0,0.0,0,0,0,0,0,0.0,0.0,0,0,0,0,0,0.0,0.0,0,0,0,0,0
Chicken_Reef,1989,Storm_Only,0.17,41.000868,1986,1990,1,32.10809339738911,18.68221986559841,13.425873531790703,13.425873531790703,0.41814608440382933,0.41814608440382933,1,,,,,0.45,23.16512773356923,0,1,0,0,1,0.45,23.16512773356923,0,1,0,0,1,0.45,23.16512773356923,0,1,0,0,1,0.45,23.16512773356923,0,1,0,0,1
Chicken_Reef,2000,Storm_Only,0.0,22.481028,1999,2003,3,43.089550704483166,28.341773810864595,14.747776893618571,14.747776893618571,0.34225877625788675,0.34225877625788675,11,41.13860354588936,0.7419752984927062,,41.50144406732008,0.61,0.0,0,0,0,0,0,2.56,0.0,0,0,0,0,0,4.71,0.0,0,0,0,0,0,4.71,0.0,0,0,0,0,0
Chicken_Reef,2016,Heatwave_Only,4.1,0.0,2015,2016,0,16.5574586847676,21.41436222765299,-4.856903542885391,0.0,-0.2933362924440577,-0.2933362924440577,2,75.95460937128506,1.999234114828164,25.739946829927167,63.08647049983152,3.1999999999999997,17.710106156956243,0,1,0,0,1,6.45,17.710106156956243,0,1,0,0,1,8.620000000000001,17.710106156956243,0,1,0,0,1,8.620000000000001,17.710106156956243,0,1,0,0,1
Chicken_Reef,2017,Heatwave_Only,5.36,0.0,2016,2017,0,21.41436222765299,25.00060267131752,-3.586240443664529,0.0,-0.1674689353593502,-0.1674689353593502,1,71.67895392923073,2.3129027305058014,26.410457623075345,75.03227095350869,6.4399999999999995,17.710106156956243,1,1,0,1,1,8.93,17.710106156956243,1,1,0,1,1,11.379999999999999,17.710106156956243,1,1,0,1,1,12.719999999999999,17.710106156956243,1,1,0,1,1
Chicken_Reef,2020,Concurrent,6.5200000000000005,38.377224,2018,2020,0,28.119333102519416,37.56637384451145,-9.447040741992037,0.0,-0.335962474911811,-0.335962474911811,3,63.31090887204469,2.943999739213345,20.355083941516305,45.72447957064371,5.36,0.0,1,0,0,1,0,11.8,0.0,2,0,0,2,0,12.66,17.710106156956243,2,1,0,2,1,14.290000000000001,17.710106156956243,2,1,0,2,1
Chicken_Reef,2022,Heatwave_Only,5.45,0.0,2021,2025,3,44.55431412108499,40.47068978248909,4.083624338595904,4.083624338595904,0.0916549703244867,0.0916549703244867,2,47.43542977135675,2.429987073012166,22.35707745244986,49.48222050444446,6.5200000000000005,38.377224,1,1,1,1,1,11.88,38.377224,2,1,1,1,1,18.32,38.377224,3,1,1,2,1,18.32,56.08733015695624,3,2,1,2,1
Chicken_Reef,2024,Concurrent,6.04,23.818572,2023,2025,1,48.513518221691015,40.47068978248909,8.042828439201926,8.042828439201926,0.16578530549874396,0.16578530549874396,2,43.326799191202,1.9165658901912093,25.681098833317705,66.00426134079001,6.1000000000000005,0.0,1,0,0,1,0,12.620000000000001,38.377224,2,1,1,1,1,17.98,38.377224,3,1,1,1,1,22.080000000000002,38.377224,4,1,1,2,1
Chicken_Reef,2025,Heatwave_Only,4.89,0.0,2024,2025,0,42.27768107465533,40.47068978248909,1.8069912921662379,1.8069912921662379,0.042741021887539025,0.042741021887539025,1,48.06966642897199,1.699591808036216,30.83829576892224,72.39226507631636,12.14,18.51984,2,1,1,1,1,18.66,56.897064,3,2,2,1,1,18.66,56.897064,3,2,2,1,1,24.020000000000003,56.897064,4,2,2,1,1
Chinaman_Reef_22_102,1992,Storm_Only,0.87,22.481028,1990,1995,3,21.187099272619346,20.691549088191305,0.49555018442804055,0.49555018442804055,0.023389241634811864,0.023389241634811864,10,,,,,1.2200000000000002,0.0,0,0,0,0,0,1.2200000000000002,0.0,0,0,0,0,0,1.2200000000000002,0.0,0,0,0,0,0,1.2200000000000002,0.0,0,0,0,0,0
Chinaman_Reef_22_102,1994,Storm_Only,0.32,29.117304,1993,1995,1,21.72245254512056,20.691549088191305,1.0309034569292557,1.0309034569292557,0.04745796796139504,0.04745796796139504,2,54.283402675176575,0.7022978655017987,,,1.27,22.481028,0,1,0,0,1,2.0900000000000003,22.481028,0,1,0,0,1,2.0900000000000003,22.481028,0,1,0,0,1,2.0900000000000003,22.481028,0,1,0,0,1
Chinaman_Reef_22_102,2002,Heatwave_Only,4.47,0.0,2001,2005,3,35.177559666766776,38.84863212604097,-3.6710724592741926,0.0,-0.10435836067225429,-0.10435836067225429,8,29.90616616395352,1.3246868947426558,,33.49828332422792,0.32,0.0,0,0,0,0,0,2.9499999999999997,0.0,0,0,0,0,0,3.44,0.0,0,0,0,0,0,3.76,29.117304,0,1,0,0,1
Chinaman_Reef_22_102,2004,Heatwave_Only,4.2700000000000005,0.0,2003,2006,2,43.07572841978988,36.82744412083712,6.248284298952761,6.248284298952761,0.145053479724377,0.145053479724377,2,28.002157608700777,0.3207940847803767,,28.5495552135128,4.47,0.0,1,0,0,1,0,4.79,0.0,1,0,0,1,0,7.42,0.0,1,0,0,1,0,7.76,0.0,1,0,0,1,0
Chinaman_Reef_22_102,2009,Storm_Only,0.77,42.338412,2008,2012,3,35.29437501131859,24.350881585429992,10.943493425888601,10.943493425888601,0.3100633860885515,0.3100633860885515,5,32.70885839685324,0.5510845829632754,27.46912163583206,42.90152488854002,1.97,0.0,0,0,0,0,0,6.24,0.0,1,0,0,1,0,10.71,0.0,2,0,0,1,0,10.71,0.0,2,0,0,1,0
Chinaman_Reef_22_102,2020,Heatwave_Only,6.6000000000000005,0.0,2019,2020,0,15.828214248965844,15.003238529302154,0.8249757196636907,0.8249757196636907,0.052120580798784136,0.052120580798784136,11,62.82123578058565,3.198981247592981,19.23401360534023,40.696621990840015,1.09,0.0,0,0,0,0,0,2.2199999999999998,0.0,0,0,0,0,0,2.2199999999999998,0.0,0,0,0,0,0,2.22,0.0,0,0,0,0,0
Chinaman_Reef_22_102,2024,Heatwave_Only,9.41,0.0,2023,2025,1,19.16056476708068,18.457508644550444,0.703056122530235,0.703056122530235,0.036692870543050975,0.036692870543050975,4,71.61973658018147,5.93620754298458,33.29703687495954,65.35784258920562,0.35,0.0,0,0,0,0,0,6.95,0.0,1,0,0,1,0,8.040000000000001,0.0,1,0,0,1,0,8.58,0.0,1,0,0,1,0
Corbett_Reef,2016,Heatwave_Only,6.94,0.0,2013,2019,3,16.068368231523028,25.64207088645924,-9.573702654936213,0.0,-0.5958105090070355,-0.5958105090070355,1,,,,,2.42,23.880353060396025,0,1,0,0,1,2.42,23.880353060396025,0,1,0,0,1,2.42,23.880353060396025,0,1,0,0,1,2.42,23.880353060396025,0,1,0,0,1
Corbett_Reef,2020,Heatwave_Only,6.1000000000000005,0.0,2019,2020,0,25.64207088645924,21.552669869631544,4.089401016827697,4.089401016827697,0.15948013851670534,0.15948013851670534,3,52.62110085993015,1.6589575793111335,9.989282258769812,50.94659996544072,12.19,0.0,1,0,0,1,0,19.82,23.880353060396025,2,1,0,2,1,21.55,23.880353060396025,2,1,0,2,1,21.550000000000004,23.880353060396025,2,1,0,2,1
Corbett_Reef,2021,Heatwave_Only,4.71,0.0,2020,2024,3,21.552669869631544,21.27429383465208,0.2783760349794626,0.2783760349794626,0.012916081240204215,0.012916081240204215,1,59.0503185714335,1.15673573875311,7.67738925296269,54.55112345096792,7.700000000000001,0.0,1,0,0,1,0,25.230000000000004,0.0,3,0,0,2,0,25.92,23.880353060396025,3,1,0,2,1,27.65,23.880353060396025,3,1,0,2,1
Corbett_Reef,2022,Concurrent,4.68,19.857384,2021,2025,3,28.01013133007541,20.129937518667525,7.880193811407885,7.880193811407885,0.2813336973877969,0.2813336973877969,1,46.99589816740264,1.224458105776234,13.655379818413858,52.68796451936523,11.63,0.0,2,0,0,2,0,23.0,0.0,3,0,0,2,0,30.630000000000003,23.880353060396025,4,1,0,2,1,30.630000000000003,23.880353060396025,4,1,0,2,1
Corbett_Reef,2024,Heatwave_Only,7.51,0.0,2023,2025,1,21.90616578396069,20.129937518667525,1.7762282652931667,1.7762282652931667,0.08108348502473627,0.08108348502473627,2,58.09784027697224,8.725026952963756,9.719992080932784,66.67527105120632,11.67,19.857384,2,1,1,2,1,18.590000000000003,19.857384,3,1,1,3,1,29.96,19.857384,4,1,1,3,1,36.900000000000006,19.857384,5,1,1,3,1
Corbett_Reef,2025,Heatwave_Only,9.88,0.0,2024,2025,0,21.27429383465208,20.129937518667525,1.144356315984556,1.144356315984556,0.05379056644035822,0.05379056644035822,1,53.371339287029386,1.1030917125368855,13.255277909436344,62.46688911507815,14.469999999999999,19.857384,2,1,1,1,1,25.28,19.857384,4,1,1,3,1,26.880000000000003,19.857384,4,1,1,3,1,37.47,19.857384,5,1,1,3,1
Davie_Reef,1990,Storm_Only,0.42,33.078492,1989,1990,0,30.07353470251121,40.27704154500093,-10.203506842489716,0.0,-0.3392852534104579,-0.3392852534104579,10,,,,,3.55,0.0,0,0,0,0,0,3.55,0.0,0,0,0,0,0,3.55,0.0,0,0,0,0,0,3.55,0.0,0,0,0,0,0
Davie_Reef,2016,Heatwave_Only,7.75,0.0,2015,2017,1,36.09892916214853,26.396747681824312,9.702181480324217,9.702181480324217,0.2687664622056829,0.2687664622056829,10,,,,,3.1500000000000004,0.0,0,0,0,0,0,5.32,0.0,0,0,0,0,0,10.33,0.0,0,0,0,0,0,11.17,0.0,0,0,0,0,0
Davie_Reef,2017,Heatwave_Only,10.54,0.0,2015,2017,0,36.09892916214853,26.396747681824312,9.702181480324217,9.702181480324217,0.2687664622056829,0.2687664622056829,1,,,,,8.6,0.0,1,0,0,1,0,10.9,0.0,1,0,0,1,0,14.64,0.0,1,0,0,1,0,18.08,0.0,1,0,0,1,0
Davie_Reef,2020,Heatwave_Only,6.3,0.0,2019,2020,0,50.89201887088023,28.84302303482004,22.04899583606019,22.04899583606019,0.43325056315807403,0.43325056315807403,3,41.28330175599565,5.194063729081616,21.68752021157762,25.58657284308,11.639999999999999,0.0,1,0,0,1,0,20.24,0.0,2,0,0,2,0,22.539999999999996,0.0,2,0,0,2,0,22.54,0.0,2,0,0,2,0
Davie_Reef,2021,Heatwave_Only,5.53,0.0,2020,2021,0,28.84302303482004,33.871462457876675,-5.028439423056636,0.0,-0.17433815508818803,-0.17433815508818803,1,65.33024814310376,4.830656535232675,14.084890691854303,42.25694050023626,7.4,0.0,1,0,0,1,0,25.689999999999998,0.0,3,0,0,2,0,26.54,0.0,3,0,0,2,0,28.839999999999996,0.0,3,0,0,2,0
Davie_Reef,2022,Concurrent,5.82,19.857384,2021,2022,0,33.871462457876675,37.53377031056192,-3.6623078526852453,0.0,-0.10812370021636282,-0.10812370021636282,1,58.1971603667837,5.19910987444856,25.375233485439303,52.268222136448856,12.280000000000001,0.0,2,0,0,2,0,23.47,0.0,3,0,0,2,0,32.07,0.0,4,0,0,2,0,32.07,0.0,4,0,0,2,0
Davie_Reef,2024,Heatwave_Only,7.03,0.0,2023,2026,2,46.431239206415846,33.32829709575095,13.102942110664898,13.102942110664898,0.2822009994696489,0.2822009994696489,2,46.05015277284792,6.043716173056195,41.504066924593054,57.7471866469761,13.13,0.0,2,0,0,2,0,19.880000000000003,0.0,3,0,0,3,0,31.07,0.0,4,0,0,3,0,38.82,0.0,5,0,0,3,0
Davie_Reef,2025,Heatwave_Only,8.35,0.0,2024,2026,1,54.05290123016056,33.32829709575095,20.72460413440961,20.72460413440961,0.3834133536359682,0.3834133536359682,1,39.41990501195291,2.662146487391907,47.12965111306673,66.31710317802118,14.63,0.0,2,0,0,1,0,26.46,0.0,4,0,0,3,0,27.560000000000002,0.0,4,0,0,3,0,38.1,0.0,5,0,0,3,0
Davies_Reef,1988,Storm_Only,0.0,28.637080482677696,1987,1991,3,28.270841365256818,16.462682166813238,11.80815919844358,11.80815919844358,0.41767979402817157,0.41767979402817157,10,,,,,0.0,0.0,0,0,0,0,0,0.0,0.0,0,0,0,0,0,0.0,0.0,0,0,0,0,0,0.0,0.0,0,0,0,0,0
Davies_Reef,1989,Storm_Only,0.16,41.000868,1988,1991,2,22.40096173967421,16.462682166813238,5.938279572860971,5.938279572860971,0.26509038504109045,0.26509038504109045,1,,,,,0.0,28.72651512189241,0,1,0,0,1,0.0,28.72651512189241,0,1,0,0,1,0.0,28.72651512189241,0,1,0,0,1,0.0,28.72651512189241,0,1,0,0,1
Davies_Reef,2000,Storm_Only,0.0,22.481028,1999,2003,3,40.52963287890306,28.46348787382228,12.066145005080777,12.066145005080777,0.29771167780208496,0.29771167780208496,11,49.53599850789816,12.889950859331565,,26.20626485091962,0.79,0.0,0,0,0,0,0,2.76,0.0,0,0,0,0,0,4.43,0.0,0,0,0,0,0,4.43,0.0,0,0,0,0,0
Davies_Reef,2017,Heatwave_Only,4.3,0.0,2015,2017,0,25.28987973538433,29.085461584299832,-3.7955818489155035,0.0,-0.15008303276369148,-0.15008303276369148,17,67.84651778077237,1.498330532342098,27.79515114793364,46.37716729653028,4.640000000000001,0.0,0,0,0,0,0,6.760000000000001,0.0,0,0,0,0,0,8.190000000000001,0.0,0,0,0,0,0,8.34,0.0,0,0,0,0,0
Davies_Reef,2020,Concurrent,5.13,38.377224,2019,2023,3,37.45620210658088,35.659228374595195,1.7969737319856876,1.7969737319856876,0.04797533201237099,0.04797533201237099,3,52.32143868925412,4.061225098516238,24.816893274344068,34.89191700218411,4.3,0.0,1,0,0,1,0,8.940000000000001,0.0,1,0,0,1,0,9.98,0.0,1,0,0,1,0,11.06,0.0,1,0,0,1,0
Davies_Reef,2022,Heatwave_Only,5.2,0.0,2021,2023,1,39.07525429298804,35.659228374595195,3.4160259183928474,3.4160259183928474,0.08742171945393698,0.08742171945393698,2,55.97275290559535,3.256139875960188,29.95914571780029,36.38349222637045,5.13,38.377224,1,1,1,1,1,9.43,38.377224,2,1,1,1,1,14.07,38.377224,2,1,1,1,1,14.07,38.377224,2,1,1,1,1
Davies_Reef,2024,Concurrent,4.23,23.818572,2023,2024,0,35.659228374595195,37.672240597051896,-2.0130122224567017,0.0,-0.056451367968770684,-0.056451367968770684,2,57.56426529564952,6.087549599670879,24.29743794765925,43.29115864861872,6.300000000000001,0.0,1,0,0,1,0,11.43,38.377224,2,1,1,1,1,15.729999999999999,38.377224,3,1,1,1,1,18.35,38.377224,3,1,1,1,1
Davies_Reef,2025,Heatwave_Only,4.71,0.0,2024,2025,0,37.672240597051896,38.663553358075504,-0.9913127610236074,0.0,-0.02631414392435114,-0.02631414392435114,1,57.66624872689268,6.250995662226109,26.93216064472957,54.2243664780485,10.530000000000001,18.51984,2,1,1,1,1,15.66,56.897064,3,2,2,1,1,15.66,56.897064,3,2,2,1,1,19.96,56.897064,4,2,2,1,1
Dip_Reef,1988,Storm_Only,1.45,17.68956560193944,1986,1988,0,34.065366083696816,11.685988686644802,22.379377397052014,22.379377397052014,0.6569539673246739,0.6569539673246739,10,,,,,0.0,0.0,0,0,0,0,0,0.0,0.0,0,0,0,0,0,0.0,0.0,0,0,0,0,0,0.0,0.0,0,0,0,0,0
Dip_Reef,1989,Storm_Only,0.55,25.88573364861052,1988,1989,0,11.685988686644802,12.694152587160897,-1.0081639005160952,0.0,-0.08627116862335009,-0.08627116862335009,1,,,,,1.45,18.824516405275837,0,1,0,0,1,1.45,18.824516405275837,0,1,0,0,1,1.45,18.824516405275837,0,1,0,0,1,1.45,18.824516405275837,0,1,0,0,1
Dip_Reef,2000,Storm_Only,0.0,22.481028,1999,2001,1,28.62492367515387,24.560815185366195,4.0641084897876745,4.0641084897876745,0.14197796772870622,0.14197796772870622,11,55.89915560358425,4.7863121657159065,,45.92774904251278,2.0,0.0,0,0,0,0,0,4.49,0.0,0,0,0,0,0,6.4,0.0,0,0,0,0,0,6.55,0.0,0,0,0,0,0
Dip_Reef,2006,Storm_Only,0.62,19.76089897048784,2005,2007,1,28.05201549730793,17.912306475134873,10.139709022173058,10.139709022173058,0.36146098034011626,0.36146098034011626,6,61.25348019188407,3.1517578492402576,,51.78669119261294,4.69,0.0,0,0,0,0,0,9.59,0.0,0,0,0,0,0,10.53,22.481028,0,1,0,0,1,11.59,22.481028,0,1,0,0,1
Dip_Reef,2016,Heatwave_Only,6.28,0.0,2015,2019,3,12.73452631921954,16.498326198111997,-3.7637998788924563,0.0,-0.2955586870327445,-0.2955586870327445,16,85.95882394556887,2.7093641268380693,15.235619542288324,53.1722957588412,3.97,0.0,0,0,0,0,0,7.110000000000001,0.0,0,0,0,0,0,10.22,0.0,0,0,0,0,0,10.219999999999999,0.0,0,0,0,0,0
Dip_Reef,2017,Heatwave_Only,6.8,0.0,2015,2019,2,12.73452631921954,16.498326198111997,-3.7637998788924563,0.0,-0.2955586870327445,-0.2955586870327445,1,85.95882394556887,2.7093641268380693,15.235619542288324,53.1722957588412,9.33,0.0,1,0,0,1,0,11.54,0.0,1,0,0,1,0,14.240000000000002,0.0,1,0,0,1,0,16.5,0.0,1,0,0,1,0
Dip_Reef,2020,Concurrent,7.1000000000000005,26.731665125388968,2019,2021,1,16.498326198111997,23.79242832073694,-7.294102122624942,0.0,-0.44211164423816823,-0.44211164423816823,3,77.96435566089093,4.82614600383654,13.644608570302283,116.55082912911868,7.25,0.0,1,0,0,1,0,16.58,0.0,2,0,0,2,0,17.5,0.0,2,0,0,2,0,18.79,0.0,2,0,0,2,0
Dip_Reef,2022,Heatwave_Only,5.6000000000000005,0.0,2021,2024,2,23.79242832073694,23.97362841517808,-0.1812000944411416,0.0,-0.0076158722429863004,-0.0076158722429863004,2,69.34913939320079,5.008883024783796,16.58753712732613,68.49114226120763,7.1000000000000005,28.60700729110346,1,1,1,1,1,14.350000000000001,28.60700729110346,2,1,1,1,1,23.68,28.60700729110346,3,1,1,2,1,23.68,28.60700729110346,3,1,1,2,1
Dip_Reef,2024,Concurrent,7.65,23.818572,2023,2024,0,24.881660603722644,23.97362841517808,0.9080321885445635,0.9080321885445635,0.03649403482373315,0.03649403482373315,2,66.93815504340512,3.8352232379672335,10.7921386003068,118.37302783020222,7.040000000000001,0.0,1,0,0,1,0,14.14,28.60700729110346,2,1,1,1,1,21.390000000000004,28.60700729110346,3,1,1,1,1,27.67,28.60700729110346,4,1,1,2,1
Dip_Reef,2025,Heatwave_Only,6.47,0.0,2024,2025,0,23.97362841517808,25.267763889063065,-1.2941354738849853,0.0,-0.053981627289494814,-0.053981627289494814,1,70.20418268730035,4.248138202421319,9.24279443839655,109.33492995653371,14.690000000000001,18.51984,2,1,1,1,1,21.79,47.12684729110346,3,2,2,1,1,22.240000000000002,47.12684729110346,3,2,2,1,1,29.040000000000003,47.12684729110346,4,2,2,1,1
East_Cay,1994,Storm_Only,0.35,29.117304,1992,1997,3,39.14385661096371,16.387495719786035,22.756360891177675,22.756360891177675,0.5813520399214803,0.5813520399214803,2,,,,,0.8600000000000001,22.481028,0,1,0,0,1,0.8600000000000001,22.481028,0,1,0,0,1,0.8600000000000001,22.481028,0,1,0,0,1,0.8600000000000001,22.481028,0,1,0,0,1
East_Cay,2009,Storm_Only,1.74,39.67060436754328,2008,2011,2,19.53383191715631,14.90999891915959,4.62383299799672,4.62383299799672,0.23670895795594862,0.23670895795594862,15,40.69442522271546,2.297268812050967,20.51704447665571,24.159813777577053,1.33,0.0,0,0,0,0,0,3.96,0.0,0,0,0,0,0,7.1,0.0,0,0,0,0,0,7.1,0.0,0,0,0,0,0
East_Cay,2020,Heatwave_Only,4.61,0.0,2019,2021,1,20.338128893906703,21.56826837888892,-1.2301394849822174,0.0,-0.06048439811740827,-0.06048439811740827,11,47.921815697759286,3.265971393759987,25.63682076688091,38.76739552875747,1.79,0.0,0,0,0,0,0,2.44,0.0,0,0,0,0,0,2.44,0.0,0,0,0,0,0,2.44,0.0,0,0,0,0,0
East_Cay,2024,Heatwave_Only,7.67,0.0,2023,2025,1,21.83957675591812,14.554197554158632,7.285379201759488,7.285379201759488,0.33358609844786874,0.33358609844786874,4,38.94068973352744,4.11000488842038,24.916137797860728,45.19484194996604,2.09,0.0,0,0,0,0,0,6.7,0.0,1,0,0,1,0,8.49,0.0,1,0,0,1,0,8.49,0.0,1,0,0,1,0
Erskine_Island,2015,Storm_Only,1.02,20.92974875614908,2014,2018,3,25.29084434696864,27.379856217045766,-2.089011870077126,0.0,-0.08259953054226578,-0.08259953054226578,9,56.28109125428674,0.5177095483202261,7.219442626602285,37.39301114628096,0.18,0.0,0,0,0,0,0,0.32999999999999996,0.0,0,0,0,0,0,0.32999999999999996,0.0,0,0,0,0,0,0.32999999999999996,0.0,0,0,0,0,0
Erskine_Island,2020,Heatwave_Only,8.85,0.0,2018,2020,0,27.379856217045766,30.02250821055053,-2.6426519935047637,0.0,-0.09651811070722638,-0.09651811070722638,5,62.09040204806418,0.940584385660982,12.696370921878312,41.33089377694064,1.74,0.0,0,0,0,0,0,2.76,17.53488057419429,0,1,0,0,1,2.94,17.53488057419429,0,1,0,0,1,2.94,17.53488057419429,0,1,0,0,1
Erskine_Island,2024,Heatwave_Only,11.17,0.0,2023,2026,2,36.69689872763442,26.914870917548605,9.782027810085815,9.782027810085815,0.2665627927495548,0.2665627927495548,4,58.06250000414299,1.0401115840826056,7.730613921665899,50.32527893840956,0.9099999999999999,0.0,0,0,0,0,0,9.76,0.0,1,0,0,1,0,11.5,0.0,1,0,0,1,0,11.5,0.0,1,0,0,1,0
Fairfax_Island,2020,Heatwave_Only,4.55,0.0,2018,2020,0,21.717166516107884,27.76452486357717,-6.0473583474692845,0.0,-0.2784598231534434,-0.2784598231534434,18,78.9538020794631,1.145968154650846,17.82947446364652,94.11620349754058,3.48,0.0,0,0,0,0,0,4.91,0.0,0,0,0,0,0,4.91,0.0,0,0,0,0,0,5.08,0.0,0,0,0,0,0
Fairfax_Island,2024,Heatwave_Only,11.26,0.0,2023,2026,2,39.75603616759026,21.25366968687083,18.50236648071943,18.50236648071943,0.465397666978753,0.465397666978753,4,61.09588483552793,3.0885307448971635,39.29571073061279,68.01580335908834,1.84,0.0,0,0,0,0,0,6.39,0.0,1,0,0,1,0,9.87,0.0,1,0,0,1,0,10.469999999999999,0.0,1,0,0,1,0
Farquharson_Reef,2011,Storm_Only,1.05,41.000868,2010,2012,1,7.531295835256777,7.290191801512693,0.24110403374408396,0.24110403374408396,0.03201361877399463,0.03201361877399463,5,82.4627725126743,15.342400776130772,5.755092548265499,66.05451982524717,3.2800000000000002,0.0,0,0,0,0,0,3.5700000000000003,37.03968,0,1,0,0,1,6.290000000000001,37.03968,0,1,0,0,1,6.289999999999999,37.03968,0,1,0,0,1
Farquharson_Reef,2017,Heatwave_Only,8.16,0.0,2016,2018,1,28.42467103155285,7.147135049502659,21.277535982050193,21.277535982050193,0.7485587417504684,0.7485587417504684,6,63.31219904051111,7.388703178131087,13.591853359776694,50.268692684478985,4.71,0.0,0,0,0,0,0,7.19,0.0,0,0,0,0,0,9.649999999999999,41.000868,0,1,0,0,1,10.46,41.000868,0,1,0,0,1
Farquharson_Reef,2020,Heatwave_Only,5.91,0.0,2018,2022,2,7.147135049502659,6.919649836024086,0.2274852134785732,0.2274852134785732,0.03182886735775379,0.03182886735775379,3,83.97591439105653,9.313350932284871,8.275770387347391,44.40420110223617,8.34,0.0,1,0,0,1,0,13.05,0.0,1,0,0,1,0,15.09,0.0,1,0,0,1,0,15.530000000000001,0.0,1,0,0,1,0
Farquharson_Reef,2022,Heatwave_Only,5.1000000000000005,0.0,2020,2022,0,7.808601079692448,6.919649836024086,0.8889512436683615,0.8889512436683615,0.11384257366921016,0.11384257366921016,2,86.10035284553153,14.731599908842291,7.685462497413394,,6.05,0.0,1,0,0,1,0,14.39,0.0,2,0,0,1,0,19.1,0.0,2,0,0,1,0,19.1,0.0,2,0,0,1,0
Farquharson_Reef,2024,Heatwave_Only,4.91,0.0,2023,2024,0,7.151843496001652,8.821948036683787,-1.6701045406821358,0.0,-0.2335208455855939,-0.2335208455855939,2,86.23398654644951,29.467945944945743,6.441442878933121,47.54720370417013,5.88,0.0,1,0,0,1,0,11.790000000000001,0.0,2,0,0,1,0,20.130000000000003,0.0,3,0,0,1,0,22.59,0.0,3,0,0,1,0
Farquharson_Reef,2025,Heatwave_Only,5.74,0.0,2024,2025,0,8.821948036683787,9.127442620272356,-0.30549458358856896,0.0,-0.03462892575633509,-0.03462892575633509,1,85.1810444587366,26.102408186825365,9.477040880303075,63.86080430974617,10.65,0.0,2,0,0,1,0,16.700000000000003,0.0,3,0,0,1,0,16.880000000000003,0.0,3,0,0,1,0,25.04,0.0,4,0,0,1,0
Feather_Reef,1990,Storm_Only,0.0,22.481028,1988,1990,0,7.557799238677567,16.49828668230554,-8.940487443627973,0.0,-1.182948522616796,-1.0,4,,,,,0.65,0.0,0,0,0,0,0,0.65,31.740948000000003,0,1,0,0,1,0.65,31.740948000000003,0,1,0,0,1,0.65,31.740948000000003,0,1,0,0,1
Feather_Reef,2006,Storm_Only,0.44,37.03968,2005,2007,1,11.273579912296478,8.492201154147924,2.781378758148554,2.781378758148554,0.24671655142257068,0.24671655142257068,16,,,,,3.4699999999999998,0.0,0,0,0,0,0,5.34,0.0,0,0,0,0,0,6.81,0.0,0,0,0,0,0,9.370000000000001,0.0,0,0,0,0,0
Feather_Reef,2011,Storm_Only,0.6900000000000001,41.000868,2010,2012,1,39.50905975204123,21.14439952140011,18.36466023064112,18.36466023064112,0.464821495269634,0.464821495269634,5,44.12580284530768,4.01851714376781,27.03471396476713,21.888913770926663,3.06,0.0,0,0,0,0,0,3.5,37.03968,0,1,0,0,1,6.5,37.03968,0,1,0,0,1,6.970000000000001,37.03968,0,1,0,0,1
Feather_Reef,2017,Heatwave_Only,8.91,0.0,2016,2019,2,49.76011425224977,9.83973257926609,39.92038167298368,39.92038167298368,0.8022566321012574,0.8022566321012574,6,37.713187473844414,3.674701053573613,34.16481774227701,35.864834739411286,4.550000000000001,0.0,0,0,0,0,0,8.16,0.0,0,0,0,0,0,10.0,41.000868,0,1,0,0,1,10.82,41.000868,0,1,0,0,1
Feather_Reef,2020,Heatwave_Only,5.45,0.0,2019,2021,1,9.83973257926609,15.695346141102997,-5.855613561836906,0.0,-0.5950988519927494,-0.5950988519927494,3,62.18532676709098,4.253068865037733,12.046816766859028,37.75325787226597,9.709999999999999,0.0,1,0,0,1,0,14.26,0.0,1,0,0,1,0,17.21,0.0,1,0,0,1,0,17.87,0.0,1,0,0,1,0
Feather_Reef,2022,Heatwave_Only,4.65,0.0,2021,2022,0,15.695346141102997,29.09897511843996,-13.403628977336963,0.0,-0.8539874722632284,-0.8539874722632284,2,65.66811498694658,7.559535851145556,10.931586728792348,33.76093468124253,6.090000000000001,0.0,1,0,0,1,0,15.61,0.0,2,0,0,1,0,20.16,0.0,2,0,0,1,0,20.16,0.0,2,0,0,1,0
Feather_Reef,2024,Heatwave_Only,5.54,0.0,2023,2024,0,34.15060589846371,32.72948637987422,1.4211195185894923,1.4211195185894923,0.041613303225563635,0.041613303225563635,2,52.24462790935384,7.146841267896137,17.01343194726243,40.86234318101955,6.03,0.0,1,0,0,1,0,11.670000000000002,0.0,2,0,0,1,0,21.189999999999998,0.0,3,0,0,1,0,23.490000000000002,0.0,3,0,0,1,0
Feather_Reef,2025,Heatwave_Only,6.34,0.0,2024,2025,0,32.72948637987422,33.62634411954204,-0.8968577396678228,0.0,-0.027402133026423296,-0.027402133026423296,1,54.360266583482186,7.298332143522498,19.52416243011228,87.88996463036736,11.120000000000001,0.0,2,0,0,1,0,17.02,0.0,3,0,0,1,0,17.82,0.0,3,0,0,1,0,26.73,0.0,4,0,0,1,0
Fitzroy_Island,2006,Storm_Only,1.52,30.83641151543617,2005,2007,1,14.878625662661554,17.392635194370232,-2.5140095317086786,0.0,-0.16896785957977797,-0.16896785957977797,10,51.866470597248274,0.3405293432314602,,18.204394490952343,1.51,0.0,0,0,0,0,0,2.97,0.0,0,0,0,0,0,4.279999999999999,0.0,0,0,0,0,0,5.29,0.0,0,0,0,0,0
Fitzroy_Island,2010,Storm_Only,1.08,18.51984,2009,2013,3,24.11722344234805,28.27183515934281,-4.154611716994761,0.0,-0.1722674140713716,-0.1722674140713716,10,34.173025325256326,0.6791647264438977,9.037009972449589,19.38750619370204,2.23,0.0,0,0,0,0,0,4.2700000000000005,0.0,0,0,0,0,0,5.260000000000001,0.0,0,0,0,0,0,6.55,0.0,0,0,0,0,0
Fitzroy_Island,2011,Storm_Only,1.02,21.851255536541192,2009,2013,2,24.11722344234805,28.27183515934281,-4.154611716994761,0.0,-0.1722674140713716,-0.1722674140713716,10,34.173025325256326,0.6791647264438977,9.037009972449589,19.38750619370204,2.6900000000000004,0.0,0,0,0,0,0,4.83,0.0,0,0,0,0,0,6.340000000000001,0.0,0,0,0,0,0,6.340000000000001,0.0,0,0,0,0,0
Fitzroy_Island,2017,Heatwave_Only,10.69,0.0,2015,2017,0,16.139482911877113,16.787673416272998,-0.6481905043958847,0.0,-0.04016178882155379,-0.04016178882155379,10,48.43480556130865,0.4207362786019543,13.798332942524295,13.558993923840834,4.529999999999999,0.0,0,0,0,0,0,7.15,0.0,0,0,0,0,0,9.25,0.0,0,0,0,0,0,10.86,0.0,0,0,0,0,0
Fitzroy_Island,2020,Heatwave_Only,4.88,0.0,2019,2022,2,20.221677790182465,32.801255403504705,-12.57957761332224,0.0,-0.6220837728622879,-0.6220837728622879,3,48.61190659624172,0.2430802085086092,10.038834452107825,13.713838800793685,11.52,0.0,1,0,0,1,0,16.05,0.0,1,0,0,1,0,18.360000000000003,0.0,1,0,0,1,0,18.67,0.0,1,0,0,1,0
Fitzroy_Island,2024,Heatwave_Only,7.82,0.0,2023,2024,0,33.55113015235705,37.80846487185232,-4.257334719495276,0.0,-0.12689094823818292,-0.12689094823818292,4,35.361123257172174,0.4425143822183957,6.496790089005804,28.840703932402317,4.13,0.0,0,0,0,0,0,9.680000000000001,20.99974402204592,1,1,1,1,1,20.53,20.99974402204592,2,1,1,1,1,23.68,20.99974402204592,2,1,1,1,1
Fitzroy_Island,2025,Heatwave_Only,6.86,0.0,2024,2025,0,37.80846487185232,38.257587665057486,-0.4491227932051629,0.0,-0.011878895234900854,-0.011878895234900854,1,32.48573006573013,0.555187851019173,13.458903377601937,22.294320136876664,11.63,0.0,1,0,0,1,0,16.830000000000002,20.99974402204592,2,1,1,1,1,17.660000000000004,20.99974402204592,2,1,1,1,1,28.35,20.99974402204592,3,1,1,1,1
Fore_and_Aft_Reef,2011,Storm_Only,1.41,23.014637510584315,2010,2012,1,9.286001454614487,2.8103399048720967,6.475661549742391,6.475661549742391,0.6973573697346821,0.6973573697346821,10,74.99657739052023,11.444631448076798,14.49936617425588,51.87676939562039,0.0,0.0,0,0,0,0,0,0.0,0.0,0,0,0,0,0,0.0,0.0,0,0,0,0,0,0.0,0.0,0,0,0,0,0
Fore_and_Aft_Reef,2017,Heatwave_Only,6.88,0.0,2016,2018,1,20.6087314838366,23.5749849284998,-2.9662534446631987,0.0,-0.14393187892178747,-0.14393187892178747,10,71.32074140464712,1.8885398228843155,41.60557163090948,47.72808646131026,0.0,0.0,0,0,0,0,0,0.0,0.0,0,0,0,0,0,0.0,0.0,0,0,0,0,0,0.0,0.0,0,0,0,0,0
Fore_and_Aft_Reef,2020,Concurrent,4.6000000000000005,30.187835979791867,2018,2020,0,23.5749849284998,28.037032384678795,-4.462047456178997,0.0,-0.1892704266709765,-0.1892704266709765,10,65.77812621368113,3.490069738296712,18.77123913218236,48.75168559950063,0.0,0.0,0,0,0,0,0,0.0,0.0,0,0,0,0,0,0.0,0.0,0,0,0,0,0,0.0,0.0,0,0,0,0,0
Fork_Reef,1988,Storm_Only,0.0,22.481028,1987,1989,1,10.13322078593697,11.686893720648715,-1.553672934711745,0.0,-0.15332468990194656,-0.15332468990194656,1,,,,,7.949999999999999,0.0,1,0,0,1,0,7.949999999999999,0.0,1,0,0,1,0,7.949999999999999,0.0,1,0,0,1,0,7.949999999999999,0.0,1,0,0,1,0
Fork_Reef,1989,Storm_Only,0.33,33.461362281413145,1988,1989,0,12.755343062295427,11.686893720648715,1.068449341646712,1.068449341646712,0.08376484555754754,0.08376484555754754,1,,,,,7.949999999999999,22.80094608347571,1,1,0,1,1,7.949999999999999,22.80094608347571,1,1,0,1,1,7.949999999999999,22.80094608347571,1,1,0,1,1,7.949999999999999,22.80094608347571,1,1,0,1,1
Fork_Reef,2016,Heatwave_Only,4.36,0.0,2014,2016,0,10.363851160433155,17.557332371427364,-7.193481210994209,0.0,-0.6940934503630558,-0.6940934503630558,16,73.87475413714945,2.592723852850914,26.534208426431864,50.12269389499695,3.3099999999999996,0.0,0,0,0,0,0,6.68,0.0,0,0,0,0,0,8.57,0.0,0,0,0,0,0,8.57,0.0,0,0,0,0,0
Fork_Reef,2017,Heatwave_Only,5.33,0.0,2016,2018,1,17.557332371427364,20.65387094900915,-3.0965385775817857,0.0,-0.1763672585375819,-0.1763672585375819,1,73.1172425047278,1.8312670073170128,29.001876578724342,63.22258973481521,6.7,0.0,1,0,0,1,0,8.95,0.0,1,0,0,1,0,11.7,0.0,1,0,0,1,0,12.93,0.0,1,0,0,1,0
Fork_Reef,2020,Concurrent,5.96,36.51172104748385,2018,2020,0,20.65387094900915,23.295868247260657,-2.641997298251507,0.0,-0.12791777893713693,-0.12791777893713693,3,66.5861865220604,2.3058587003416644,15.632082284715924,52.73207531154977,5.48,0.0,1,0,0,1,0,12.180000000000001,0.0,2,0,0,2,0,13.15,0.0,2,0,0,2,0,14.430000000000001,0.0,2,0,0,2,0
Fork_Reef,2022,Heatwave_Only,4.8,0.0,2020,2025,3,23.295868247260657,40.90245759650253,-17.606589349241872,0.0,-0.755781633136263,-0.755781633136263,2,61.1510932480232,2.48705976477183,14.690871526807143,74.77611980337593,5.96,36.85445892368115,1,1,1,1,1,11.440000000000001,36.85445892368115,2,1,1,1,1,18.14,36.85445892368115,3,1,1,2,1,18.14,36.85445892368115,3,1,1,2,1
Gannet_Cay,1992,Storm_Only,1.62,22.481028,1991,1995,3,61.3860107488418,46.64886130660037,14.737149442241432,14.737149442241432,0.2400734183971954,0.2400734183971954,10,,,,,1.1500000000000001,0.0,0,0,0,0,0,1.1500000000000001,0.0,0,0,0,0,0,1.1500000000000001,0.0,0,0,0,0,0,1.1500000000000001,0.0,0,0,0,0,0
Gannet_Cay,1994,Storm_Only,0.32,29.117304,1993,1997,3,59.87610152377047,38.254237533949954,21.62186398982052,21.62186398982052,0.3611100829808828,0.3611100829808828,2,31.680130723070583,0.0,,,1.85,22.481028,0,1,0,0,1,2.7700000000000005,22.481028,0,1,0,0,1,2.7700000000000005,22.481028,0,1,0,0,1,2.7700000000000005,22.481028,0,1,0,0,1
Gannet_Cay,2002,Heatwave_Only,4.2,0.0,2001,2002,0,6.358417180812206,3.6767479510544168,2.6816692297577895,2.6816692297577895,0.42175106689291514,0.42175106689291514,8,81.32007834095751,1.3435581348860737,,51.63040385263524,0.14,0.0,0,0,0,0,0,2.5100000000000002,0.0,0,0,0,0,0,2.8600000000000003,0.0,0,0,0,0,0,3.18,29.117304,0,1,0,0,1
Gannet_Cay,2009,Storm_Only,0.29,42.338412,2008,2011,2,13.104038634443802,6.1165543497174895,6.987484284726312,6.987484284726312,0.5332313555883296,0.5332313555883296,7,71.74939685157914,0.9442562609905182,17.835086912726684,44.5907222128444,1.9600000000000002,0.0,0,0,0,0,0,5.16,0.0,0,0,0,0,0,9.36,0.0,1,0,0,1,0,9.360000000000001,0.0,1,0,0,1,0
Gannet_Cay,2020,Heatwave_Only,6.8,0.0,2019,2023,3,23.560759614131285,4.941148532649486,18.6196110814818,18.6196110814818,0.7902805930889477,0.7902805930889477,11,65.32811963502485,1.1057069661974366,21.76564235465419,29.873995670522568,1.11,0.0,0,0,0,0,0,2.08,0.0,0,0,0,0,0,2.08,0.0,0,0,0,0,0,2.2199999999999998,0.0,0,0,0,0,0
Gannet_Cay,2024,Heatwave_Only,8.47,0.0,2023,2025,1,4.941148532649486,6.879262317708815,-1.9381137850593282,0.0,-0.3922395314071028,-0.3922395314071028,4,89.46423674317425,2.7748636490123664,20.344384385867365,49.69160469444498,0.95,0.0,0,0,0,0,0,7.75,0.0,1,0,0,1,0,8.86,0.0,1,0,0,1,0,9.21,0.0,1,0,0,1,0
Green_Island,1990,Storm_Only,0.0,19.051087112456987,1989,1991,1,6.837518918933692,7.9453553563263375,-1.1078364373926455,0.0,-0.16202316227966096,-0.16202316227966096,4,,,,,1.21,0.0,0,0,0,0,0,1.21,19.78307543524911,0,1,0,0,1,1.21,19.78307543524911,0,1,0,0,1,1.21,19.78307543524911,0,1,0,0,1
Green_Island,2006,Storm_Only,0.98,25.00307301656869,2005,2006,0,9.855858574930226,8.589089089968745,1.2667694849614808,1.2667694849614808,0.12852959235674188,0.12852959235674188,16,70.74595927725143,3.5471985759656226,,49.49947066048829,1.53,0.0,0,0,0,0,0,4.78,0.0,0,0,0,0,0,6.04,0.0,0,0,0,0,0,6.99,0.0,0,0,0,0,0
Green_Island,2010,Storm_Only,1.4,18.51984,2009,2010,0,21.13129342861967,9.032050469533177,12.099242959086494,12.099242959086494,0.5725746509534336,0.5725746509534336,4,55.082391478914985,2.810990296514488,8.336550037428056,37.53686277238878,2.75,0.0,0,0,0,0,0,4.23,26.91502165445073,0,1,0,0,1,5.26,26.91502165445073,0,1,0,0,1,7.27,26.91502165445073,0,1,0,0,1
Green_Island,2017,Heatwave_Only,11.08,0.0,2015,2017,0,6.198594560661906,8.99188005392466,-2.793285493262754,0.0,-0.45063206924191507,-0.45063206924191507,2,69.80951065265539,3.3245109627519907,13.956702004373936,45.76391421538472,5.55,26.087139456572835,0,1,0,0,1,7.859999999999999,26.087139456572835,0,1,0,0,1,10.309999999999999,44.60697945657283,0,2,0,0,1,12.48,44.60697945657283,0,2,0,0,1
Green_Island,2020,Heatwave_Only,5.42,0.0,2019,2021,1,11.81418176873147,14.914060547652012,-3.0998787789205426,0.0,-0.2623862438891007,-0.2623862438891007,3,72.4424621096481,3.722883841936492,10.718395694059833,35.80251769386034,11.84,0.0,1,0,0,1,0,17.389999999999997,26.087139456572835,1,1,0,1,1,19.409999999999997,26.087139456572835,1,1,0,1,1,19.7,26.087139456572835,1,1,0,1,1
Green_Island,2022,Heatwave_Only,4.23,0.0,2021,2022,0,14.914060547652012,16.26868029146519,-1.3546197438131795,0.0,-0.09082836558729429,-0.09082836558729429,2,66.30566602187059,9.176992753909254,16.31583965523116,51.06067234582549,6.34,0.0,1,0,0,1,0,17.569999999999997,0.0,2,0,0,1,0,23.119999999999994,26.087139456572835,2,1,0,1,1,23.119999999999997,26.087139456572835,2,1,0,1,1
Green_Island,2024,Heatwave_Only,8.15,0.0,2023,2024,0,17.57237117369634,26.561785128535703,-8.989413954839364,0.0,-0.5115652216756839,-0.5115652216756839,2,66.30566602187059,9.176992753909254,16.31583965523116,51.06067234582549,5.48,0.0,1,0,0,1,0,11.51,0.0,2,0,0,1,0,22.74,0.0,3,0,0,1,0,26.409999999999997,0.0,3,0,0,1,0
Grub_Reef_18_077,1988,Storm_Only,0.0,22.6711694553349,1986,1988,0,26.7353255754215,9.112010753423574,17.623314821997923,17.623314821997923,0.6591771165188094,0.6591771165188094,10,,,,,0.0,0.0,0,0,0,0,0,0.0,0.0,0,0,0,0,0,0.0,0.0,0,0,0,0,0,0.0,0.0,0,0,0,0,0
Grub_Reef_18_077,1989,Storm_Only,0.34,29.20178981897609,1988,1989,0,9.112010753423574,9.539463029803017,-0.4274522763794426,0.0,-0.046910861712804695,-0.046910861712804695,1,,,,,0.0,23.760244488434715,0,1,0,0,1,0.0,23.760244488434715,0,1,0,0,1,0.0,23.760244488434715,0,1,0,0,1,0.0,23.760244488434715,0,1,0,0,1
Grub_Reef_18_077,2017,Heatwave_Only,4.73,0.0,2016,2020,3,11.530810267646618,6.851916060738547,4.678894206908072,4.678894206908072,0.4057732369455604,0.4057732369455604,17,83.77351662551591,1.5428963386827872,16.48779593796084,51.43351763437869,5.550000000000001,0.0,0,0,0,0,0,7.29,0.0,0,0,0,0,0,9.600000000000001,0.0,0,0,0,0,0,10.07,0.0,0,0,0,0,0
Grub_Reef_18_077,2020,Concurrent,5.7700000000000005,38.377224,2018,2020,0,7.5388999596790045,6.851916060738547,0.6869838989404577,0.6869838989404577,0.09112521755358437,0.09112521755358437,3,83.059790517817,1.7060757493142404,9.70045992675724,41.92653346180784,4.880000000000001,0.0,1,0,0,1,0,10.430000000000001,0.0,1,0,0,1,0,11.410000000000002,0.0,1,0,0,1,0,12.170000000000002,0.0,1,0,0,1,0
Grub_Reef_18_077,2022,Heatwave_Only,4.74,0.0,2020,2025,3,6.851916060738547,19.0176065232126,-12.165690462474053,0.0,-1.7755165642182067,-1.0,2,80.00003712517206,1.3547318783917528,10.46661699644252,47.52627540922347,5.7700000000000005,38.377224,1,1,1,1,1,10.650000000000002,38.377224,2,1,1,1,1,16.200000000000003,38.377224,2,1,1,1,1,16.200000000000003,38.377224,2,1,1,1,1
Hastings_Reef,1999,Storm_Only,0.95,19.857384,1998,2000,1,28.153902017560416,23.906750775874585,4.247151241685831,4.247151241685831,0.15085479941774174,0.15085479941774174,8,55.92647166825089,4.973428927096498,,42.69015327274059,1.55,0.0,0,0,0,0,0,6.7700000000000005,0.0,0,0,0,0,0,6.7700000000000005,0.0,0,0,0,0,0,6.77,17.628862659932206,0,1,0,0,1
Hastings_Reef,2010,Storm_Only,1.52,18.51984,2009,2012,2,25.40680297015538,20.00196770726912,5.404835262886259,5.404835262886259,0.21273181317756348,0.21273181317756348,11,61.9397765389658,2.5917279800173927,11.388341588025106,56.051218398226176,3.2800000000000002,0.0,0,0,0,0,0,4.23,0.0,0,0,0,0,0,5.92,0.0,0,0,0,0,0,9.25,0.0,0,0,0,0,0
Hastings_Reef,2016,Heatwave_Only,5.29,0.0,2015,2018,2,26.97630886397926,9.773092201931195,17.203216662048064,17.203216662048064,0.637715736010832,0.637715736010832,6,62.60621451459119,2.1708999877408823,19.645156166498253,50.38813508633429,3.29,0.0,0,0,0,0,0,4.99,0.0,0,0,0,0,0,9.34,18.51984,0,1,0,0,1,9.79,18.51984,0,1,0,0,1
Hastings_Reef,2017,Heatwave_Only,10.25,0.0,2016,2018,1,33.58429811537357,9.773092201931195,23.811205913442375,23.811205913442375,0.7089981702652449,0.7089981702652449,1,56.59761691806289,3.5193667229940417,17.00653328581727,57.42899459362028,6.92,0.0,1,0,0,1,0,8.870000000000001,0.0,1,0,0,1,0,11.8,18.51984,1,1,0,1,1,14.629999999999999,18.51984,1,1,0,1,1
Hastings_Reef,2020,Heatwave_Only,7.59,0.0,2019,2020,0,10.476015195658842,12.74133374805204,-2.2653185523931985,0.0,-0.2162385706859154,-0.2162385706859154,3,80.84628520105804,3.5884379033138925,10.517726495620837,69.115774445389,10.84,0.0,1,0,0,1,0,17.76,0.0,2,0,0,2,0,19.419999999999998,0.0,2,0,0,2,0,19.71,0.0,2,0,0,2,0
Hastings_Reef,2022,Heatwave_Only,4.74,0.0,2021,2022,0,13.65697275712128,13.942439935823108,-0.285467178701829,0.0,-0.02090266882556204,-0.02090266882556204,2,76.78797667796707,3.449007426985263,6.326300939129411,54.44419249031656,8.969999999999999,0.0,1,0,0,1,0,19.36,0.0,2,0,0,1,0,26.28,0.0,3,0,0,2,0,26.279999999999998,0.0,3,0,0,2,0
Hastings_Reef,2024,Heatwave_Only,7.62,0.0,2023,2025,1,18.97647266268013,15.379763518519656,3.5967091441604744,3.5967091441604744,0.18953517906591263,0.18953517906591263,2,70.98744065283311,5.798635328317846,7.173892500554623,61.916805536341,6.47,0.0,1,0,0,1,0,14.51,0.0,2,0,0,1,0,24.900000000000002,0.0,3,0,0,1,0,30.189999999999998,0.0,4,0,0,2,0
Hastings_Reef,2025,Heatwave_Only,6.03,0.0,2024,2025,0,17.748490360107017,15.379763518519656,2.3687268415873604,2.3687268415873604,0.133460750380861,0.133460750380861,1,70.75494134064459,6.0293932106979415,11.996486713712477,85.16265993627614,13.16,0.0,2,0,0,1,0,21.68,0.0,3,0,0,1,0,22.27,0.0,3,0,0,1,0,32.519999999999996,0.0,4,0,0,1,0
Havannah_Island,1998,Heatwave_Only,5.4,0.0,1997,2001,3,42.32133932133041,7.220983267184383,35.10035605414603,35.10035605414603,0.8293772507444034,0.8293772507444034,3,,,,20.045596626780192,4.6,0.0,1,0,0,1,0,8.83,0.0,2,0,0,2,0,8.83,0.0,2,0,0,2,0,8.83,0.0,2,0,0,2,0
Havannah_Island,2000,Storm_Only,0.0,26.442216,1999,2002,2,21.57583073202026,5.839616539882448,15.736214192137812,15.736214192137812,0.7293445331300272,0.7293445331300272,2,,,,23.4056655777558,5.890000000000001,0.0,1,0,0,1,0,10.49,0.0,2,0,0,1,0,14.72,0.0,3,0,0,2,0,14.72,0.0,3,0,0,2,0
Havannah_Island,2017,Heatwave_Only,8.71,0.0,2015,2017,0,3.268797560277528,5.9477689859175324,-2.6789714256400043,0.0,-0.8195586836563087,-0.8195586836563087,17,,,12.855112446285936,17.41581134264752,5.75,0.0,0,0,0,0,0,9.530000000000001,0.0,0,0,0,0,0,11.27,0.0,0,0,0,0,0,11.27,0.0,0,0,0,0,0
Havannah_Island,2020,Concurrent,8.18,38.377224,2019,2022,2,18.23161304343047,10.69991748094547,7.531695562485002,7.531695562485002,0.41311185930413064,0.41311185930413064,3,,,6.389572459857488,20.664190281752592,8.860000000000001,0.0,1,0,0,1,0,14.610000000000001,0.0,1,0,0,1,0,16.59,0.0,1,0,0,1,0,18.39,0.0,1,0,0,1,0
Havannah_Island,2022,Heatwave_Only,7.62,0.0,2021,2022,0,11.03729074068244,10.69991748094547,0.33737325973697097,0.33737325973697097,0.030566673259176193,0.030566673259176193,2,,,11.871443667031162,23.11764451012928,8.47,38.377224,1,1,1,1,1,17.18,38.377224,2,1,1,1,1,22.93,38.377224,2,1,1,1,1,22.93,38.377224,2,1,1,1,1
Havannah_Island,2024,Concurrent,6.92,23.818572,2023,2025,1,18.37176163590605,16.814527525738136,1.557234110167915,1.557234110167915,0.08476237287579613,0.08476237287579613,2,,,7.439581113272788,36.35886488862407,8.62,0.0,1,0,0,1,0,16.95,38.377224,2,1,1,1,1,25.66,38.377224,3,1,1,1,1,28.990000000000002,38.377224,3,1,1,1,1
Havannah_Island,2025,Heatwave_Only,5.3500000000000005,0.0,2024,2025,0,18.40777023863809,16.814527525738136,1.5932427128999542,1.5932427128999542,0.08655272704109063,0.08655272704109063,1,,,10.49707234422573,37.092348596009984,15.4,18.51984,2,1,1,1,1,23.72,56.897064,3,2,2,1,1,23.869999999999997,56.897064,3,2,2,1,1,32.58,56.897064,4,2,2,1,1
Hayman_Island,1996,Storm_Only,1.11,18.51984,1995,1998,2,43.53755555990993,37.05348087430256,6.484074685607375,6.484074685607375,0.14893060949838932,0.14893060949838932,10,31.828185257187265,0.2625547326074842,,15.100713248191584,2.05,0.0,0,0,0,0,0,2.05,0.0,0,0,0,0,0,2.76,0.0,0,0,0,0,0,2.76,0.0,0,0,0,0,0
Hayman_Island,2003,Storm_Only,0.0,23.552195111123133,2002,2003,0,45.539734286391045,43.08989201481783,2.4498422715732175,2.4498422715732175,0.05379570851614127,0.05379570851614127,10,35.04352170979557,0.3016499166619651,,16.507373070263462,2.25,0.0,0,0,0,0,0,3.01,0.0,0,0,0,0,0,4.12,0.0,0,0,0,0,0,4.62,0.0,0,0,0,0,0
Hayman_Island,2010,Storm_Only,1.17,29.117304,2009,2011,1,45.70132324572929,30.870980076655165,14.830343169074126,14.830343169074126,0.32450577173298795,0.32450577173298795,10,30.8395398717462,0.3464400676864372,6.358893022514487,14.640484918297473,0.31,0.0,0,0,0,0,0,1.16,0.0,0,0,0,0,0,4.47,0.0,0,0,0,0,0,6.72,0.0,0,0,0,0,0
Hayman_Island,2011,Storm_Only,0.0,18.51984,2009,2011,0,45.70132324572929,30.870980076655165,14.830343169074126,14.830343169074126,0.32450577173298795,0.32450577173298795,1,30.8395398717462,0.3464400676864372,6.358893022514487,14.640484918297473,1.48,29.117304,0,1,0,0,1,1.48,29.117304,0,1,0,0,1,5.64,29.117304,0,1,0,0,1,5.640000000000001,29.117304,0,1,0,0,1
Hayman_Island,2014,Storm_Only,0.0,19.857384,2013,2015,1,33.03223595089532,34.97428250932376,-1.9420465584284372,0.0,-0.058792464467601356,-0.058792464467601356,3,49.32390964416263,0.3946250478958711,10.778853940457386,21.343248941551163,2.9000000000000004,18.51984,0,1,0,0,1,4.38,47.637144,0,2,0,0,2,4.38,47.637144,0,2,0,0,2,4.38,47.637144,0,2,0,0,2
Hayman_Island,2017,Concurrent,6.3100000000000005,33.078492,2015,2019,2,34.97428250932376,5.458382900174894,29.515899609148864,29.515899609148864,0.8439315260085822,0.8439315260085822,3,47.000397045327816,0.6320694692360005,11.544564232487556,27.6031772009715,5.19,19.857384,0,1,0,0,1,8.09,19.857384,0,1,0,0,1,9.26,67.494528,0,3,0,0,2,9.57,67.494528,0,3,0,0,2
Hayman_Island,2020,Concurrent,7.66,38.377224,2019,2021,1,5.458382900174894,7.437104539061175,-1.978721638886281,0.0,-0.36251059610033587,-0.36251059610033587,3,82.46893897693275,1.12831923398469,2.4530407565203785,23.90267676756344,6.3100000000000005,29.117304,1,1,1,1,1,11.5,29.117304,1,1,1,1,1,12.610000000000001,48.974688,1,2,1,1,1,14.400000000000002,48.974688,1,2,1,1,1
Hayman_Island,2022,Heatwave_Only,4.7700000000000005,0.0,2021,2022,0,7.437104539061175,9.53097537684317,-2.093870837781995,0.0,-0.28154382216688795,-0.28154382216688795,2,81.30496141704093,2.162797695849757,11.251894376145891,36.65460331769084,7.66,38.377224,1,1,1,1,1,13.97,67.494528,2,2,2,1,1,19.16,67.494528,2,2,2,1,1,19.160000000000004,87.351912,2,3,2,1,1
Hayman_Island,2024,Heatwave_Only,5.8500000000000005,0.0,2023,2025,1,13.769057790467937,16.557166603156766,-2.7881088126888294,0.0,-0.2024908933579308,-0.2024908933579308,2,74.86086100860427,1.854868707346188,17.2337127888647,34.628457059171,5.36,0.0,1,0,0,1,0,13.02,38.377224,2,1,1,1,1,19.330000000000002,67.494528,3,2,2,1,1,22.630000000000003,67.494528,3,2,2,1,1
Hayman_Island,2025,Heatwave_Only,4.2,0.0,2024,2025,0,16.681749158731787,16.557166603156766,0.12458255557502085,0.12458255557502085,0.007468194994996083,0.007468194994996083,1,67.54892183286519,0.2830922937809875,20.69524824972781,74.86342171242919,11.21,0.0,2,0,0,1,0,18.87,38.377224,3,1,1,1,1,18.87,38.377224,3,1,1,1,1,25.18,67.494528,4,2,2,1,1
Helix_Reef,1988,Storm_Only,0.0,21.03010921597967,1987,1988,0,3.693831137543219,5.75423060382448,-2.060399466281261,0.0,-0.5577947094927681,-0.5577947094927681,10,,,,,0.0,0.0,0,0,0,0,0,0.0,0.0,0,0,0,0,0,0.0,0.0,0,0,0,0,0,0.0,0.0,0,0,0,0,0
Helix_Reef,1989,Storm_Only,0.52,25.275819623241777,1988,1989,0,5.75423060382448,5.825057914015069,-0.07082731019058919,0.0,-0.012308736835036586,-0.012308736835036586,1,,,,,0.0,22.353065166911385,0,1,0,0,1,0.0,22.353065166911385,0,1,0,0,1,0.0,22.353065166911385,0,1,0,0,1,0.0,22.353065166911385,0,1,0,0,1
Helix_Reef,2000,Storm_Only,0.0,22.481028,1999,2002,2,28.523775729475,32.00437932590721,-3.4806035964322106,0.0,-0.12202464461377512,-0.12202464461377512,11,,,,,3.4,0.0,0,0,0,0,0,6.3999999999999995,0.0,0,0,0,0,0,7.64,0.0,0,0,0,0,0,7.640000000000001,0.0,0,0,0,0,0
Helix_Reef,2017,Heatwave_Only,5.41,0.0,2016,2020,3,27.464202364706875,31.067842203335672,-3.6036398386287978,0.0,-0.13121225188974314,-0.13121225188974314,17,69.43931447794512,1.0309491418792265,24.33027445413164,47.857334302422245,4.84,0.0,0,0,0,0,0,6.33,0.0,0,0,0,0,0,8.52,0.0,0,0,0,0,0,9.129999999999999,0.0,0,0,0,0,0
Helix_Reef,2020,Concurrent,5.4,37.07313360443265,2018,2020,0,37.4045259675135,31.067842203335672,6.3366837641778275,6.3366837641778275,0.16940954604481154,0.16940954604481154,3,59.8504568680814,1.161889936101657,24.87106887468624,38.56327320867472,5.41,0.0,1,0,0,1,0,10.25,0.0,1,0,0,1,0,11.28,0.0,1,0,0,1,0,11.74,0.0,1,0,0,1,0
Helix_Reef,2022,Heatwave_Only,4.87,0.0,2020,2025,3,31.067842203335672,24.692744557885817,6.375097645449856,6.375097645449856,0.20519924118725497,0.20519924118725497,2,63.11520090605973,0.6077199837253923,18.01019182327366,64.85066943331701,5.4,37.31422880098229,1,1,1,1,1,10.81,37.31422880098229,2,1,1,1,1,15.65,37.31422880098229,2,1,1,1,1,15.65,37.31422880098229,2,1,1,1,1
Helix_Reef,2024,Concurrent,6.11,23.818572,2023,2025,1,32.0710105286844,24.692744557885817,7.37826597079858,7.37826597079858,0.23006028962509428,0.23006028962509428,2,64.17100942444817,1.9191893977632053,13.568195323097877,64.45375707494046,6.15,0.0,1,0,0,1,0,11.549999999999999,37.31422880098229,2,1,1,1,1,16.96,37.31422880098229,3,1,1,1,1,19.520000000000003,37.31422880098229,3,1,1,1,1
Helix_Reef,2025,Heatwave_Only,4.92,0.0,2024,2025,0,28.593109897310093,24.692744557885817,3.900365339424276,3.900365339424276,0.13640927319316198,0.13640927319316198,1,67.76893869001064,0.8574705909310042,12.47466081259296,86.65171741246417,12.260000000000002,18.51984,2,1,1,1,1,17.66,55.834068800982294,3,2,2,1,1,17.66,55.834068800982294,3,2,2,1,1,23.07,55.834068800982294,4,2,2,1,1
Horseshoe_Reef,1992,Storm_Only,1.23,22.481028,1991,1993,1,26.103336175580004,36.80273783314341,-10.699401657563406,0.0,-0.40988636799509287,-0.40988636799509287,10,,,,,1.23,0.0,0,0,0,0,0,1.23,0.0,0,0,0,0,0,1.23,0.0,0,0,0,0,0,1.23,0.0,0,0,0,0,0
Horseshoe_Reef,1994,Storm_Only,0.32,29.117304,1993,1995,1,36.80273783314341,43.47760484208444,-6.674867008941028,0.0,-0.18136876226990506,-0.18136876226990506,2,50.16043746264744,0.3810786112602181,,,1.62,22.481028,0,1,0,0,1,2.46,22.481028,0,1,0,0,1,2.46,22.481028,0,1,0,0,1,2.46,22.481028,0,1,0,0,1
Horseshoe_Reef,2002,Heatwave_Only,4.54,0.0,2001,2003,1,23.147648240010177,10.712877207731909,12.434771032278269,12.434771032278269,0.5371937098467331,0.5371937098467331,8,69.59616140804745,1.6028926880760457,,41.62089540632623,0.3,0.0,0,0,0,0,0,3.29,0.0,0,0,0,0,0,3.63,0.0,0,0,0,0,0,3.95,29.117304,0,1,0,0,1
Horseshoe_Reef,2004,Heatwave_Only,4.05,0.0,2003,2006,2,10.712877207731909,9.294694509177994,1.418182698553915,1.418182698553915,0.13238112143489858,0.13238112143489858,2,81.65765708647015,0.4459087380761641,,47.62372667739911,4.54,0.0,1,0,0,1,0,4.84,0.0,1,0,0,1,0,7.83,0.0,1,0,0,1,0,8.17,0.0,1,0,0,1,0
Horseshoe_Reef,2009,Storm_Only,0.6,42.338412,2007,2009,0,23.335274119617274,38.09504932130007,-14.759775201682793,0.0,-0.6325091844228513,-0.6325091844228513,5,71.26722686680465,0.964862323726794,26.614395938429027,56.42749153743479,2.12,0.0,0,0,0,0,0,6.169999999999999,0.0,1,0,0,1,0,10.71,0.0,2,0,0,1,0,10.71,0.0,2,0,0,1,0
Horseshoe_Reef,2020,Heatwave_Only,6.5200000000000005,0.0,2019,2021,1,5.853870173943207,5.613189157899254,0.2406810160439532,0.2406810160439532,0.04111485374501034,0.04111485374501034,11,90.47898172047964,0.8835878434602292,13.753820476474578,49.67352542817596,1.08,0.0,0,0,0,0,0,2.19,0.0,0,0,0,0,0,2.19,0.0,0,0,0,0,0,2.19,0.0,0,0,0,0,0
Horseshoe_Reef,2024,Heatwave_Only,9.19,0.0,2023,2026,2,14.298156399795618,16.542599788068422,-2.2444433882728045,0.0,-0.1569743207106678,-0.1569743207106678,4,80.6752174049744,3.064630611599028,33.649573032725954,56.73369287382861,0.36,0.0,0,0,0,0,0,6.880000000000001,0.0,1,0,0,1,0,7.960000000000001,0.0,1,0,0,1,0,8.49,0.0,1,0,0,1,0
Hoskyn_Island,2009,Heatwave_Only,6.17,0.0,2008,2012,3,71.20142237005047,13.616385294964836,57.58503707508563,57.58503707508563,0.8087624538706925,0.8087624538706925,5,31.072647479117183,0.4996906203998333,9.471100859468276,31.07976735966996,4.43,0.0,0,0,0,0,0,17.66,0.0,1,0,0,1,0,17.66,0.0,1,0,0,1,0,17.66,0.0,1,0,0,1,0
Hyde_Reef,2003,Storm_Only,0.0,29.117304,2002,2005,2,18.003569862806184,14.515498103489394,3.4880717593167905,3.4880717593167905,0.1937433401207193,0.1937433401207193,10,22.943183246033406,1.3748953895980331,,36.86994009482512,3.02,0.0,0,0,0,0,0,4.11,0.0,0,0,0,0,0,4.27,0.0,0,0,0,0,0,4.41,0.0,0,0,0,0,0
Hyde_Reef,2009,Storm_Only,2.95,42.338412,2007,2011,2,16.60753488598341,5.633150756086711,10.974384129896698,10.974384129896698,0.6608075313548772,0.6608075313548772,10,31.164566771609326,1.815554585225285,16.2932880498386,43.63556236987535,1.32,0.0,0,0,0,0,0,4.5600000000000005,0.0,0,0,0,0,0,6.430000000000001,0.0,0,0,0,0,0,7.579999999999999,0.0,0,0,0,0,0
Hyde_Reef,2010,Storm_Only,0.62,29.117304,2009,2013,3,9.638452085950869,3.5968414344920743,6.041610651458795,6.041610651458795,0.6268237469650468,0.6268237469650468,10,66.04161708428963,5.954315867019725,5.826562753522787,57.56662490816949,3.27,0.0,0,0,0,0,0,4.42,0.0,0,0,0,0,0,7.510000000000001,0.0,0,0,0,0,0,9.379999999999999,0.0,0,0,0,0,0
Hyde_Reef,2017,Storm_Only,2.61,35.75358,2015,2017,0,6.83272281432588,13.900461086581048,-7.067738272255168,0.0,-1.0343955790854769,-1.0,10,84.39179417984774,0.8835446989003723,31.426395666799884,66.07475163072215,2.78,0.0,0,0,0,0,0,2.78,0.0,0,0,0,0,0,3.69,0.0,0,0,0,0,0,6.640000000000001,0.0,0,0,0,0,0
Hyde_Reef,2020,Concurrent,5.84,38.377224,2019,2021,1,21.496294436330963,35.301662561280864,-13.8053681249499,0.0,-0.6422208332621924,-0.6422208332621924,10,59.34258098240469,0.672754473793275,23.60748408443833,69.93790088919813,2.61,0.0,0,0,0,0,0,5.39,0.0,0,0,0,0,0,5.39,0.0,0,0,0,0,0,5.39,0.0,0,0,0,0,0
Hyde_Reef,2022,Heatwave_Only,5.25,0.0,2021,2025,3,35.301662561280864,29.39764183332194,5.9040207279589225,5.9040207279589225,0.1672448349340492,0.1672448349340492,2,40.72211293444631,0.7590399004450515,35.25531028725904,46.01342336771283,5.84,0.0,1,0,0,1,0,8.45,0.0,1,0,0,1,0,11.23,0.0,1,0,0,1,0,11.23,0.0,1,0,0,1,0
Hyde_Reef,2024,Heatwave_Only,9.25,0.0,2023,2025,1,40.16599117409249,29.39764183332194,10.768349340770548,10.768349340770548,0.2680961934711636,0.2680961934711636,2,37.12174839698421,0.7777839805053789,23.64762315990224,55.02560043550695,6.03,0.0,1,0,0,1,0,11.87,0.0,2,0,0,1,0,14.479999999999999,0.0,2,0,0,1,0,16.630000000000003,0.0,2,0,0,1,0
Jenkins_Reef,2009,Storm_Only,0.6,42.338412,2008,2012,3,21.81748016533304,17.947807077982432,3.869673087350609,3.869673087350609,0.1773657204235409,0.1773657204235409,5,69.82652970750915,1.0495237345313455,17.476993625767037,57.27947715772005,2.67,0.0,0,0,0,0,0,17.56,0.0,1,0,0,1,0,17.56,0.0,1,0,0,1,0,17.560000000000002,0.0,1,0,0,1,0
Jenkins_Reef,2012,Heatwave_Only,4.48,0.0,2010,2012,0,28.75005314350552,17.947807077982432,10.80224606552309,10.80224606552309,0.3757296034064291,0.3757296034064291,2,62.334700881834806,1.0762946784042802,24.07892553186456,56.61320912061658,2.93,21.9496391480945,0,1,0,0,1,3.96,21.9496391480945,0,1,0,0,1,6.919999999999999,21.9496391480945,0,1,0,0,1,20.490000000000002,21.9496391480945,1,1,0,1,1
Jenkins_Reef,2020,Heatwave_Only,6.41,0.0,2018,2020,0,2.5652794565274464,2.435292710138349,0.12998674638909735,0.12998674638909735,0.05067157344527957,0.05067157344527957,8,94.60743186835684,0.4889975016211454,7.893150021674079,61.48155811663352,2.5700000000000003,0.0,0,0,0,0,0,3.23,0.0,0,0,0,0,0,3.75,0.0,0,0,0,0,0,8.23,0.0,1,0,0,1,0
Jenkins_Reef,2024,Heatwave_Only,9.33,0.0,2022,2026,2,9.516700018015184,29.51679798201327,-20.000097963998087,0.0,-2.1015791110508633,-1.0,4,,,,,0.35,0.0,0,0,0,0,0,6.76,38.377224,1,1,1,1,1,9.33,38.377224,1,1,1,1,1,9.7,38.377224,1,1,1,1,1
John_Brewer_Reef,1988,Storm_Only,0.0,18.779630938754828,1987,1989,1,5.650646745670086,6.712980643161737,-1.0623338974916514,0.0,-0.18800217838881625,-0.18800217838881625,10,,,,,0.0,0.0,0,0,0,0,0,0.0,0.0,0,0,0,0,0,0.0,0.0,0,0,0,0,0,0.0,0.0,0,0,0,0,0
John_Brewer_Reef,2000,Storm_Only,0.0,26.442216,1999,2003,3,28.33420095434713,1.716715506013504,26.617485448333625,26.617485448333625,0.939411896288181,0.939411896288181,10,57.157733794889,5.866210684673883,,32.93703790359144,3.4699999999999998,0.0,0,0,0,0,0,6.59,0.0,0,0,0,0,0,7.680000000000001,0.0,0,0,0,0,0,7.68,0.0,0,0,0,0,0
John_Brewer_Reef,2017,Heatwave_Only,5.7,0.0,2016,2020,3,42.46505071665256,9.109232100777296,33.355818615875265,33.355818615875265,0.7854887266811826,0.7854887266811826,10,68.30366288650171,1.6005691643051971,20.19475685602922,46.54256080233331,4.09,0.0,0,0,0,0,0,6.3,0.0,0,0,0,0,0,8.719999999999999,0.0,0,0,0,0,0,9.2,0.0,0,0,0,0,0
John_Brewer_Reef,2020,Concurrent,4.21,37.27278029703682,2019,2020,0,11.091062785755089,9.109232100777296,1.9818306849777922,1.9818306849777922,0.17868717572523124,0.17868717572523124,3,80.88569912671808,3.14117242809592,5.998375251776402,37.28838984885417,5.7,0.0,1,0,0,1,0,9.79,0.0,1,0,0,1,0,11.530000000000001,0.0,1,0,0,1,0,12.0,0.0,1,0,0,1,0
John_Brewer_Reef,2022,Heatwave_Only,5.07,0.0,2021,2022,0,12.378213419849086,9.487783290287096,2.89043012956199,2.89043012956199,0.23350947600620944,0.23350947600620944,2,79.58290054989547,5.508582188643333,11.287575855609626,34.370181863508975,4.21,0.0,1,0,0,1,0,9.91,0.0,2,0,0,1,0,14.0,0.0,2,0,0,1,0,14.0,0.0,2,0,0,1,0
John_Brewer_Reef,2024,Concurrent,5.79,23.818572,2023,2024,0,10.476615274087733,12.834414016637997,-2.357798742550264,0.0,-0.22505348157452243,-0.22505348157452243,2,83.18885964780193,4.452779667826935,8.288797096767832,86.56452689180668,6.5200000000000005,0.0,1,0,0,1,0,10.73,0.0,2,0,0,1,0,16.43,0.0,3,0,0,1,0,18.35,0.0,3,0,0,1,0
Kelso_Reef,2006,Storm_Only,0.8200000000000001,19.06081035281096,2003,2007,1,10.29933866900547,5.389843570512482,4.909495098492989,4.909495098492989,0.4766806157435603,0.4766806157435603,10,,,,,3.37,0.0,0,0,0,0,0,7.55,0.0,0,0,0,0,0,8.05,0.0,0,0,0,0,0,11.719999999999999,0.0,0,0,0,0,0
Kelso_Reef,2011,Storm_Only,1.27,24.86900479664721,2010,2012,1,9.015775871949565,7.088470626386338,1.9273052455632262,1.9273052455632262,0.21377031471684835,0.21377031471684835,10,71.46242096768667,2.600064419207618,16.374662638400387,40.80692629866586,2.68,0.0,0,0,0,0,0,4.77,0.0,0,0,0,0,0,7.99,0.0,0,0,0,0,0,8.14,0.0,0,0,0,0,0
Kelso_Reef,2017,Heatwave_Only,7.640000000000001,0.0,2016,2018,1,15.715763396486294,13.375795641096666,2.339967755389628,2.339967755389628,0.14889303792348987,0.14889303792348987,10,66.93232557031378,1.1933175174603774,24.29831280758326,36.71447374197382,7.6,0.0,0,0,0,0,0,10.629999999999999,0.0,0,0,0,0,0,13.25,0.0,0,0,0,0,0,14.09,0.0,0,0,0,0,0
Kelso_Reef,2020,Concurrent,5.4,27.573317814333805,2018,2020,0,13.375795641096666,19.15171396984454,-5.775918328747874,0.0,-0.4318186733506578,-0.4318186733506578,3,71.78103012342251,2.053648859766917,25.701698485627567,34.24239017064741,7.950000000000001,0.0,1,0,0,1,0,14.530000000000001,0.0,1,0,0,1,0,17.639999999999997,0.0,1,0,0,1,0,18.58,0.0,1,0,0,1,0
Kelso_Reef,2021,Heatwave_Only,5.21,0.0,2020,2024,3,19.15171396984454,16.968826368802517,2.1828876010420224,2.1828876010420224,0.1139787073093877,0.1139787073093877,1,64.54492314767815,2.311447867227106,15.954002907968436,39.2047049283431,5.71,0.0,1,0,0,1,0,16.87,0.0,2,0,0,1,0,20.950000000000003,0.0,2,0,0,1,0,23.04,0.0,2,0,0,1,0
Kelso_Reef,2022,Heatwave_Only,5.24,0.0,2021,2024,2,22.89053264393153,16.968826368802517,5.9217062751290115,5.9217062751290115,0.25869674451192404,0.25869674451192404,1,64.54492314767815,2.311447867227106,15.954002907968436,39.2047049283431,10.77,0.0,2,0,0,2,0,18.560000000000002,0.0,3,0,0,2,0,25.14,0.0,3,0,0,2,0,26.16,0.0,3,0,0,2,0
Kelso_Reef,2024,Concurrent,6.72,20.598173142982528,2023,2024,0,19.679519160974653,16.968826368802517,2.7106927921721358,2.7106927921721358,0.13774182031579096,0.13774182031579096,2,65.94795243636605,3.555928376272699,20.545075991438264,54.519484799505314,12.09,0.0,2,0,0,2,0,17.65,0.0,3,0,0,3,0,25.440000000000005,0.0,4,0,0,3,0,28.96,0.0,4,0,0,3,0
Kelso_Reef,2025,Heatwave_Only,6.66,0.0,2024,2025,0,16.968826368802517,18.406850903792133,-1.4380245349896157,0.0,-0.08474507922559976,-0.08474507922559976,1,66.83885953048892,3.300411184001625,26.3237588073251,50.56563684127831,13.6,0.0,2,0,0,1,0,24.209999999999997,0.0,4,0,0,3,0,24.52,0.0,4,0,0,3,0,32.16,0.0,5,0,0,3,0
Knife_Reef,1988,Storm_Only,0.47,22.481028,1987,1989,1,16.896367728581595,15.922379660932355,0.9739880676492394,0.9739880676492394,0.05764481948399232,0.05764481948399232,10,,,,,0.0,0.0,0,0,0,0,0,0.0,0.0,0,0,0,0,0,0.0,0.0,0,0,0,0,0,0.0,0.0,0,0,0,0,0
Knife_Reef,1989,Storm_Only,0.34,32.78825652142947,1988,1989,0,18.76756175422157,15.922379660932355,2.845182093289216,2.845182093289216,0.15160105135389904,0.15160105135389904,1,,,,,0.47,22.481028,0,1,0,0,1,0.47,22.481028,0,1,0,0,1,0.47,22.481028,0,1,0,0,1,0.47,22.481028,0,1,0,0,1
Knife_Reef,2016,Heatwave_Only,4.94,0.0,2014,2016,0,13.251938731067517,22.6901496810667,-9.438210949999183,0.0,-0.7122135969337434,-0.7122135969337434,16,82.48758810962458,2.761748332343936,30.03275548665052,70.48782000593516,3.72,0.0,0,0,0,0,0,7.279999999999999,0.0,0,0,0,0,0,9.66,0.0,0,0,0,0,0,9.66,0.0,0,0,0,0,0
Knife_Reef,2017,Heatwave_Only,6.15,0.0,2016,2018,1,22.6901496810667,30.21029731567192,-7.52014763460522,0.0,-0.3314278548316604,-0.3314278548316604,1,72.11865184016635,0.9254868161281192,34.178347684230566,63.05929818447651,7.430000000000001,0.0,1,0,0,1,0,9.96,0.0,1,0,0,1,0,13.170000000000002,0.0,1,0,0,1,0,14.6,0.0,1,0,0,1,0
Knife_Reef,2020,Concurrent,6.3500000000000005,34.350012976784974,2018,2020,0,30.21029731567192,38.39037825073012,-8.180080935058204,0.0,-0.2707712820427854,-0.2707712820427854,3,64.66710344542221,1.6333335043722923,24.2623197732044,64.24546044528445,6.3100000000000005,0.0,1,0,0,1,0,13.740000000000002,0.0,2,0,0,2,0,14.97,0.0,2,0,0,2,0,16.27,0.0,2,0,0,2,0
Knife_Reef,2022,Heatwave_Only,5.24,0.0,2020,2025,3,38.39037825073012,39.013416689578776,-0.6230384388486527,0.0,-0.016229025793378413,-0.016229025793378413,2,55.364692058640365,1.1776471981645409,16.421408978720716,64.23097812180579,6.3500000000000005,35.07150498087003,1,1,1,1,1,12.66,35.07150498087003,2,1,1,1,1,20.090000000000003,35.07150498087003,3,1,1,2,1,20.09,35.07150498087003,3,1,1,2,1
Knife_Reef,2024,Concurrent,6.54,23.818572,2023,2025,1,44.2425731653497,39.013416689578776,5.229156475770921,5.229156475770921,0.11819286496352205,0.11819286496352205,2,47.190685158116416,1.9988806308678568,32.37164532103236,71.78686209369062,6.050000000000001,0.0,1,0,0,1,0,12.4,35.07150498087003,2,1,1,1,1,18.709999999999997,35.07150498087003,3,1,1,1,1,23.650000000000002,35.07150498087003,4,1,1,2,1
Knife_Reef,2025,Heatwave_Only,4.75,0.0,2024,2025,0,39.91017311816793,39.013416689578776,0.8967564285891569,0.8967564285891569,0.02246936954981373,0.02246936954981373,1,53.86953317780544,1.7291026628901056,28.284835854471662,76.42495130090519,12.59,18.51984,2,1,1,1,1,18.94,53.59134498087003,3,2,2,1,1,19.1,53.59134498087003,3,2,2,1,1,25.25,53.59134498087003,4,2,2,1,1
Low_Isles,1999,Storm_Only,0.0,19.857384,1998,2000,1,29.974164221624267,8.740091408106741,21.23407281351753,21.23407281351753,0.7084125067346707,0.7084125067346707,10,42.59809338142677,6.88050902833397,,26.071951216749383,1.79,0.0,0,0,0,0,0,5.13,0.0,0,0,0,0,0,5.77,0.0,0,0,0,0,0,5.77,0.0,0,0,0,0,0
Low_Isles,2014,Storm_Only,0.0,22.26294236357387,2013,2015,1,33.021744935820095,21.46605981216561,11.555685123654484,11.555685123654484,0.34994168679195203,0.34994168679195203,10,42.68994470447572,0.7430564935000755,9.054532826607826,20.49501291957098,1.62,0.0,0,0,0,0,0,3.75,0.0,0,0,0,0,0,4.5,0.0,0,0,0,0,0,5.1000000000000005,0.0,0,0,0,0,0
Low_Isles,2017,Heatwave_Only,11.54,0.0,2015,2020,3,21.46605981216561,18.97600826011352,2.4900515520520905,2.4900515520520905,0.11599946957386591,0.11599946957386591,10,57.80010561691808,0.8023150087861702,,32.65488721977492,4.12,0.0,0,0,0,0,0,5.4,0.0,0,0,0,0,0,6.69,0.0,0,0,0,0,0,7.87,0.0,0,0,0,0,0
Low_Isles,2020,Heatwave_Only,5.54,0.0,2019,2020,0,23.8397818964681,18.97600826011352,4.86377363635458,4.86377363635458,0.20401921701620748,0.20401921701620748,3,59.92021258395109,2.006547709625464,8.8057548753,20.44876168337347,12.01,0.0,1,0,0,1,0,16.13,0.0,1,0,0,1,0,17.409999999999997,0.0,1,0,0,1,0,17.41,0.0,1,0,0,1,0
Low_Isles,2022,Heatwave_Only,4.33,0.0,2021,2025,3,24.5052537111994,30.851879150871547,-6.346625439672145,0.0,-0.25899039913925104,-0.25899039913925104,2,56.3709660484611,0.8382651953408263,10.358331301190734,36.694578468970114,6.66,0.0,1,0,0,1,0,18.36,0.0,2,0,0,1,0,22.479999999999997,0.0,2,0,0,1,0,22.48,0.0,2,0,0,1,0
Low_Isles,2024,Heatwave_Only,6.42,0.0,2023,2026,2,34.76479588652773,29.42468727854687,5.340108607980859,5.340108607980859,0.15360678732045402,0.15360678732045402,2,44.51505662567432,0.9202165575521908,5.068186694314598,48.777024910312846,5.750000000000001,0.0,1,0,0,1,0,11.6,0.0,2,0,0,1,0,23.299999999999997,0.0,3,0,0,1,0,25.92,0.0,3,0,0,1,0
Low_Isles,2025,Heatwave_Only,7.11,0.0,2024,2026,1,37.548853464081546,29.42468727854687,8.124166185534676,8.124166185534676,0.21636256332849377,0.21636256332849377,1,47.2128868609902,0.9593398508986158,10.378577682871237,61.74513517485917,11.36,0.0,2,0,0,1,0,17.71,0.0,3,0,0,1,0,18.18,0.0,3,0,0,1,0,29.72,0.0,4,0,0,1,0
Lynchs_Reef,2017,Heatwave_Only,4.41,0.0,2016,2020,3,11.61473159223634,17.365527945074138,-5.750796352837797,0.0,-0.49512950920723936,-0.49512950920723936,3,80.6387840645825,2.1089197572120524,13.57376467622046,61.34620316689803,5.57,18.12193235791478,0,1,0,0,1,7.87,18.12193235791478,0,1,0,0,1,10.09,18.12193235791478,0,1,0,0,1,10.530000000000001,18.12193235791478,0,1,0,0,1
Lynchs_Reef,2020,Concurrent,5.62,38.377224,2018,2020,0,18.78811613740709,17.365527945074138,1.4225881923329524,1.4225881923329524,0.07571744723786239,0.07571744723786239,3,72.62903935582459,2.3613143369053207,12.028846947416184,48.69511430337999,4.41,0.0,1,0,0,1,0,9.98,0.0,1,0,0,1,0,10.850000000000001,18.12193235791478,1,1,0,1,1,12.280000000000001,18.12193235791478,1,1,0,1,1
Macgillivray_Reef,1990,Storm_Only,0.54,23.43235980053449,1989,1993,3,31.26641220066925,22.18540582688125,9.081006373788,9.081006373788,0.2904396678296726,0.2904396678296726,10,,,,,1.25,0.0,0,0,0,0,0,1.25,0.0,0,0,0,0,0,1.25,0.0,0,0,0,0,0,1.25,0.0,0,0,0,0,0
Macgillivray_Reef,2014,Storm_Only,0.0,41.000868,2013,2015,1,27.38507252554137,11.704742324012075,15.680330201529296,15.680330201529296,0.5725867691934956,0.5725867691934956,10,49.094920752020506,1.2197410100077546,17.523693333799468,28.83864042834099,3.21,0.0,0,0,0,0,0,6.89,0.0,0,0,0,0,0,8.85,0.0,0,0,0,0,0,8.85,0.0,0,0,0,0,0
Macgillivray_Reef,2015,Storm_Only,1.69,29.117304,2013,2015,0,27.38507252554137,11.704742324012075,15.680330201529296,15.680330201529296,0.5725867691934956,0.5725867691934956,10,49.094920752020506,1.2197410100077546,17.523693333799468,28.83864042834099,1.32,0.0,0,0,0,0,0,5.2,0.0,0,0,0,0,0,7.71,0.0,0,0,0,0,0,8.85,0.0,0,0,0,0,0
Macgillivray_Reef,2016,Heatwave_Only,8.61,0.0,2015,2019,3,11.704742324012075,9.73613274031132,1.968609583700756,1.968609583700756,0.16818905783702626,0.16818905783702626,10,68.55161216909104,1.1550673080493548,5.96975351703047,29.39381180454676,3.01,0.0,0,0,0,0,0,4.9,0.0,0,0,0,0,0,8.58,0.0,0,0,0,0,0,9.399999999999999,0.0,0,0,0,0,0
Macgillivray_Reef,2017,Heatwave_Only,8.66,0.0,2015,2019,2,11.704742324012075,9.73613274031132,1.968609583700756,1.968609583700756,0.16818905783702626,0.16818905783702626,1,68.55161216909104,1.1550673080493548,5.96975351703047,29.39381180454676,10.299999999999999,0.0,1,0,0,1,0,11.62,0.0,1,0,0,1,0,15.5,0.0,1,0,0,1,0,17.189999999999998,0.0,1,0,0,1,0
Macgillivray_Reef,2020,Heatwave_Only,5.98,0.0,2019,2020,0,9.73613274031132,10.017025483633374,-0.2808927433220543,0.0,-0.028850545777693713,-0.028850545777693713,3,75.27759568651544,2.705227521772793,13.4730787386621,37.34759301838731,9.46,0.0,1,0,0,1,0,19.759999999999998,0.0,2,0,0,2,0,21.08,0.0,2,0,0,2,0,21.08,0.0,2,0,0,2,0
Macgillivray_Reef,2021,Heatwave_Only,4.13,0.0,2020,2021,0,10.017025483633374,13.548841093925612,-3.531815610292238,0.0,-0.3525812743576228,-0.3525812743576228,1,75.27759568651544,2.705227521772793,13.4730787386621,37.34759301838731,6.78,0.0,1,0,0,1,0,24.049999999999997,0.0,3,0,0,2,0,25.74,0.0,3,0,0,2,0,27.060000000000002,0.0,3,0,0,2,0
Macgillivray_Reef,2024,Heatwave_Only,5.93,0.0,2023,2024,0,17.418461843245634,16.591368016196395,0.8270938270492394,0.8270938270492394,0.047483746526675204,0.047483746526675204,3,61.77678921152086,2.358934913561137,16.52085531834991,23.513028809930155,9.49,0.0,1,0,0,1,0,15.940000000000001,0.0,2,0,0,2,0,24.93,0.0,3,0,0,2,0,33.54,0.0,4,0,0,2,0
Mackay_Reef,1999,Storm_Only,0.0,19.857384,1998,2001,2,28.201161932996577,20.91628210197898,7.284879831017598,7.284879831017598,0.2583184284507786,0.2583184284507786,10,53.92654805386725,5.128701418481215,,32.33213281172017,1.37,0.0,0,0,0,0,0,5.58,0.0,0,0,0,0,0,5.58,0.0,0,0,0,0,0,6.359999999999999,0.0,0,0,0,0,0
Mackay_Reef,2014,Storm_Only,0.0,24.80804457444268,2013,2015,1,28.76823099594264,14.493836800885791,14.27439419505685,14.27439419505685,0.4961860253788304,0.4961860253788304,15,61.51392318106069,1.720144275183814,13.13951627988255,39.21990561318808,2.31,0.0,0,0,0,0,0,4.12,0.0,0,0,0,0,0,4.12,0.0,0,0,0,0,0,4.119999999999999,0.0,0,0,0,0,0
Mackay_Reef,2017,Heatwave_Only,9.13,0.0,2016,2019,2,16.72495900304035,13.966008758171286,2.758950244869064,2.758950244869064,0.16496006025291468,0.16496006025291468,3,74.39701831520044,1.1938361130289707,12.58718908387052,44.9686009673494,3.55,26.567693121817797,0,1,0,0,1,5.02,26.567693121817797,0,1,0,0,1,6.569999999999999,26.567693121817797,0,1,0,0,1,7.67,26.567693121817797,0,1,0,0,1
Mackay_Reef,2022,Heatwave_Only,4.14,0.0,2021,2025,3,17.32301125436286,17.90270280594579,-0.5796915515829291,0.0,-0.03346367112917113,-0.03346367112917113,5,73.04396757582234,1.0566107233677704,8.793885957672465,58.66294137031982,3.9499999999999997,0.0,0,0,0,0,0,13.080000000000002,0.0,1,0,0,1,0,16.63,0.0,1,0,0,1,0,16.630000000000003,26.567693121817797,1,1,0,1,1
Mackay_Reef,2024,Storm_Only,3.52,18.51984,2023,2025,1,20.2462850390892,17.90270280594579,2.3435822331434117,2.3435822331434117,0.11575369153495035,0.11575369153495035,2,68.77510584466869,1.9780736165917403,12.983621695717614,45.73500037275913,4.93,0.0,1,0,0,1,0,8.56,0.0,1,0,0,1,0,17.69,0.0,2,0,0,1,0,20.44,0.0,2,0,0,1,0
Mackay_Reef,2025,Heatwave_Only,4.63,0.0,2024,2025,0,24.081235373383223,17.90270280594579,6.178532567437433,6.178532567437433,0.2565704155803614,0.2565704155803614,1,65.45263734604325,0.7498643683527411,12.229868933413536,93.53426119827864,8.129999999999999,18.51984,1,1,0,1,1,11.43,18.51984,1,1,0,1,1,12.08,18.51984,1,1,0,1,1,21.21,18.51984,2,1,0,1,1
Mantis_Reef,2020,Heatwave_Only,7.15,0.0,2019,2023,3,31.81317741334733,16.928654804240633,14.884522609106696,14.884522609106696,0.46787286965123587,0.46787286965123587,3,63.95000223727239,1.866987997085066,29.29860878560132,61.99393480385922,15.030000000000001,0.0,1,0,0,1,0,24.9,0.0,2,0,0,2,0,24.9,18.51984,2,1,0,2,1,24.9,18.51984,2,1,0,2,1
Mantis_Reef,2021,Heatwave_Only,8.4,0.0,2020,2023,2,28.197487949208423,16.928654804240633,11.26883314496779,11.26883314496779,0.3996396120557305,0.3996396120557305,1,69.23663184571829,2.5701131986238366,16.670578713942508,51.58636431535974,12.190000000000001,0.0,1,0,0,1,0,32.05,0.0,3,0,0,2,0,32.05,0.0,3,0,0,2,0,32.05,18.51984,3,1,0,2,1
Mantis_Reef,2022,Heatwave_Only,10.3,0.0,2021,2023,1,31.50802050314896,16.928654804240633,14.579365698908326,14.579365698908326,0.4627191891490372,0.4627191891490372,1,64.48377513410253,1.3401827474451518,27.001219222484828,71.92014042908629,17.03,0.0,2,0,0,2,0,30.58,0.0,3,0,0,2,0,40.449999999999996,0.0,4,0,0,2,0,40.45,0.0,4,0,0,2,0
Mantis_Reef,2024,Heatwave_Only,8.91,0.0,2023,2025,1,16.928654804240633,17.027397418840128,-0.09874261459949452,0.0,-0.005832868337226621,-0.005832868337226621,2,81.0572376242049,4.7313650275957615,20.261962350029787,89.98801627796882,21.67,0.0,2,0,0,2,0,30.3,0.0,3,0,0,3,0,43.849999999999994,0.0,4,0,0,3,0,53.72,0.0,5,0,0,3,0
Mantis_Reef,2025,Heatwave_Only,10.11,0.0,2024,2025,0,19.342623745333228,17.027397418840128,2.3152263264931,2.3152263264931,0.11969556751842894,0.11969556751842894,1,78.7403016588937,8.655562746543898,20.40345397654167,116.79490851462464,22.18,0.0,2,0,0,1,0,37.730000000000004,0.0,4,0,0,3,0,42.77000000000001,0.0,4,0,0,3,0,52.760000000000005,0.0,5,0,0,3,0
Masthead_Island,2015,Storm_Only,1.02,21.616374742620703,2014,2016,1,24.292700881424643,12.876205529943,11.416495351481643,11.416495351481643,0.4699557866046603,0.4699557866046603,9,60.664122273716295,0.6306219326905931,3.761575439031633,49.62325660369805,0.18,0.0,0,0,0,0,0,0.32999999999999996,0.0,0,0,0,0,0,0.32999999999999996,0.0,0,0,0,0,0,0.32999999999999996,0.0,0,0,0,0,0
Masthead_Island,2020,Heatwave_Only,8.85,0.0,2018,2020,0,14.792649543607933,21.46250267252677,-6.669853128918838,0.0,-0.4508896874259389,-0.4508896874259389,5,61.248941905488685,0.3088342062970611,6.000812420595945,46.19694712006667,1.74,0.0,0,0,0,0,0,2.76,18.004590595452743,0,1,0,0,1,2.94,18.004590595452743,0,1,0,0,1,2.94,18.004590595452743,0,1,0,0,1
Masthead_Island,2024,Heatwave_Only,11.17,0.0,2023,2025,1,29.446671619513232,31.966227201498565,-2.5195555819853332,0.0,-0.08556334021518805,-0.08556334021518805,4,52.59450615076465,0.1475109352466721,2.62980528296096,73.36089381101357,0.9099999999999999,0.0,0,0,0,0,0,9.76,0.0,1,0,0,1,0,11.5,0.0,1,0,0,1,0,11.5,0.0,1,0,0,1,0
McCulloch_Reef,2010,Storm_Only,1.02,18.51984,2008,2012,2,16.68647734293733,10.008386791704774,6.678090551232556,6.678090551232556,0.4002097275527782,0.4002097275527782,10,,,10.588324941213196,60.337834418685205,1.3199999999999998,0.0,0,0,0,0,0,2.44,0.0,0,0,0,0,0,2.44,0.0,0,0,0,0,0,2.44,0.0,0,0,0,0,0
McCulloch_Reef,2011,Storm_Only,2.01,41.000868,2010,2012,1,21.215134299733982,10.008386791704774,11.206747508029208,11.206747508029208,0.5282430622260887,0.5282430622260887,10,,,17.696999215237277,43.75202680016097,2.34,0.0,0,0,0,0,0,2.79,0.0,0,0,0,0,0,3.46,0.0,0,0,0,0,0,3.46,0.0,0,0,0,0,0
McCulloch_Reef,2017,Heatwave_Only,8.34,0.0,2016,2020,3,11.436886730970691,4.3853321477774685,7.051554583193223,7.051554583193223,0.6165624220180356,0.6165624220180356,10,,,20.95512364301969,106.64473826394983,4.54,0.0,0,0,0,0,0,7.78,0.0,0,0,0,0,0,10.809999999999999,0.0,0,0,0,0,0,11.979999999999999,0.0,0,0,0,0,0
McCulloch_Reef,2020,Heatwave_Only,5.53,0.0,2018,2020,0,5.006284729550398,4.3853321477774685,0.6209525817729293,0.6209525817729293,0.12403461155688114,0.12403461155688114,3,,,10.598767148642212,78.89822224266909,8.950000000000001,0.0,1,0,0,1,0,13.49,0.0,1,0,0,1,0,16.06,0.0,1,0,0,1,0,16.73,0.0,1,0,0,1,0
McSweeney_Reef,2021,Heatwave_Only,6.04,0.0,2020,2022,1,8.331747591831121,10.325403342156095,-1.993655750324974,0.0,-0.2392842231898213,-0.2392842231898213,1,73.7914653530649,0.8471987543968803,13.542358033579582,36.83797827857655,14.57,0.0,1,0,0,1,0,18.22,0.0,1,0,0,1,0,18.22,0.0,1,0,0,1,0,18.22,0.0,1,0,0,1,0
McSweeney_Reef,2022,Heatwave_Only,6.72,0.0,2021,2022,0,11.077063376672276,10.325403342156095,0.7516600345161812,0.7516600345161812,0.06785733808286576,0.06785733808286576,1,71.75420159984408,0.3848759489841442,16.037893814599276,56.0520124038695,19.64,0.0,2,0,0,2,0,24.259999999999998,0.0,2,0,0,2,0,24.259999999999998,0.0,2,0,0,2,0,24.259999999999998,0.0,2,0,0,2,0
McSweeney_Reef,2024,Heatwave_Only,5.43,0.0,2023,2024,0,11.49443628832074,11.04710697501257,0.4473293133081704,0.4473293133081704,0.03891702925550968,0.03891702925550968,2,66.8016138690392,2.5015757697905863,19.184690960046463,38.89130622682818,13.53,0.0,2,0,0,2,0,27.13,0.0,3,0,0,3,0,31.749999999999996,0.0,3,0,0,3,0,31.75,0.0,3,0,0,3,0
McSweeney_Reef,2025,Heatwave_Only,12.2,0.0,2024,2025,0,11.04710697501257,11.97396097435345,-0.9268539993408798,0.0,-0.08390015607138857,-0.08390015607138857,1,65.8151456937414,0.4190038579026557,24.871002732491224,44.012380720416,12.92,0.0,2,0,0,1,0,28.869999999999997,0.0,4,0,0,3,0,33.53,0.0,4,0,0,3,0,37.18,0.0,4,0,0,3,0
Michaelmas_Cay,1999,Storm_Only,0.99,19.857384,1998,2000,1,22.83942255415852,20.912119083609184,1.9273034705493366,1.9273034705493366,0.08438494738556426,0.08438494738556426,8,37.48439801616226,2.5245007344852564,,30.54946215790444,1.57,0.0,0,0,0,0,0,6.66,0.0,0,0,0,0,0,6.66,0.0,0,0,0,0,0,6.66,18.00877013333791,0,1,0,0,1
Michaelmas_Cay,2006,Storm_Only,0.44,20.0110980221287,2005,2007,1,22.577720211864328,20.8429029612934,1.7348172505709272,1.7348172505709272,0.07683757413466843,0.07683757413466843,7,45.49073448327401,1.1622116760636922,,45.18506699319267,2.8200000000000003,0.0,0,0,0,0,0,7.840000000000001,0.0,0,0,0,0,0,8.83,19.857384,0,1,0,0,1,8.830000000000002,19.857384,0,1,0,0,1
Michaelmas_Cay,2010,Storm_Only,1.5,18.51984,2009,2013,3,22.720904318528262,13.099113936686338,9.621790381841924,9.621790381841924,0.42347743940788585,0.42347743940788585,4,41.08973419567821,1.8515705372294948,13.318728987801755,32.74950363097544,3.37,0.0,0,0,0,0,0,4.470000000000001,22.4598952695551,0,1,0,0,1,6.630000000000001,22.4598952695551,0,1,0,0,1,9.930000000000001,22.4598952695551,0,1,0,0,1
Michaelmas_Cay,2016,Heatwave_Only,5.48,0.0,2015,2019,3,16.793778632321224,8.354838764196574,8.43893986812465,8.43893986812465,0.5025039363019296,0.5025039363019296,6,54.947279946100025,3.085838300455145,13.68809143576016,54.76159426699988,3.97,0.0,0,0,0,0,0,5.84,0.0,0,0,0,0,0,10.25,18.51984,0,1,0,0,1,10.71,18.51984,0,1,0,0,1
Michaelmas_Cay,2017,Heatwave_Only,10.96,0.0,2015,2019,2,16.793778632321224,8.354838764196574,8.43893986812465,8.43893986812465,0.5025039363019296,0.5025039363019296,1,54.947279946100025,3.085838300455145,,54.76159426699988,7.720000000000001,0.0,1,0,0,1,0,9.89,0.0,1,0,0,1,0,12.82,18.51984,1,1,0,1,1,15.73,18.51984,1,1,0,1,1
Michaelmas_Cay,2020,Heatwave_Only,7.83,0.0,2019,2021,1,8.354838764196574,15.465814457520736,-7.110975693324162,0.0,-0.8511206372763527,-0.8511206372763527,3,77.59775718825595,6.5926623871489305,5.578000557986339,77.66689378890388,11.590000000000002,0.0,1,0,0,1,0,19.31,0.0,2,0,0,2,0,21.040000000000003,0.0,2,0,0,2,0,21.48,0.0,2,0,0,2,0
Monsoon_Reef,2021,Heatwave_Only,5.87,0.0,2020,2022,1,11.532812085798067,12.787997574262755,-1.2551854884646882,0.0,-0.10883603054716987,-0.10883603054716987,1,66.01674368342265,0.9842437074830636,14.033614502174704,25.70492986770289,14.66,0.0,1,0,0,1,0,18.18,0.0,1,0,0,1,0,18.18,0.0,1,0,0,1,0,18.18,0.0,1,0,0,1,0
Monsoon_Reef,2022,Heatwave_Only,6.55,0.0,2021,2022,0,17.59237284187743,12.787997574262755,4.804375267614676,4.804375267614676,0.273094215930792,0.273094215930792,1,66.88407042039712,0.8983703900650999,15.80062349052897,43.05202546421127,19.12,0.0,2,0,0,2,0,24.05,0.0,2,0,0,2,0,24.05,0.0,2,0,0,2,0,24.05,0.0,2,0,0,2,0
Monsoon_Reef,2024,Heatwave_Only,5.4,0.0,2023,2025,1,16.333375212013646,16.597777983675083,-0.26440277166143744,0.0,-0.01618788328985193,-0.01618788328985193,2,60.7403290940992,0.3655961656177775,18.297142975868216,54.68384385697527,13.19,0.0,2,0,0,2,0,26.44,0.0,3,0,0,3,0,31.37,0.0,3,0,0,3,0,31.369999999999997,0.0,3,0,0,3,0
Monsoon_Reef,2025,Heatwave_Only,11.95,0.0,2024,2025,0,16.84383300987509,16.597777983675083,0.24605502620000763,0.24605502620000763,0.014608018617600407,0.014608018617600407,1,60.89425940373319,0.5987285240544632,22.25470825921257,45.06458757486617,12.72,0.0,2,0,0,1,0,28.490000000000002,0.0,4,0,0,3,0,33.25,0.0,4,0,0,3,0,36.769999999999996,0.0,4,0,0,3,0
Moore_Reef,1990,Storm_Only,0.0,22.481028,1989,1990,0,12.64461314847428,20.83598673623655,-8.19137358776227,0.0,-0.6478152784571867,-0.6478152784571867,4,,,,,1.1,0.0,0,0,0,0,0,1.1,24.592774699882018,0,1,0,0,1,1.1,24.592774699882018,0,1,0,0,1,1.1,24.592774699882018,0,1,0,0,1
Moore_Reef,1991,Storm_Only,0.0,21.26643391905947,1990,1994,3,20.83598673623655,11.674692249518188,9.161294486718361,9.161294486718361,0.43968613546800034,0.43968613546800034,1,,,,,1.1,22.481028,0,1,0,0,1,1.1,47.073802699882016,0,2,0,0,1,1.1,47.073802699882016,0,2,0,0,1,1.1,47.073802699882016,0,2,0,0,1
Moore_Reef,2010,Storm_Only,1.22,18.51984,2008,2012,2,26.35041071192442,18.63093681088769,7.719473901036732,7.719473901036732,0.2929545951078257,0.2929545951078257,4,49.64242311938945,4.981534795220677,5.168140622589725,37.38638003880328,2.32,0.0,0,0,0,0,0,3.7199999999999998,26.170760163037063,0,1,0,0,1,5.369999999999999,26.170760163037063,0,1,0,0,1,7.24,26.170760163037063,0,1,0,0,1
Moore_Reef,2011,Storm_Only,1.7,23.242731572016485,2010,2012,1,31.645494528861622,18.63093681088769,13.014557717973933,13.014557717973933,0.4112609997642563,0.4112609997642563,1,47.47436252054992,8.040502049482454,6.473774420069473,30.320716745733243,3.54,18.51984,0,1,0,0,1,4.3,44.69060016303706,0,2,0,0,1,6.589999999999999,44.69060016303706,0,2,0,0,1,6.59,44.69060016303706,0,2,0,0,1
Moore_Reef,2017,Heatwave_Only,10.7,0.0,2016,2018,1,28.63381377128944,11.772605094064188,16.86120867722525,16.86120867722525,0.5888565460368975,0.5888565460368975,6,41.93752722519712,6.105009886904184,18.91830945922026,36.93438329744748,4.87,0.0,0,0,0,0,0,8.129999999999999,0.0,0,0,0,0,0,11.049999999999999,44.372606275965325,0,2,0,0,2,13.370000000000001,44.372606275965325,0,2,0,0,2
Moore_Reef,2020,Heatwave_Only,5.6000000000000005,0.0,2018,2020,0,11.772605094064188,14.956806731098016,-3.184201637033828,0.0,-0.27047553295058885,-0.27047553295058885,3,73.16153290931337,9.739720959965757,5.730585615813202,38.50683184239324,11.57,0.0,1,0,0,1,0,16.44,0.0,1,0,0,1,0,19.229999999999997,0.0,1,0,0,1,0,19.7,0.0,1,0,0,1,0
Myrmidon_Reef,2000,Storm_Only,0.0,20.948618644133813,1999,2003,3,38.54377220177692,23.323470632064467,15.22030156971245,15.22030156971245,0.3948835492809076,0.3948835492809076,11,30.76560492699645,2.019823222879285,,36.96904795496065,1.58,0.0,0,0,0,0,0,3.5,0.0,0,0,0,0,0,5.67,0.0,0,0,0,0,0,5.82,0.0,0,0,0,0,0
Myrmidon_Reef,2004,Heatwave_Only,4.03,0.0,2003,2007,3,23.323470632064467,24.116188653212305,-0.792718021147838,0.0,-0.03398799576843555,-0.03398799576843555,4,67.2363022995751,5.203970433760922,,56.53963092470189,6.68,0.0,0,0,0,0,0,7.61,21.22776573664167,0,1,0,0,1,8.26,21.22776573664167,0,1,0,0,1,8.98,21.22776573664167,0,1,0,0,1
Myrmidon_Reef,2006,Storm_Only,0.95,22.87766139079113,2005,2007,1,29.2718330714089,24.116188653212305,5.155644418196594,5.155644418196594,0.17612987904171745,0.17612987904171745,2,59.29442897268883,1.1636661634745258,,60.63868375199029,5.7700000000000005,0.0,1,0,0,1,0,12.16,0.0,1,0,0,1,0,13.09,21.22776573664167,1,1,0,1,1,13.74,21.22776573664167,1,1,0,1,1
Myrmidon_Reef,2011,Storm_Only,2.2,24.724397130988542,2009,2011,0,28.47552558877029,19.65680965325989,8.818715935510397,8.818715935510397,0.3096945799303588,0.3096945799303588,5,57.66356463555372,2.3447062343450105,16.41675084327115,54.4825800079444,4.550000000000001,0.0,0,0,0,0,0,5.5,23.78027582505933,0,1,0,0,1,10.98,23.78027582505933,1,1,0,1,1,11.27,23.78027582505933,1,1,0,1,1
Myrmidon_Reef,2016,Heatwave_Only,7.24,0.0,2015,2017,1,23.031454911907243,24.706993005882914,-1.6755380939756712,0.0,-0.0727499891076972,-0.0727499891076972,5,65.74076692962197,2.043163871295887,23.83423872878893,44.14413922590956,4.59,0.0,0,0,0,0,0,7.9,27.18399846726588,0,1,0,0,1,12.16,27.18399846726588,0,1,0,0,1,12.45,27.18399846726588,0,1,0,0,1
Myrmidon_Reef,2017,Heatwave_Only,7.46,0.0,2015,2017,0,23.031454911907243,24.706993005882914,-1.6755380939756712,0.0,-0.0727499891076972,-0.0727499891076972,1,65.74076692962197,2.043163871295887,23.83423872878893,44.14413922590956,10.690000000000001,0.0,1,0,0,1,0,12.940000000000001,0.0,1,0,0,1,0,16.41,27.18399846726588,1,1,0,1,1,19.400000000000002,27.18399846726588,1,1,0,1,1
Myrmidon_Reef,2020,Concurrent,8.3,22.69490006038999,2019,2020,0,28.26376745530592,33.97855595306031,-5.7147884977543875,0.0,-0.20219485978970428,-0.20219485978970428,3,59.99510861797195,3.567282262925408,17.863995526981448,80.33818832899568,7.92,0.0,1,0,0,1,0,18.610000000000003,0.0,2,0,0,2,0,19.75,0.0,2,0,0,2,0,20.86,0.0,2,0,0,2,0
Myrmidon_Reef,2022,Heatwave_Only,6.3,0.0,2021,2024,2,35.09108567472428,34.836646340761845,0.2544393339624378,0.2544393339624378,0.00725082536120299,0.00725082536120299,2,53.67113422258998,4.868103451098356,24.08108723816071,78.70379524540289,8.450000000000001,25.044104949737143,1,1,1,1,1,16.369999999999997,25.044104949737143,2,1,1,1,1,27.060000000000002,25.044104949737143,3,1,1,2,1,27.060000000000002,25.044104949737143,3,1,1,2,1
Myrmidon_Reef,2024,Concurrent,8.73,21.17579274229148,2023,2024,0,39.08073863596194,34.836646340761845,4.2440922952000975,4.2440922952000975,0.10859805733801306,0.10859805733801306,2,46.54044139977034,5.917032456718553,16.140040038281573,66.45114181240166,8.05,0.0,1,0,0,1,0,16.35,25.044104949737143,2,1,1,1,1,24.27,25.044104949737143,3,1,1,1,1,31.51,25.044104949737143,4,1,1,2,1
Myrmidon_Reef,2025,Heatwave_Only,7.18,0.0,2024,2025,0,34.836646340761845,39.29424518494229,-4.4575988441804455,0.0,-0.1279571747687054,-0.1279571747687054,1,50.2759569253418,4.459797015490208,14.468860730189396,70.29089951969121,16.630000000000003,0.0,2,0,0,1,0,25.080000000000002,25.044104949737143,3,1,1,1,1,25.540000000000003,25.044104949737143,3,1,1,1,1,33.0,25.044104949737143,4,1,1,1,1
North_Direction_Island,2014,Storm_Only,0.0,41.000868,2013,2017,3,35.26129004495794,4.628370176594759,30.63291986836318,30.63291986836318,0.8687407587557457,0.8687407587557457,10,55.52162407455541,3.419769206015554,14.59367316715282,34.69525342021117,3.68,0.0,0,0,0,0,0,7.68,0.0,0,0,0,0,0,9.63,0.0,0,0,0,0,0,9.63,0.0,0,0,0,0,0
North_Direction_Island,2015,Storm_Only,1.82,29.117304,2013,2017,2,35.26129004495794,4.628370176594759,30.63291986836318,30.63291986836318,0.8687407587557457,0.8687407587557457,1,55.52162407455541,3.419769206015554,14.59367316715282,34.69525342021117,1.48,41.000868,0,1,0,0,1,5.970000000000001,41.000868,0,1,0,0,1,8.5,41.000868,0,1,0,0,1,9.63,41.000868,0,1,0,0,1
North_Direction_Island,2016,Heatwave_Only,8.94,0.0,2015,2017,1,8.701848052216835,4.628370176594759,4.073477875622077,4.073477875622077,0.4681164105806628,0.4681164105806628,1,81.95539570057385,1.6653991772869854,4.290355434026616,30.055487449382543,3.3,70.118172,0,2,0,0,2,5.5,70.118172,0,2,0,0,2,9.5,70.118172,0,2,0,0,2,10.32,70.118172,0,2,0,0,2
North_Direction_Island,2017,Heatwave_Only,8.74,0.0,2015,2017,0,8.701848052216835,4.628370176594759,4.073477875622077,4.073477875622077,0.4681164105806628,0.4681164105806628,1,81.95539570057385,1.6653991772869854,4.290355434026616,30.055487449382543,10.76,70.118172,1,2,0,1,2,12.239999999999998,70.118172,1,2,0,1,2,16.73,70.118172,1,2,0,1,2,18.44,70.118172,1,2,0,1,2
North_Direction_Island,2020,Heatwave_Only,6.57,0.0,2019,2021,1,5.061994263501633,9.94392595282751,-4.881931689325876,0.0,-0.9644285305745884,-0.9644285305745884,3,74.75894165144949,4.742738534680511,10.753910558838092,24.27419448801354,9.4,0.0,1,0,0,1,0,20.16,29.117304,2,1,0,2,1,21.639999999999997,70.118172,2,2,0,2,2,21.64,70.118172,2,2,0,2,2
North_Direction_Island,2022,Heatwave_Only,4.36,0.0,2021,2023,1,9.94392595282751,11.630218289505482,-1.6862923366779725,0.0,-0.1695801381343234,-0.1695801381343234,2,67.92572974177702,5.89206483832576,9.703291353143104,22.56253111125638,10.99,0.0,1,0,0,1,0,19.92,0.0,2,0,0,1,0,30.68,29.117304,3,1,0,2,1,30.68,70.118172,3,2,0,2,2
North_Direction_Island,2024,Heatwave_Only,6.23,0.0,2023,2025,1,11.630218289505482,12.594801776024674,-0.9645834865191922,0.0,-0.08293769407488967,-0.08293769407488967,2,70.22378461127529,5.089774647382763,12.09144108086023,26.98429740695929,9.84,0.0,1,0,0,1,0,16.880000000000003,0.0,2,0,0,1,0,25.810000000000002,0.0,3,0,0,1,0,34.75,0.0,4,0,0,2,0
North_Direction_Island,2025,Heatwave_Only,6.8,0.0,2024,2025,0,17.48752013339973,12.594801776024674,4.892718357375056,4.892718357375056,0.2797834295573084,0.2797834295573084,1,61.61438567019692,2.652774243351008,12.529365228226656,23.42057635151533,12.120000000000001,0.0,2,0,0,1,0,22.64,0.0,3,0,0,1,0,23.3,0.0,3,0,0,1,0,32.04,0.0,4,0,0,1,0
North_Island,2014,Heatwave_Only,5.42,0.0,2012,2014,0,13.00648132763686,34.90716860162028,-21.900687273983415,0.0,-1.6838287560101035,-1.0,8,90.02675605298549,5.146733211390259,24.690836645612325,42.3744816119275,0.92,0.0,0,0,0,0,0,1.38,0.0,0,0,0,0,0,2.04,0.0,0,0,0,0,0,6.73,0.0,1,0,0,1,0
North_Island,2020,Heatwave_Only,7.42,0.0,2018,2020,0,49.2702667906601,36.81985188724767,12.45041490341243,12.45041490341243,0.2526963159406433,0.2526963159406433,6,48.95131137842945,3.2042680790898523,36.96989021645325,56.65804188924975,4.990000000000001,0.0,0,0,0,0,0,6.03,0.0,0,0,0,0,0,11.6,0.0,1,0,0,1,0,11.91,0.0,1,0,0,1,0
One_Tree_Island,1994,Storm_Only,0.0,22.131278785282017,1993,1994,0,3.8395161091852335,5.787742782095172,-1.948226672909939,0.0,-0.5074146370291863,-0.5074146370291863,2,91.7830736239468,1.7065041202947009,,,3.42,18.51984,0,1,0,0,1,3.58,18.51984,0,1,0,0,1,3.58,18.51984,0,1,0,0,1,3.58,18.51984,0,1,0,0,1
One_Tree_Island,1998,Heatwave_Only,4.6000000000000005,0.0,1997,1998,0,28.60036451518047,41.271168759270246,-12.670804244089776,0.0,-0.443029466892437,-0.443029466892437,4,61.50419637728908,6.681663182530116,,14.38078320215384,1.47,0.0,0,0,0,0,0,1.47,23.299474778400004,0,1,0,0,1,4.890000000000001,41.8193147784,0,2,0,0,1,5.05,41.8193147784,0,2,0,0,1
One_Tree_Island,2002,Heatwave_Only,5.38,0.0,2001,2005,3,66.81685862693304,65.26298705789986,1.553871569033177,1.553871569033177,0.023255681290093318,0.023255681290093318,4,29.375697502989368,0.6379602135627319,,22.53729953532867,0.0,0.0,0,0,0,0,0,4.750000000000001,0.0,1,0,0,1,0,6.07,0.0,1,0,0,1,0,6.07,23.299474778400004,1,1,0,1,1
One_Tree_Island,2020,Heatwave_Only,5.34,0.0,2019,2023,3,58.13441205739839,61.344208088898135,-3.2097960314997422,0.0,-0.05521335673491605,-0.05521335673491605,18,40.66510925159499,0.3180662000114013,39.633705180092974,82.77920129533437,2.99,0.0,0,0,0,0,0,4.36,0.0,0,0,0,0,0,4.36,0.0,0,0,0,0,0,4.36,0.0,0,0,0,0,0
One_Tree_Island,2024,Heatwave_Only,11.53,0.0,2023,2025,1,61.344208088898135,19.17891489677709,42.16529319212104,42.16529319212104,0.6873557342368231,0.6873557342368231,4,38.71112332879234,0.3659316484123895,18.09075264720686,69.31395286154131,1.6300000000000001,0.0,0,0,0,0,0,6.970000000000001,0.0,1,0,0,1,0,9.96,0.0,1,0,0,1,0,9.96,0.0,1,0,0,1,0
Opal_Reef,1999,Storm_Only,0.58,19.857384,1998,2001,2,20.928946463030712,18.873807124356844,2.055139338673868,2.055139338673868,0.09819602445369648,0.09819602445369648,10,35.37524109411764,3.0662640653560205,,34.11083889840285,1.25,0.0,0,0,0,0,0,6.43,0.0,0,0,0,0,0,8.93,0.0,0,0,0,0,0,8.93,0.0,0,0,0,0,0
Opal_Reef,2006,Heatwave_Only,4.17,0.0,2005,2007,1,20.93941091663769,19.576360765759844,1.3630501508778465,1.3630501508778465,0.06509496166364531,0.06509496166364531,10,43.40799720340438,6.221374535013009,,53.5934810100885,2.8499999999999996,0.0,0,0,0,0,0,6.949999999999999,0.0,0,0,0,0,0,9.56,0.0,0,0,0,0,0,9.559999999999999,0.0,0,0,0,0,0
Opal_Reef,2008,Heatwave_Only,6.890000000000001,0.0,2007,2009,1,19.576360765759844,24.25474117730312,-4.6783804115432766,0.0,-0.23898110928390873,-0.23898110928390873,2,43.29682571800415,5.390261026741622,3.5079242302830327,53.83585405752904,4.800000000000001,0.0,1,0,0,1,0,7.17,0.0,1,0,0,1,0,11.27,0.0,1,0,0,1,0,13.299999999999999,0.0,1,0,0,1,0
Opal_Reef,2014,Heatwave_Only,9.69,0.0,2013,2017,3,21.662781901489005,8.942584634025126,12.72019726746388,12.72019726746388,0.5871913092837605,0.5871913092837605,6,43.32289129667446,3.600838892919056,9.240595961252705,71.15298190469834,3.84,0.0,0,0,0,0,0,6.890000000000001,0.0,0,0,0,0,0,13.929999999999998,0.0,1,0,0,1,0,18.1,0.0,2,0,0,1,0
Opal_Reef,2016,Heatwave_Only,6.8100000000000005,0.0,2015,2019,3,21.510486609217185,3.7035191745506144,17.80696743466657,17.80696743466657,0.8278272713289682,0.8278272713289682,2,47.77191413914119,10.3578834763967,8.290262246875457,53.90490834723619,13.479999999999999,0.0,1,0,0,1,0,15.709999999999999,0.0,1,0,0,1,0,18.759999999999998,0.0,1,0,0,1,0,25.650000000000002,0.0,2,0,0,1,0
Opal_Reef,2017,Heatwave_Only,9.44,0.0,2015,2019,2,21.510486609217185,3.7035191745506144,17.80696743466657,17.80696743466657,0.8278272713289682,0.8278272713289682,1,47.77191413914119,10.3578834763967,8.290262246875457,53.90490834723619,18.68,0.0,2,0,0,1,0,20.740000000000002,0.0,2,0,0,1,0,23.86,0.0,2,0,0,1,0,25.57,0.0,2,0,0,1,0
Opal_Reef,2020,Heatwave_Only,8.1,0.0,2019,2021,1,3.7035191745506144,5.345937863586432,-1.6424186890358174,0.0,-0.4434751412445728,-0.4434751412445728,3,88.54115324443573,4.155096625825684,3.4454344687365386,99.24179888554114,10.09,0.0,1,0,0,1,0,19.08,0.0,2,0,0,2,0,30.379999999999995,0.0,3,0,0,2,0,30.83,0.0,3,0,0,2,0
Pandora_Reef,1994,Heatwave_Only,5.04,0.0,1993,1994,0,43.6766611655474,50.48729844170904,-6.810637276161636,0.0,-0.15593310235751115,-0.15593310235751115,4,,,,,1.5499999999999998,0.0,0,0,0,0,0,11.159999999999998,0.0,1,0,0,1,0,11.159999999999998,0.0,1,0,0,1,0,11.159999999999998,0.0,1,0,0,1,0
Pandora_Reef,1998,Heatwave_Only,5.03,0.0,1997,2001,3,56.01487822004526,38.74373148001467,17.271146740030595,17.271146740030595,0.3083314163816215,0.3083314163816215,4,,,,18.58039809068774,3.96,0.0,0,0,0,0,0,9.150000000000002,0.0,1,0,0,1,0,10.55,0.0,1,0,0,1,0,20.159999999999997,0.0,2,0,0,1,0
Pandora_Reef,2000,Storm_Only,0.65,26.442216,1999,2002,2,44.20382274419699,37.9775174276327,6.226305316564293,6.226305316564293,0.14085445398230118,0.14085445398230118,2,,,,8.10570561277719,5.98,0.0,1,0,0,1,0,9.48,0.0,1,0,0,1,0,14.670000000000003,0.0,2,0,0,1,0,15.88,0.0,2,0,0,1,0
Pandora_Reef,2003,Heatwave_Only,11.73,0.0,2002,2003,0,37.9775174276327,39.131440428604186,-1.1539230009714885,0.0,-0.03038437157379556,-0.03038437157379556,5,,,,18.68045012980302,2.62,0.0,0,0,0,0,0,8.14,0.0,1,0,0,1,0,8.920000000000002,0.0,1,0,0,1,0,12.100000000000001,0.0,1,0,0,1,0
Pandora_Reef,2007,Heatwave_Only,10.35,0.0,2005,2009,2,45.75072655275179,47.96928291642734,-2.218556363675546,0.0,-0.048492265169111405,-0.048492265169111405,4,,,,24.212083064420334,3.26,0.0,0,0,0,0,0,16.31,0.0,1,0,0,1,0,17.61,0.0,1,0,0,1,0,18.1,0.0,1,0,0,1,0
Pandora_Reef,2008,Heatwave_Only,7.71,0.0,2007,2011,3,48.14957698673433,37.43468798779356,10.714888998940772,10.714888998940772,0.2225333984116377,0.2225333984116377,1,,,5.289329994375566,9.976038910985055,12.99,0.0,1,0,0,1,0,25.339999999999996,0.0,2,0,0,1,0,27.310000000000002,0.0,2,0,0,1,0,27.96,0.0,2,0,0,1,0
Pandora_Reef,2011,Storm_Only,0.87,22.277876567233506,2009,2014,3,47.96928291642734,36.900631192207925,11.068651724219414,11.068651724219414,0.23074457342844487,0.23074457342844487,3,,,5.310024115123274,18.555547472903825,8.52,0.0,1,0,0,1,0,20.229999999999997,0.0,2,0,0,2,0,22.13,0.0,2,0,0,2,0,33.86,0.0,3,0,0,2,0
Pandora_Reef,2014,Heatwave_Only,5.26,0.0,2011,2015,1,37.43468798779356,36.89645350628722,0.5382344815063362,0.5382344815063362,0.014377960935104895,0.014377960935104895,6,,,4.750273948542741,21.94277412254216,4.51,0.0,0,0,0,0,0,5.32,0.0,0,0,0,0,0,23.379999999999995,0.0,2,0,0,2,0,24.740000000000002,0.0,2,0,0,2,0
Pandora_Reef,2016,Heatwave_Only,4.05,0.0,2015,2017,1,36.89645350628722,37.45549533471471,-0.559041828427489,0.0,-0.015151641290733464,-0.015151641290733464,2,,,6.710864963261779,13.084593363344544,9.16,0.0,1,0,0,1,0,12.02,0.0,1,0,0,1,0,12.83,0.0,1,0,0,1,0,20.54,0.0,2,0,0,1,0
Pandora_Reef,2017,Heatwave_Only,8.52,0.0,2015,2017,0,36.89645350628722,37.45549533471471,-0.559041828427489,0.0,-0.015151641290733464,-0.015151641290733464,1,,,6.710864963261779,13.084593363344544,11.559999999999999,0.0,2,0,0,1,0,15.2,0.0,2,0,0,1,0,16.41,0.0,2,0,0,1,0,16.880000000000003,0.0,2,0,0,1,0
Pandora_Reef,2018,Heatwave_Only,14.37,0.0,2017,2019,1,37.45549533471471,40.34647010106474,-2.890974766350027,0.0,-0.07718426202925148,-0.07718426202925148,1,,,8.329985885143397,13.924767579237594,14.82,0.0,2,0,0,2,0,21.73,0.0,3,0,0,2,0,24.59,0.0,3,0,0,2,0,24.93,0.0,3,0,0,2,0
Pandora_Reef,2020,Concurrent,8.97,38.377224,2019,2022,2,40.34647010106474,41.35580847506123,-1.009338373996492,0.0,-0.025016770276759744,-0.025016770276759744,2,,,6.553727295126556,15.652920428467011,23.05,0.0,2,0,0,2,0,29.349999999999998,0.0,3,0,0,3,0,36.26,0.0,4,0,0,3,0,38.25,0.0,4,0,0,3,0
Pandora_Reef,2022,Heatwave_Only,8.72,0.0,2021,2022,0,41.81565699033308,41.35580847506123,0.459848515271851,0.459848515271851,0.010997041499985484,0.010997041499985484,2,,,4.074291764760882,16.251316452769746,9.280000000000001,0.0,1,0,0,1,0,32.17,0.0,3,0,0,2,0,38.47,0.0,4,0,0,3,0,43.73,0.0,5,0,0,3,0
Pandora_Reef,2024,Concurrent,6.58,23.818572,2023,2025,1,49.24365004297208,42.40765651269197,6.835993530280106,6.835993530280106,0.13881979756404594,0.13881979756404594,2,,,4.815804069092046,21.7489662144548,9.73,0.0,1,0,0,1,0,18.86,0.0,2,0,0,1,0,41.75,0.0,4,0,0,2,0,45.800000000000004,0.0,5,0,0,3,0
Pandora_Reef,2025,Heatwave_Only,5.68,0.0,2024,2025,0,45.52643310797325,42.40765651269197,3.1187765952812754,3.1187765952812754,0.06850474290143917,0.06850474290143917,1,,,2.855831220694184,25.776155544830296,16.16,0.0,2,0,0,1,0,25.28,0.0,3,0,0,1,0,39.809999999999995,0.0,4,0,0,1,0,48.330000000000005,0.0,5,0,0,2,0
Peart_Reef,2011,Storm_Only,1.29,41.000868,2010,2012,1,33.363270030052625,29.674282640536408,3.6889873895162175,3.6889873895162175,0.11057031838285902,0.11057031838285902,10,,10.1199849924284,14.122305073799028,34.269916455311964,2.5999999999999996,0.0,0,0,0,0,0,2.8899999999999997,0.0,0,0,0,0,0,3.92,0.0,0,0,0,0,0,3.92,0.0,0,0,0,0,0
Peart_Reef,2017,Heatwave_Only,8.64,0.0,2016,2018,1,41.487302692448985,11.172300281010532,30.315002411438453,30.315002411438453,0.7307055519171176,0.7307055519171176,10,,6.138499304402041,17.82971758235354,34.24394166476792,4.57,0.0,0,0,0,0,0,8.2,0.0,0,0,0,0,0,10.65,0.0,0,0,0,0,0,11.48,0.0,0,0,0,0,0
Peart_Reef,2020,Heatwave_Only,5.5600000000000005,0.0,2018,2020,0,11.172300281010532,13.879939358890672,-2.70763907788014,0.0,-0.24235287360493632,-0.24235287360493632,3,,13.394889157750876,10.14809708138397,35.939163903169046,9.22,0.0,1,0,0,1,0,13.790000000000001,0.0,1,0,0,1,0,16.6,0.0,1,0,0,1,0,17.42,0.0,1,0,0,1,0
Peart_Reef,2022,Heatwave_Only,4.47,0.0,2020,2022,0,13.879939358890672,23.98623263469546,-10.10629327580479,0.0,-0.7281222932239465,-0.7281222932239465,2,,15.4246525004036,9.56529902559695,31.294646971543365,5.880000000000001,22.481028,1,1,1,1,1,14.930000000000001,22.481028,2,1,1,1,1,19.5,22.481028,2,1,1,1,1,19.5,22.481028,2,1,1,1,1
Peart_Reef,2024,Heatwave_Only,5.08,0.0,2023,2025,1,26.13819993630156,26.4212783468552,-0.2830784105536388,0.0,-0.010830065239515232,-0.010830065239515232,2,,10.035288355731332,20.83649240491072,38.551461813935504,5.5600000000000005,0.0,1,0,0,1,0,11.290000000000001,22.481028,2,1,1,1,1,20.340000000000003,22.481028,3,1,1,1,1,22.62,22.481028,3,1,1,1,1
Peart_Reef,2025,Heatwave_Only,6.7,0.0,2024,2025,0,29.108070695344,26.4212783468552,2.686792348488801,2.686792348488801,0.09230403404642577,0.09230403404642577,1,,9.464755679940469,27.44480223457113,38.539020541740655,10.49,0.0,2,0,0,1,0,16.2,22.481028,3,1,1,1,1,16.78,22.481028,3,1,1,1,1,25.42,22.481028,4,1,1,1,1
Pompey_Reef_No_1,2009,Storm_Only,0.79,34.39613138374484,2008,2010,1,42.45477445945167,34.28409478008037,8.170679679371297,8.170679679371297,0.19245608493751556,0.19245608493751556,5,47.97143962288561,4.199405948654789,5.128587944105427,22.699488524917584,1.54,0.0,0,0,0,0,0,6.15,0.0,1,0,0,1,0,6.15,0.0,1,0,0,1,0,6.15,0.0,1,0,0,1,0
Pompey_Reef_No_1,2015,Storm_Only,1.14,41.000868,2014,2018,3,43.621615713002086,9.000944378371836,34.62067133463025,34.62067133463025,0.7936586201301808,0.7936586201301808,6,49.3053714149582,3.0976441008080857,30.52369137318044,29.122013873945672,1.67,0.0,0,0,0,0,0,3.0500000000000003,0.0,0,0,0,0,0,3.8400000000000003,35.76241019359568,0,1,0,0,1,3.84,35.76241019359568,0,1,0,0,1
Pompey_Reef_No_1,2017,Heatwave_Only,4.24,0.0,2016,2018,1,25.33232891387595,9.000944378371836,16.331384535504114,16.331384535504114,0.6446854764529166,0.6446854764529166,2,66.71624374609617,0.7592660513316665,22.633558646156004,36.44436429714432,1.98,37.03968,0,1,0,0,1,3.6499999999999995,37.03968,0,1,0,0,1,5.03,37.03968,0,1,0,0,1,5.82,72.80209019359567,0,2,0,0,1
Pompey_Reef_No_1,2020,Heatwave_Only,8.94,0.0,2018,2020,0,9.000944378371836,12.963861789107106,-3.9629174107352707,0.0,-0.44027795797268504,-0.44027795797268504,3,85.99069673290693,3.0811782115986466,24.061610841931103,28.788468432628505,4.24,0.0,1,0,0,1,0,6.220000000000001,37.03968,1,1,0,1,1,6.9,37.03968,1,1,0,1,1,7.89,37.03968,1,1,0,1,1
Pompey_Reef_No_1,2022,Heatwave_Only,4.28,0.0,2020,2025,3,12.963861789107106,24.73710245088624,-11.773240661779134,0.0,-0.9081584525740322,-0.9081584525740322,2,79.18178240240955,11.356980628064708,21.85463824439439,21.422107849019707,8.94,0.0,1,0,0,1,0,13.18,0.0,2,0,0,1,0,15.16,37.03968,2,1,0,1,1,15.16,37.03968,2,1,0,1,1
Pompey_Reef_No_1,2024,Heatwave_Only,8.63,0.0,2023,2025,1,25.19652755724253,24.73710245088624,0.45942510635628864,0.45942510635628864,0.018233667528692096,0.018233667528692096,2,70.52872465469214,1.4379683797069072,30.714240487417648,47.93450050224903,5.1000000000000005,0.0,1,0,0,1,0,14.04,0.0,2,0,0,1,0,18.28,0.0,3,0,0,1,0,19.119999999999997,0.0,3,0,0,1,0
Pompey_Reef_No_2,2009,Storm_Only,0.79,32.67308311182613,2008,2010,1,30.98513787361741,16.844229080112292,14.140908793505119,14.140908793505119,0.4563771460751036,0.4563771460751036,5,57.722637225039776,1.4318183529627542,3.620973902185181,27.09021013221138,1.56,0.0,0,0,0,0,0,6.200000000000001,0.0,1,0,0,1,0,6.200000000000001,0.0,1,0,0,1,0,6.200000000000001,0.0,1,0,0,1,0
Pompey_Reef_No_2,2015,Storm_Only,1.3,41.000868,2014,2016,1,25.52553351539526,14.054138252078364,11.471395263316897,11.471395263316897,0.4494086384677575,0.4494086384677575,6,62.3750800005753,4.153555851912063,21.7038814617312,25.513422038977712,1.6400000000000001,0.0,0,0,0,0,0,3.0100000000000002,0.0,0,0,0,0,0,3.8000000000000003,34.29984846531156,0,1,0,0,1,3.8000000000000003,34.29984846531156,0,1,0,0,1
Pompey_Reef_No_2,2017,Heatwave_Only,4.38,0.0,2016,2018,1,14.054138252078364,22.050219906090327,-7.996081654011963,0.0,-0.5689485552648154,-0.5689485552648154,2,83.49427306513661,2.719289618522227,11.562362047065562,28.785575349597057,2.14,37.03968,0,1,0,0,1,3.7800000000000002,37.03968,0,1,0,0,1,5.15,37.03968,0,1,0,0,1,5.94,71.33952846531156,0,2,0,0,1
Pompey_Reef_No_2,2020,Heatwave_Only,8.97,0.0,2018,2023,3,22.050219906090327,22.71660031286888,-0.6663804067785541,0.0,-0.030221032244422116,-0.030221032244422116,3,70.52142949862711,0.9944983720353164,22.43442452582068,31.275905747649286,4.38,0.0,1,0,0,1,0,6.52,37.03968,1,1,0,1,1,7.16,37.03968,1,1,0,1,1,8.16,37.03968,1,1,0,1,1
Pompey_Reef_No_2,2024,Heatwave_Only,8.63,0.0,2023,2024,0,22.71660031286888,23.61100800344921,-0.89440769058033,0.0,-0.03937242713530734,-0.03937242713530734,4,67.87038823312663,1.6435723449776978,23.15446270817304,50.85185461861887,4.35,0.0,0,0,0,0,0,13.320000000000002,0.0,1,0,0,1,0,17.7,0.0,2,0,0,1,0,18.54,0.0,2,0,0,1,0
Rebe_Reef,2003,Storm_Only,0.15,29.117304,2002,2003,0,19.80602413810053,18.622252914481933,1.1837712236185958,1.1837712236185958,0.05976824098388299,0.05976824098388299,10,23.229107716190608,0.369403796112712,,32.78370094967743,3.5200000000000005,0.0,0,0,0,0,0,5.1,0.0,0,0,0,0,0,5.26,0.0,0,0,0,0,0,5.5600000000000005,0.0,0,0,0,0,0
Rebe_Reef,2004,Heatwave_Only,5.0,0.0,2003,2007,3,18.622252914481933,18.11041507736537,0.5118378371165626,0.5118378371165626,0.02748528008222478,0.02748528008222478,10,24.366047555002226,0.0825438601606477,,39.68700489358476,3.6700000000000004,0.0,0,0,0,0,0,3.82,0.0,0,0,0,0,0,5.25,0.0,0,0,0,0,0,5.41,0.0,0,0,0,0,0
Rebe_Reef,2009,Storm_Only,3.83,42.338412,2007,2011,2,18.11041507736537,3.226949971477211,14.88346510588816,14.88346510588816,0.8218180004327844,0.8218180004327844,5,32.3581954187188,0.2720162992593848,7.312275357736754,42.85706420258898,1.5,0.0,0,0,0,0,0,6.83,0.0,1,0,0,1,0,9.16,0.0,1,0,0,1,0,10.500000000000002,0.0,1,0,0,1,0
Rebe_Reef,2010,Storm_Only,1.54,29.117304,2009,2013,3,9.050954331498987,2.496085530265719,6.554868801233268,6.554868801233268,0.7242185256002363,0.7242185256002363,1,74.8414648031007,3.4433017970286035,2.4142524882121097,64.30878953739189,4.3,42.338412,0,1,0,0,1,5.66,42.338412,0,1,0,0,1,10.81,42.338412,1,1,0,1,1,12.99,42.338412,1,1,0,1,1
Rebe_Reef,2015,Storm_Only,1.29,20.268067728102764,2013,2015,0,2.496085530265719,5.8252480048351085,-3.3291624745693893,0.0,-1.3337533646994002,-1.0,5,94.27333564284436,0.553769728135959,8.89194541063046,81.56727794080834,0.76,0.0,0,0,0,0,0,3.2699999999999996,29.117304,0,1,0,0,1,7.569999999999999,71.455716,0,2,0,0,2,7.57,71.455716,0,2,0,0,2
Rebe_Reef,2017,Concurrent,5.55,35.75358,2015,2017,0,5.8252480048351085,13.629582830721851,-7.804334825886743,0.0,-1.339742929298279,-1.0,2,90.34588283308194,0.9398247153575038,21.07997957950751,87.26812255849016,4.43,22.693952248264484,0,1,0,0,1,5.1899999999999995,22.693952248264484,0,1,0,0,1,7.699999999999999,51.811256248264485,0,2,0,0,1,11.53,94.14966824826448,0,3,0,0,2
Rebe_Reef,2020,Concurrent,7.1000000000000005,38.377224,2019,2021,1,20.938367794603355,32.26459960065175,-11.326231806048394,0.0,-0.5409319349604514,-0.5409319349604514,3,69.55862302686234,1.2334546591977544,16.748392189883678,106.69680632873012,5.55,0.0,1,0,0,1,0,9.98,22.693952248264484,1,1,0,1,1,9.98,22.693952248264484,1,1,0,1,1,10.739999999999998,22.693952248264484,1,1,0,1,1
Rebe_Reef,2022,Heatwave_Only,6.8500000000000005,0.0,2021,2025,3,32.26459960065175,23.00039497518344,9.26420462546831,9.26420462546831,0.28713217396570984,0.28713217396570984,2,52.70271105494126,0.7108729156358736,25.51946246350913,60.49694041558914,7.1000000000000005,38.377224,1,1,1,1,1,12.65,38.377224,2,1,1,1,1,17.080000000000002,61.07117624826448,2,2,1,1,1,17.080000000000002,61.07117624826448,2,2,1,1,1
Rebe_Reef,2024,Heatwave_Only,11.14,0.0,2023,2025,1,36.40687068292819,23.00039497518344,13.406475707744747,13.406475707744747,0.36824026499018153,0.36824026499018153,2,45.90583231349919,2.1914935373534568,18.547797973979627,49.00794882763401,9.05,0.0,1,0,0,1,0,16.150000000000002,38.377224,2,1,1,1,1,21.7,38.377224,3,1,1,1,1,24.840000000000003,38.377224,3,1,1,1,1
Reef_11_049,2020,Heatwave_Only,10.27,0.0,2019,2020,0,16.517827376841556,14.536649162469114,1.9811782143724415,1.9811782143724415,0.11994181614648107,0.11994181614648107,10,64.0746104825115,0.4649338789804283,16.076892709886895,62.202827963362665,4.07,0.0,0,0,0,0,0,6.74,0.0,0,0,0,0,0,6.74,0.0,0,0,0,0,0,6.74,0.0,0,0,0,0,0
Reef_11_049,2021,Heatwave_Only,5.49,0.0,2020,2022,1,14.536649162469114,19.449086137087544,-4.91243697461843,0.0,-0.33793461751153875,-0.33793461751153875,1,67.77931763961075,0.5264141446384419,10.638139568314536,27.40894943672301,14.04,0.0,1,0,0,1,0,17.009999999999998,0.0,1,0,0,1,0,17.009999999999998,0.0,1,0,0,1,0,17.009999999999998,0.0,1,0,0,1,0
Reef_11_049,2022,Heatwave_Only,5.8100000000000005,0.0,2021,2022,0,23.67113079984308,19.449086137087544,4.222044662755536,4.222044662755536,0.17836260964700193,0.17836260964700193,1,55.24508992546501,0.943935636337336,19.14835375168998,63.300212096315406,18.6,0.0,2,0,0,2,0,19.83,0.0,2,0,0,2,0,22.5,0.0,2,0,0,2,0,22.5,0.0,2,0,0,2,0
Reef_11_049,2024,Heatwave_Only,5.17,0.0,2023,2025,1,21.44202021645579,20.28166719554286,1.1603530209129325,1.1603530209129325,0.054115843992275196,0.054115843992275196,2,52.63870218655799,0.4673040832632929,19.47029770366481,65.60047705153362,12.33,0.0,2,0,0,2,0,25.440000000000005,0.0,3,0,0,3,0,26.67,0.0,3,0,0,3,0,29.340000000000003,0.0,3,0,0,3,0
Reef_11_049,2025,Heatwave_Only,10.82,0.0,2024,2025,0,20.706041199079618,20.28166719554286,0.4243740035367587,0.4243740035367587,0.020495178168370595,0.020495178168370595,1,47.89529212076526,0.7734176293205383,21.23139828865775,42.83374436621728,12.010000000000002,0.0,2,0,0,1,0,27.770000000000003,0.0,4,0,0,3,0,31.540000000000006,0.0,4,0,0,3,0,31.84,0.0,4,0,0,3,0
Reef_11_162,2021,Heatwave_Only,4.38,0.0,2020,2021,0,14.567238609953362,16.662392605198743,-2.095153995245381,0.0,-0.1438264348751605,-0.1438264348751605,1,66.73629306152223,0.7693375139671792,13.16731996929266,24.30954093270669,13.51,0.0,1,0,0,1,0,18.65,0.0,2,0,0,1,0,18.65,0.0,2,0,0,1,0,18.65,18.51984,2,1,0,1,1
Reef_11_162,2022,Heatwave_Only,5.55,0.0,2021,2022,0,16.662392605198743,17.386432357019498,-0.7240397518207544,0.0,-0.043453528492351734,-0.043453528492351734,1,63.96284183031834,0.2002779914432173,18.81662445370173,44.4068608726851,16.99,0.0,2,0,0,2,0,23.029999999999998,0.0,3,0,0,2,0,23.029999999999998,0.0,3,0,0,2,0,23.03,0.0,3,0,0,2,0
Reef_11_162,2024,Heatwave_Only,4.33,0.0,2023,2025,1,18.172946333750627,18.73172091269631,-0.5587745789456839,0.0,-0.030747605186503688,-0.030747605186503688,2,60.69434979775179,0.4421260209633197,20.03497540674688,29.48827735285459,10.82,0.0,2,0,0,2,0,23.43,0.0,3,0,0,3,0,29.47,0.0,4,0,0,3,0,29.47,0.0,4,0,0,3,0
Reef_11_162,2025,Heatwave_Only,8.58,0.0,2024,2025,0,19.54209983791427,18.73172091269631,0.810378925217961,0.810378925217961,0.04146836480927797,0.04146836480927797,1,56.702122621744536,0.5547143951776962,25.14407566361545,45.841592301125786,10.77,0.0,2,0,0,1,0,25.020000000000003,0.0,4,0,0,3,0,28.660000000000004,0.0,4,0,0,3,0,33.8,0.0,5,0,0,3,0
Reef_13_124,2005,Storm_Only,0.0,29.976776538560475,2004,2006,1,17.636861921177374,20.24187811294965,-2.6050161917722754,0.0,-0.14770293056750164,-0.14770293056750164,15,,,,,1.41,0.0,0,0,0,0,0,1.9,0.0,0,0,0,0,0,4.09,0.0,0,0,0,0,0,4.25,0.0,0,0,0,0,0
Reef_13_124,2015,Storm_Only,0.86,19.444059655968648,2013,2017,2,29.909218065608112,21.591373504982567,8.317844560625545,8.317844560625545,0.2781030430945981,0.2781030430945981,9,,,,,1.86,0.0,0,0,0,0,0,5.0600000000000005,0.0,0,0,0,0,0,6.670000000000001,0.0,0,0,0,0,0,6.830000000000001,0.0,0,0,0,0,0
Reef_13_124,2016,Heatwave_Only,7.04,0.0,2015,2017,1,24.66572034926597,21.591373504982567,3.0743468442834043,3.0743468442834043,0.12464046461042821,0.12464046461042821,1,,,,,2.72,20.789233848731943,0,1,0,0,1,4.340000000000001,20.789233848731943,0,1,0,0,1,7.530000000000001,20.789233848731943,0,1,0,0,1,7.530000000000001,20.789233848731943,0,1,0,0,1
Reef_13_124,2017,Heatwave_Only,10.02,0.0,2015,2017,0,24.66572034926597,21.591373504982567,3.0743468442834043,3.0743468442834043,0.12464046461042821,0.12464046461042821,1,,,,,7.9,20.789233848731943,1,1,0,1,1,9.76,20.789233848731943,1,1,0,1,1,12.96,20.789233848731943,1,1,0,1,1,14.57,20.789233848731943,1,1,0,1,1
Reef_13_124,2020,Heatwave_Only,6.23,0.0,2019,2020,0,30.01401314639445,25.79244881095199,4.221564335442462,4.221564335442462,0.14065311142670683,0.14065311142670683,3,47.783425897489415,0.8176470403171328,14.99473563149856,48.02218863032241,11.409999999999998,0.0,1,0,0,1,0,19.310000000000002,20.789233848731943,2,1,0,2,1,21.17,20.789233848731943,2,1,0,2,1,21.169999999999998,20.789233848731943,2,1,0,2,1
Reef_13_124,2021,Heatwave_Only,5.18,0.0,2020,2023,2,25.79244881095199,29.533951127947795,-3.741502316995806,0.0,-0.14506192662897094,-0.14506192662897094,1,51.16603501812384,2.2641037155540835,20.23526119249475,36.14679123118531,7.620000000000001,0.0,1,0,0,1,0,24.68,0.0,3,0,0,2,0,25.540000000000003,20.789233848731943,3,1,0,2,1,27.4,20.789233848731943,3,1,0,2,1
Reef_13_124,2022,Concurrent,5.55,19.857384,2021,2023,1,30.045870694571995,29.533951127947795,0.5119195666242007,0.5119195666242007,0.017037934158342854,0.017037934158342854,1,47.87263970281781,0.5958915134146362,30.266921544982218,56.31978190427561,12.01,0.0,2,0,0,2,0,22.82,0.0,3,0,0,2,0,30.720000000000002,20.789233848731943,4,1,0,2,1,30.72,20.789233848731943,4,1,0,2,1
Reef_13_124,2024,Heatwave_Only,7.65,0.0,2023,2024,0,29.533951127947795,32.52427362052329,-2.990322492575494,0.0,-0.1012503365912924,-0.1012503365912924,2,45.60513916028603,1.2615175585203855,21.18159831362737,38.84781683436431,13.83,19.857384,2,1,1,2,1,20.66,19.857384,3,1,1,3,1,31.470000000000002,19.857384,4,1,1,3,1,38.510000000000005,19.857384,5,1,1,3,1
Reef_13_124,2025,Heatwave_Only,9.62,0.0,2024,2026,1,32.52427362052329,33.406799233300525,-0.8825256127772363,0.0,-0.027134368105314114,-0.027134368105314114,1,44.6412654783795,1.075565592249961,28.64634659547643,39.69977937392058,16.3,19.857384,2,1,1,1,1,27.71,19.857384,4,1,1,3,1,29.1,19.857384,4,1,1,3,1,39.120000000000005,19.857384,5,1,1,3,1
Reef_19_131,1996,Storm_Only,0.33,18.51984,1995,1999,3,56.38781196252039,34.617677810916256,21.770134151604132,21.770134151604132,0.38607871796966003,0.38607871796966003,10,34.786195960930115,0.1318989922279443,,14.850115538794707,1.92,0.0,0,0,0,0,0,1.92,0.0,0,0,0,0,0,1.92,0.0,0,0,0,0,0,1.92,0.0,0,0,0,0,0
Reef_19_131,2003,Storm_Only,0.0,23.774914614487606,2002,2004,1,41.38560671179326,31.297665557395288,10.08794115439797,10.08794115439797,0.24375482096105908,0.24375482096105908,10,52.01512228628052,2.516043339939446,,28.103231988623047,3.25,0.0,0,0,0,0,0,4.37,0.0,0,0,0,0,0,4.7,0.0,0,0,0,0,0,5.94,0.0,0,0,0,0,0
Reef_19_131,2009,Storm_Only,0.15,26.802764189629407,2007,2011,2,40.94623232718117,41.426381208148,-0.48014888096682995,0.0,-0.011726326298600487,-0.011726326298600487,10,49.78621527602967,1.4034703197244398,14.542768334181616,30.76617708259268,0.31,0.0,0,0,0,0,0,2.39,0.0,0,0,0,0,0,5.05,0.0,0,0,0,0,0,5.64,0.0,0,0,0,0,0
Reef_19_131,2010,Storm_Only,0.62,29.117304,2009,2011,1,43.58530617826212,41.426381208148,2.1589249701141213,2.1589249701141213,0.04953332119049953,0.04953332119049953,10,48.47156957268624,0.5492963376295003,10.56397095528901,37.48070597674943,0.15,0.0,0,0,0,0,0,0.45999999999999996,0.0,0,0,0,0,0,2.54,0.0,0,0,0,0,0,5.2,0.0,0,0,0,0,0
Reef_19_131,2011,Storm_Only,0.0,18.51984,2009,2011,0,43.58530617826212,41.426381208148,2.1589249701141213,2.1589249701141213,0.04953332119049953,0.04953332119049953,10,48.47156957268624,0.5492963376295003,10.56397095528901,37.48070597674943,0.77,0.0,0,0,0,0,0,1.08,0.0,0,0,0,0,0,3.16,0.0,0,0,0,0,0,3.16,0.0,0,0,0,0,0
Reef_19_131,2017,Storm_Only,2.06,35.75358,2015,2019,2,45.65885291206999,41.31794705401277,4.340905858057219,4.340905858057219,0.09507259997129043,0.09507259997129043,10,45.37761080510535,0.8690536750965813,21.217060781880456,32.76920854142451,2.6100000000000003,0.0,0,0,0,0,0,3.1100000000000003,0.0,0,0,0,0,0,3.7300000000000004,0.0,0,0,0,0,0,3.8800000000000003,0.0,0,0,0,0,0
Reef_19_131,2020,Storm_Only,3.0700000000000003,38.377224,2019,2021,1,41.31794705401277,40.887965904616685,0.42998114939608456,0.42998114939608456,0.010406643602935861,0.010406643602935861,10,50.79106737351684,1.1544406706388055,18.989059980863274,26.066780870255524,2.06,0.0,0,0,0,0,0,4.67,0.0,0,0,0,0,0,4.67,0.0,0,0,0,0,0,5.17,0.0,0,0,0,0,0
Reef_19_131,2022,Heatwave_Only,5.01,0.0,2021,2023,1,40.887965904616685,43.323680639249865,-2.43571473463318,0.0,-0.05957045504085988,-0.05957045504085988,10,46.6211822161677,1.2514541100196277,21.261645021155573,27.875200307539973,3.0700000000000003,0.0,0,0,0,0,0,5.130000000000001,0.0,0,0,0,0,0,7.74,0.0,0,0,0,0,0,7.74,0.0,0,0,0,0,0
Reef_19_131,2024,Heatwave_Only,5.82,0.0,2023,2024,0,43.323680639249865,45.61185335130897,-2.288172712059108,0.0,-0.05281575060790419,-0.05281575060790419,2,46.66597188798421,3.4049585920700105,14.534979300374324,28.86646513661223,5.3,0.0,1,0,0,1,0,8.37,0.0,1,0,0,1,0,10.43,0.0,1,0,0,1,0,11.940000000000001,0.0,1,0,0,1,0
Reef_19_138,1996,Storm_Only,0.49,18.51984,1995,1997,1,32.75254521306679,16.335131953752622,16.417413259314166,16.417413259314166,0.5012561055183082,0.5012561055183082,10,63.892119053091726,1.086074359499787,,31.219016555219927,2.35,0.0,0,0,0,0,0,2.35,0.0,0,0,0,0,0,3.16,0.0,0,0,0,0,0,3.16,0.0,0,0,0,0,0
Reef_19_138,2003,Storm_Only,0.0,28.30726962939996,2002,2006,3,24.3609819602416,19.965417604047207,4.395564356194392,4.395564356194392,0.18043461316001888,0.18043461316001888,10,71.30099945474062,1.7873830584465062,,29.544987091248903,4.6000000000000005,0.0,0,0,0,0,0,6.720000000000001,0.0,0,0,0,0,0,7.21,0.0,0,0,0,0,0,8.71,0.0,0,0,0,0,0
Reef_19_138,2009,Storm_Only,0.14,26.29000264676222,2008,2010,1,23.3522623429085,22.50704128744894,0.8452210554595609,0.8452210554595609,0.03619439705876007,0.03619439705876007,10,49.18673332818956,0.110520474086948,,40.417321227578206,0.48,0.0,0,0,0,0,0,3.31,0.0,0,0,0,0,0,7.280000000000001,0.0,0,0,0,0,0,7.910000000000001,0.0,0,0,0,0,0
Reef_19_138,2010,Storm_Only,1.11,29.117304,2009,2010,0,35.688475536131826,22.50704128744894,13.181434248682887,13.181434248682887,0.36934708055371274,0.36934708055371274,10,59.10055834719046,0.573896052013114,,40.093722635240326,0.14,0.0,0,0,0,0,0,0.79,0.0,0,0,0,0,0,3.45,0.0,0,0,0,0,0,7.420000000000001,0.0,0,0,0,0,0
Reef_19_138,2011,Storm_Only,0.0,18.51984,2010,2011,0,22.50704128744894,28.164262225356907,-5.657220937907969,0.0,-0.25135338162207577,-0.25135338162207577,10,59.10055834719046,0.573896052013114,,40.093722635240326,1.25,0.0,0,0,0,0,0,1.73,0.0,0,0,0,0,0,4.5600000000000005,0.0,0,0,0,0,0,4.5600000000000005,0.0,0,0,0,0,0
Reef_19_138,2017,Storm_Only,2.64,35.75358,2015,2019,2,41.93183664259121,34.1234816433095,7.808354999281704,7.808354999281704,0.18621543019536055,0.18621543019536055,10,51.77358182750936,0.921129754672595,,32.54567291338012,2.77,0.0,0,0,0,0,0,3.86,0.0,0,0,0,0,0,4.970000000000001,0.0,0,0,0,0,0,5.109999999999999,0.0,0,0,0,0,0
Reef_19_138,2020,Concurrent,4.11,38.377224,2019,2022,2,34.1234816433095,23.390751243533632,10.732730399775871,10.732730399775871,0.3145262406680652,0.3145262406680652,10,61.659207952729936,1.2360283053825667,,60.07833596503709,2.64,0.0,0,0,0,0,0,5.41,0.0,0,0,0,0,0,6.0,0.0,0,0,0,0,0,6.5,0.0,0,0,0,0,0
Reef_19_138,2022,Heatwave_Only,5.75,0.0,2021,2022,0,39.11191654769088,23.390751243533632,15.72116530415725,15.72116530415725,0.4019533352447135,0.4019533352447135,2,53.00387236451633,1.3510843726573158,,60.93082994865932,4.11,0.0,1,0,0,1,0,6.75,0.0,1,0,0,1,0,9.52,0.0,1,0,0,1,0,9.52,0.0,1,0,0,1,0
Reef_19_138,2024,Heatwave_Only,6.0200000000000005,0.0,2023,2024,0,43.47725959871386,50.53699495568969,-7.059735356975835,0.0,-0.1623776526426858,-0.1623776526426858,2,51.16543680229828,1.6422012180189924,,28.94805509999295,6.5,0.0,1,0,0,1,0,10.61,0.0,2,0,0,1,0,13.25,0.0,2,0,0,1,0,14.709999999999999,0.0,2,0,0,1,0
Reef_20_104,2003,Storm_Only,0.0,29.117304,2002,2003,0,36.7200081044826,34.730337527963414,1.9896705765191882,1.9896705765191882,0.05418491659527436,0.05418491659527436,18,63.81900763569065,5.896146481995906,,25.5160015179657,4.53,0.0,0,0,0,0,0,6.38,0.0,0,0,0,0,0,6.85,0.0,0,0,0,0,0,7.65,0.0,0,0,0,0,0
Reef_20_104,2009,Storm_Only,0.44,28.812487687609003,2007,2010,1,48.50110111498135,15.295215205172893,33.20588590980846,33.20588590980846,0.6846418977393401,0.6846418977393401,24,53.2551806584172,1.0670881308722475,14.661095110521016,27.50064493935236,0.8200000000000001,0.0,0,0,0,0,0,3.8600000000000003,0.0,0,0,0,0,0,7.550000000000001,0.0,0,0,0,0,0,8.39,0.0,0,0,0,0,0
Reef_20_104,2010,Storm_Only,1.14,29.117304,2009,2010,0,31.15481820326106,15.295215205172893,15.859602998088166,15.859602998088166,0.5090577930712528,0.5090577930712528,1,71.53403953373318,2.205218296444296,7.003221614812226,37.72065094598248,0.44,30.968637326959676,0,1,0,0,1,1.76,30.968637326959676,0,1,0,0,1,4.300000000000001,30.968637326959676,0,1,0,0,1,7.99,30.968637326959676,0,1,0,0,1
Reef_20_104,2017,Storm_Only,2.18,34.47760163605681,2015,2017,0,48.8394931797742,56.7359331998962,-7.896440020122,0.0,-0.16168144888514396,-0.16168144888514396,7,49.25040399888731,2.539389589384313,37.794859198770986,28.3141624098022,1.6400000000000001,0.0,0,0,0,0,0,2.24,0.0,0,0,0,0,0,3.38,29.117304,0,1,0,0,1,3.8200000000000003,60.08594132695968,0,2,0,0,2
Reef_20_104,2020,Concurrent,4.91,38.377224,2017,2023,3,56.7359331998962,16.20565985837552,40.53027334152068,40.53027334152068,0.714366910978999,0.714366910978999,10,40.87830390498593,0.8730850361841714,28.381791187691302,30.5591724126918,2.18,0.0,0,0,0,0,0,3.8200000000000003,0.0,0,0,0,0,0,4.27,0.0,0,0,0,0,0,4.42,0.0,0,0,0,0,0
Reef_20_104,2022,Heatwave_Only,4.07,0.0,2021,2023,1,48.64984513503214,16.20565985837552,32.44418527665662,32.44418527665662,0.6668918510758829,0.6668918510758829,2,48.994597186065846,1.148583248477404,17.279415287321786,33.877656863709326,4.91,38.377224,1,1,1,1,1,7.09,38.377224,1,1,1,1,1,8.73,38.377224,1,1,1,1,1,8.73,38.377224,1,1,1,1,1
Reef_20_104,2024,Heatwave_Only,5.5600000000000005,0.0,2023,2025,1,16.20565985837552,37.18468541884122,-20.9790255604657,0.0,-1.2945492959747134,-1.0,2,48.994597186065846,1.148583248477404,17.279415287321786,33.877656863709326,4.220000000000001,0.0,1,0,0,1,0,9.13,38.377224,2,1,1,1,1,11.31,38.377224,2,1,1,1,1,12.16,38.377224,2,1,1,1,1
Reef_20_348,2009,Storm_Only,1.28,42.338412,2008,2010,1,18.820801434911782,13.019465422797651,5.801336012114131,5.801336012114131,0.3082406470402956,0.3082406470402956,10,63.79766246115249,0.5007142521823863,13.521071156491647,30.876165942443187,0.95,0.0,0,0,0,0,0,3.44,0.0,0,0,0,0,0,3.44,0.0,0,0,0,0,0,3.4400000000000004,0.0,0,0,0,0,0
Reef_20_348,2015,Storm_Only,0.3,41.000868,2014,2018,3,14.359591387905445,8.658804239159544,5.700787148745901,5.700787148745901,0.3970020451659554,0.3970020451659554,6,67.99134882126393,0.1011106112481117,18.81495289908032,24.567254971919454,0.31,0.0,0,0,0,0,0,2.5,0.0,0,0,0,0,0,4.08,42.338412,0,1,0,0,1,4.08,42.338412,0,1,0,0,1
Reef_20_353,2009,Storm_Only,0.76,42.338412,2008,2010,1,38.73478060235202,11.183177665800118,27.5516029365519,27.5516029365519,0.7112884727396375,0.7112884727396375,10,60.94416806593608,0.5874048566387294,2.594179080369197,18.99507584457804,0.64,0.0,0,0,0,0,0,3.64,0.0,0,0,0,0,0,3.64,0.0,0,0,0,0,0,3.64,0.0,0,0,0,0,0
Reef_20_353,2015,Storm_Only,0.61,41.000868,2014,2016,1,17.243062325524225,26.026037400263665,-8.78297507473944,0.0,-0.509362832942867,-0.509362832942867,6,82.841459017863,1.1274294142000891,19.55600322921461,16.76071296804623,0.63,0.0,0,0,0,0,0,2.5399999999999996,0.0,0,0,0,0,0,3.3,42.338412,0,1,0,0,1,3.3,42.338412,0,1,0,0,1
Reef_20_353,2020,Heatwave_Only,5.66,0.0,2018,2020,0,26.544438132077936,33.44469672660422,-6.900258594526285,0.0,-0.25995120183717835,-0.25995120183717835,5,79.8645970831838,0.6410042746865305,22.97290724024306,20.29423957969603,2.92,0.0,0,0,0,0,0,4.02,37.03968,0,1,0,0,1,4.17,37.03968,0,1,0,0,1,4.65,37.03968,0,1,0,0,1
Reef_21_060,2009,Storm_Only,0.78,34.661594519971025,2008,2012,3,33.276022187671835,4.151573592519805,29.12444859515203,29.12444859515203,0.8752382851199719,0.8752382851199719,5,66.41771101079541,1.518906321966745,2.860479214057592,26.66033682602707,1.42,0.0,0,0,0,0,0,6.04,0.0,1,0,0,1,0,6.04,0.0,1,0,0,1,0,6.04,0.0,1,0,0,1,0
Reef_21_060,2015,Storm_Only,1.32,41.000868,2014,2018,3,5.336805231850224,1.8641535501526096,3.4726516816976147,3.4726516816976147,0.6506985979126085,0.6506985979126085,6,91.72153735597124,7.0118729832930775,18.828876277781024,24.42222654933221,1.47,0.0,0,0,0,0,0,2.84,0.0,0,0,0,0,0,3.62,35.98650478904146,0,1,0,0,1,3.62,35.98650478904146,0,1,0,0,1
Reef_21_060,2017,Heatwave_Only,4.38,0.0,2016,2018,1,3.199176694056121,1.8641535501526096,1.3350231439035114,1.3350231439035114,0.4173020972501783,0.4173020972501783,2,100.87366844572054,9.22093114830068,6.148340318772102,26.117563471872565,2.16,37.03968,0,1,0,0,1,3.63,37.03968,0,1,0,0,1,5.0,37.03968,0,1,0,0,1,5.78,73.02618478904145,0,2,0,0,1
Reef_21_060,2020,Heatwave_Only,8.85,0.0,2018,2020,0,1.8641535501526096,4.45013182167719,-2.5859782715245805,0.0,-1.387213124859204,-1.0,3,99.01565163745536,1.6833525274201355,11.44176168510354,25.230901505188232,4.38,0.0,1,0,0,1,0,6.54,37.03968,1,1,0,1,1,7.0,37.03968,1,1,0,1,1,8.01,37.03968,1,1,0,1,1
Reef_21_060,2024,Heatwave_Only,8.99,0.0,2023,2024,0,12.581882012315896,14.520742210618176,-1.9388601983022795,0.0,-0.15409937848760683,-0.15409937848760683,4,88.11166316283874,3.005926337989573,25.554131148807603,49.012813508601056,4.260000000000001,0.0,0,0,0,0,0,13.110000000000001,0.0,1,0,0,1,0,17.49,0.0,2,0,0,1,0,18.33,0.0,2,0,0,1,0
Reef_21_062,2009,Storm_Only,0.46,42.338412,2008,2010,1,33.341575600726586,29.270685665636947,4.070889935089639,4.070889935089639,0.12209650749081352,0.12209650749081352,10,59.11462414813561,0.9025373943453736,14.074873808153288,29.164183678057345,0.66,0.0,0,0,0,0,0,4.12,0.0,0,0,0,0,0,4.12,0.0,0,0,0,0,0,4.12,0.0,0,0,0,0,0
Reef_21_062,2015,Storm_Only,0.79,41.000868,2014,2018,3,14.028390047360926,2.902311593130701,11.126078454230225,11.126078454230225,0.7931115699426468,0.7931115699426468,6,82.39630530818609,0.3713806784044697,20.93783442390025,29.705817812513256,0.66,0.0,0,0,0,0,0,2.42,0.0,0,0,0,0,0,2.8800000000000003,42.338412,0,1,0,0,1,2.8800000000000003,42.338412,0,1,0,0,1
Reef_21_062,2020,Heatwave_Only,6.5200000000000005,0.0,2018,2023,3,2.902311593130701,34.47268255757353,-31.570370964442827,0.0,-10.87766421743439,-1.0,5,93.59597088832932,0.1741030796337535,16.844047320571534,27.29913846543741,3.23,0.0,0,0,0,0,0,4.49,37.03968,0,1,0,0,1,4.65,37.03968,0,1,0,0,1,5.15,37.03968,0,1,0,0,1
Reef_21_062,2024,Heatwave_Only,8.21,0.0,2023,2026,2,34.47268255757353,24.96631868328868,9.506363874284848,9.506363874284848,0.2757651325337991,0.2757651325337991,4,,,,,2.6399999999999997,0.0,0,0,0,0,0,9.16,0.0,1,0,0,1,0,12.39,0.0,1,0,0,1,0,12.86,0.0,1,0,0,1,0
Reef_21_064,2009,Storm_Only,0.61,41.71559019364843,2008,2010,1,39.66166157978208,18.001235786409715,21.66042579337236,21.66042579337236,0.5461300644150011,0.5461300644150011,10,75.35455557948158,0.4430495474345878,2.9737788665255733,33.4621145731169,0.88,0.0,0,0,0,0,0,4.55,0.0,0,0,0,0,0,4.55,0.0,0,0,0,0,0,4.55,0.0,0,0,0,0,0
Reef_21_064,2015,Storm_Only,1.13,41.000868,2014,2018,3,13.391778556280798,7.356867637191203,6.034910919089595,6.034910919089595,0.4506429742492417,0.4506429742492417,6,99.26819104765435,3.409324354302912,19.872966601094824,30.98225568621094,0.9600000000000001,0.0,0,0,0,0,0,2.73,0.0,0,0,0,0,0,3.34,41.83166729439974,0,1,0,0,1,3.34,41.83166729439974,0,1,0,0,1
Reef_21_064,2020,Heatwave_Only,7.34,0.0,2018,2020,0,7.356867637191203,7.291170522568721,0.06569711462248229,0.06569711462248229,0.008930038959837117,0.008930038959837117,5,102.23941625890215,2.097015130700256,16.863074434831237,31.08134141797952,3.83,0.0,0,0,0,0,0,5.73,37.03968,0,1,0,0,1,5.88,37.03968,0,1,0,0,1,6.6899999999999995,37.03968,0,1,0,0,1
Reef_21_064,2024,Heatwave_Only,8.82,0.0,2023,2026,2,22.255136543642912,24.58518877873856,-2.3300522350956463,0.0,-0.10469727878444386,-0.10469727878444386,4,,,,,2.83,0.0,0,0,0,0,0,10.17,0.0,1,0,0,1,0,14.0,0.0,1,0,0,1,0,14.77,0.0,1,0,0,1,0
Reef_21_139,2009,Storm_Only,0.32,42.338412,2008,2010,1,19.94113911127081,16.684200768543928,3.256938342726883,3.256938342726883,0.16332759751352663,0.16332759751352663,15,54.440095925774976,4.889400943321946,9.420611723122375,23.605917328894783,1.61,0.0,0,0,0,0,0,5.03,0.0,0,0,0,0,0,5.03,0.0,0,0,0,0,0,5.029999999999999,0.0,0,0,0,0,0
Reef_21_139,2015,Storm_Only,0.79,25.65883004104634,2014,2018,3,20.02533517935265,24.441226074885268,-4.41589089553262,0.0,-0.22051520516299147,-0.22051520516299147,6,62.72477564784009,2.89129211478029,18.93267015667153,27.35045979627656,0.18,0.0,0,0,0,0,0,2.35,0.0,0,0,0,0,0,3.17,42.338412,0,1,0,0,1,3.17,42.338412,0,1,0,0,1
Reef_21_139,2020,Heatwave_Only,5.57,0.0,2018,2020,0,24.441226074885268,25.034646588229016,-0.593420513343748,0.0,-0.024279490379311246,-0.024279490379311246,5,53.75155934591045,3.29716688425905,30.773077187983944,26.34483722935441,3.62,0.0,0,0,0,0,0,5.050000000000001,22.59502995356061,0,1,0,0,1,5.050000000000001,22.59502995356061,0,1,0,0,1,5.2299999999999995,22.59502995356061,0,1,0,0,1
Reef_21_139,2024,Heatwave_Only,8.6,0.0,2023,2025,1,30.815758551790584,19.733488160535856,11.082270391254728,11.082270391254728,0.3596299721984543,0.3596299721984543,4,48.07878374488406,3.642850224597952,22.03113033164883,31.02599416132689,1.99,0.0,0,0,0,0,0,7.5600000000000005,0.0,1,0,0,1,0,11.18,0.0,1,0,0,1,0,11.82,0.0,1,0,0,1,0
Reef_21_187,2009,Storm_Only,0.33,42.338412,2008,2010,1,32.43922308381791,14.24208192120473,18.19714116261318,18.19714116261318,0.5609610660401636,0.5609610660401636,15,59.431845099678974,5.803781738617748,23.20331188737716,24.81106202629276,1.59,0.0,0,0,0,0,0,3.4200000000000004,0.0,0,0,0,0,0,7.120000000000001,0.0,0,0,0,0,0,7.12,0.0,0,0,0,0,0
Reef_21_187,2015,Storm_Only,0.29,22.23808902226356,2014,2018,3,16.25365233215195,23.97244048923216,-7.718788157080208,0.0,-0.4748956111120568,-0.4748956111120568,6,73.53972834230663,0.6552915853100906,25.4045126513844,29.946032750717244,0.0,0.0,0,0,0,0,0,1.54,0.0,0,0,0,0,0,2.39,42.338412,0,1,0,0,1,2.39,42.338412,0,1,0,0,1
Reef_21_187,2024,Heatwave_Only,7.25,0.0,2023,2025,1,27.41001176046225,21.8893710077886,5.52064075267365,5.52064075267365,0.20140964553094187,0.20140964553094187,15,62.8922867924561,2.308393656091249,29.59676873652652,28.3741204563088,1.18,0.0,0,0,0,0,0,3.3,0.0,0,0,0,0,0,5.65,0.0,0,0,0,0,0,5.96,0.0,0,0,0,0,0
Reef_21_245,2009,Storm_Only,2.16,37.21694212812426,2008,2010,1,32.448169561526136,14.43086424457159,18.01730531695455,18.01730531695455,0.5552641508110739,0.5552641508110739,4,72.17730596645818,5.607690736309185,9.28704522932398,40.31111598590546,2.65,0.0,0,0,0,0,0,11.51,0.0,1,0,0,1,0,12.85,0.0,1,0,0,1,0,12.85,0.0,1,0,0,1,0
Reef_21_245,2014,Heatwave_Only,6.78,0.0,2012,2014,0,17.308668051943442,22.135437920296685,-4.826769868353242,0.0,-0.27886431549025437,-0.27886431549025437,9,88.09975039995486,1.0875837713434402,8.854434135775307,64.36043931413434,1.5899999999999999,0.0,0,0,0,0,0,4.2,0.0,0,0,0,0,0,6.55,0.0,0,0,0,0,0,6.8500000000000005,0.0,0,0,0,0,0
Reef_21_245,2018,Heatwave_Only,4.22,0.0,2016,2020,2,32.74871526968492,37.73387830981951,-4.985163040134587,0.0,-0.15222469031477673,-0.15222469031477673,4,71.34789523500893,1.3277351593351672,22.78870238838712,47.06514005854568,6.93,0.0,0,0,0,0,0,13.71,0.0,1,0,0,1,0,15.3,0.0,1,0,0,1,0,15.75,0.0,1,0,0,1,0
Reef_21_245,2019,Heatwave_Only,12.43,0.0,2016,2020,1,32.74871526968492,37.73387830981951,-4.985163040134587,0.0,-0.15222469031477673,-0.15222469031477673,1,71.34789523500893,1.3277351593351672,22.78870238838712,47.06514005854568,10.54,0.0,1,0,0,1,0,17.93,0.0,2,0,0,1,0,19.38,0.0,2,0,0,1,0,19.520000000000003,0.0,2,0,0,1,0
Reef_21_278,2009,Storm_Only,3.0700000000000003,28.0926337538258,2008,2012,3,25.694330887486107,24.01751094988899,1.6768199375971164,1.6768199375971164,0.06526030761181553,0.06526030761181553,5,57.71771433333529,5.770229436371919,15.28505704522082,35.837684232810815,1.71,0.0,0,0,0,0,0,15.06,0.0,1,0,0,1,0,15.06,0.0,1,0,0,1,0,15.059999999999999,0.0,1,0,0,1,0
Reef_21_278,2017,Heatwave_Only,4.12,0.0,2016,2020,3,32.34834116472655,28.20428954715422,4.144051617572327,4.144051617572327,0.12810708272395452,0.12810708272395452,6,55.28620662782768,0.6949085248168295,26.75840283356304,35.65817911735156,0.9500000000000001,0.0,0,0,0,0,0,3.88,0.0,0,0,0,0,0,4.96,32.248229119791425,0,1,0,0,1,8.030000000000001,32.248229119791425,0,1,0,0,1
Reef_21_296,2009,Storm_Only,2.18,34.11008801109941,2008,2012,3,23.19662083610853,24.726171431233183,-1.529550595124654,0.0,-0.0659385091445609,-0.0659385091445609,15,78.64441043822674,7.973718728269772,15.569158067294005,45.01096826397316,0.8,0.0,0,0,0,0,0,3.6100000000000003,0.0,0,0,0,0,0,3.6100000000000003,0.0,0,0,0,0,0,3.6100000000000003,0.0,0,0,0,0,0
Reef_21_302,2009,Storm_Only,1.94,36.54551541218163,2008,2012,3,29.75521663149589,16.66577869927228,13.08943793222361,13.08943793222361,0.439903970262762,0.439903970262762,15,53.38247001623628,2.5336367651863543,34.112709056806295,40.02415437722485,1.15,0.0,0,0,0,0,0,3.91,0.0,0,0,0,0,0,3.91,0.0,0,0,0,0,0,3.9099999999999997,0.0,0,0,0,0,0
Reef_21_529,1994,Storm_Only,0.16,25.156116,1993,1995,1,37.24608866529691,29.30713854200678,7.93895012329013,7.93895012329013,0.21314855888981019,0.21314855888981019,2,39.39159195187914,19.64872505675273,,,1.54,22.481028,0,1,0,0,1,2.2800000000000002,22.481028,0,1,0,0,1,2.2800000000000002,22.481028,0,1,0,0,1,2.2800000000000002,22.481028,0,1,0,0,1
Reef_21_529,2009,Storm_Only,0.32,42.338412,2007,2011,2,46.34756518532734,1.175435583140599,45.17212960218674,45.17212960218674,0.9746386767365135,0.9746386767365135,15,53.1318132252211,10.797967678550954,13.616221128995022,30.591496241454102,2.67,0.0,0,0,0,0,0,5.59,0.0,0,0,0,0,0,8.71,0.0,0,0,0,0,0,8.71,0.0,0,0,0,0,0
Reef_21_529,2024,Heatwave_Only,7.19,0.0,2021,2025,1,28.24113109628327,22.709186259324632,5.531944836958637,5.531944836958637,0.1958825522284651,0.1958825522284651,15,60.05129222534704,0.5875407347226725,18.08568744383536,27.719881323606344,1.31,0.0,0,0,0,0,0,5.289999999999999,0.0,0,0,0,0,0,8.96,0.0,0,0,0,0,0,9.309999999999999,0.0,0,0,0,0,0
Reef_21_550,2009,Storm_Only,0.17,42.338412,2008,2010,1,56.09503794242456,4.112239043224307,51.982798899200255,51.982798899200255,0.926691572123633,0.926691572123633,7,49.9753094831668,2.734619115707982,11.728265908709885,42.806412448153374,2.16,0.0,0,0,0,0,0,5.18,0.0,0,0,0,0,0,9.49,0.0,1,0,0,1,0,9.49,0.0,1,0,0,1,0
Reef_21_550,2020,Heatwave_Only,5.89,0.0,2018,2020,0,49.49423524429168,52.22588483539998,-2.731649591108301,0.0,-0.05519126778352132,-0.05519126778352132,11,56.57691847981416,0.8549070359304322,25.274124730551662,44.43197871436486,2.7,0.0,0,0,0,0,0,4.02,0.0,0,0,0,0,0,4.33,0.0,0,0,0,0,0,4.630000000000001,0.0,0,0,0,0,0
Reef_21_558,2009,Storm_Only,1.62,42.338412,2008,2012,3,14.896848690717924,12.312141230445985,2.5847074602719395,2.5847074602719395,0.17350699560252933,0.17350699560252933,15,40.161626741961385,3.9607364869371087,18.33143995321696,38.06365565205336,1.51,0.0,0,0,0,0,0,3.8600000000000003,0.0,0,0,0,0,0,3.8600000000000003,0.0,0,0,0,0,0,3.8600000000000003,0.0,0,0,0,0,0
Reef_21_558,2024,Heatwave_Only,7.54,0.0,2023,2025,1,13.646920388313005,10.314745477155215,3.3321749111577894,3.3321749111577894,0.244170466035063,0.244170466035063,15,40.07639950378364,3.842937647915993,22.37616602926988,53.64586710935903,1.9,0.0,0,0,0,0,0,5.88,0.0,0,0,0,0,0,7.66,0.0,0,0,0,0,0,7.66,0.0,0,0,0,0,0
Reef_21_591,2009,Storm_Only,0.77,27.05059803661401,2008,2010,1,25.616135298005982,20.65897595277773,4.957159345228252,4.957159345228252,0.19351706600386862,0.19351706600386862,5,50.65206110120838,8.135321869242066,8.853981088347332,36.6491880245452,1.33,0.0,0,0,0,0,0,5.74,0.0,1,0,0,1,0,5.74,0.0,1,0,0,1,0,5.74,0.0,1,0,0,1,0
Reef_21_591,2015,Storm_Only,1.28,41.000868,2014,2018,3,24.95805055196487,12.11181439065283,12.84623616131204,12.84623616131204,0.5147131237099244,0.5147131237099244,6,43.93254878641791,2.195443961659884,27.22698067454215,25.363724511679607,1.77,0.0,0,0,0,0,0,3.09,0.0,0,0,0,0,0,3.86,29.42093283373691,0,1,0,0,1,3.86,29.42093283373691,0,1,0,0,1
Reef_21_591,2017,Heatwave_Only,4.29,0.0,2016,2018,1,12.357037206634502,12.11181439065283,0.24522281598167162,0.24522281598167162,0.01984479061453431,0.01984479061453431,2,76.88544447331427,0.99189046236129,11.827763672464652,42.50232569683522,2.42,37.03968,0,1,0,0,1,4.1899999999999995,37.03968,0,1,0,0,1,5.51,37.03968,0,1,0,0,1,6.279999999999999,66.4606128337369,0,2,0,0,1
Reef_21_591,2020,Heatwave_Only,8.9,0.0,2018,2020,0,12.11181439065283,15.935603307575375,-3.8237889169225454,0.0,-0.3157073575923947,-0.3157073575923947,3,74.63948079943097,4.665304381996392,24.438926958665995,43.98984694113533,4.29,0.0,1,0,0,1,0,6.71,37.03968,1,1,0,1,1,7.33,37.03968,1,1,0,1,1,8.48,37.03968,1,1,0,1,1
Reef_21_591,2022,Heatwave_Only,4.39,0.0,2020,2023,1,15.935603307575375,19.156760489557144,-3.221157181981768,0.0,-0.20213587900060948,-0.20213587900060948,2,68.60648236420968,9.384549341992315,28.313231832297035,30.3068895604156,8.9,0.0,1,0,0,1,0,13.190000000000001,0.0,2,0,0,1,0,15.61,37.03968,2,1,0,1,1,15.61,37.03968,2,1,0,1,1
Reef_21_591,2024,Heatwave_Only,8.13,0.0,2023,2024,0,19.156760489557144,19.970891213559504,-0.8141307240023608,0.0,-0.042498350618632254,-0.042498350618632254,2,51.79068749620637,1.984444333260572,30.60768526651933,45.25991862924439,5.529999999999999,0.0,1,0,0,1,0,14.43,0.0,2,0,0,1,0,18.720000000000002,0.0,3,0,0,1,0,19.86,0.0,3,0,0,1,0
Reef_21_591,2025,Heatwave_Only,4.11,0.0,2024,2025,0,19.970891213559504,22.571152819435543,-2.600261605876039,0.0,-0.13020258225184045,-0.13020258225184045,1,46.73068172718145,2.4287621259163688,31.97703534107689,47.21164839458928,13.66,0.0,2,0,0,1,0,22.560000000000002,0.0,3,0,0,1,0,22.560000000000002,0.0,3,0,0,1,0,26.85,0.0,4,0,0,1,0
Reef_22_084,2009,Storm_Only,0.16,42.338412,2008,2010,1,19.65948083869816,6.905947453273723,12.753533385424436,12.753533385424436,0.6487217790777109,0.6487217790777109,15,73.7097377319724,1.1206231030821745,19.55769266339002,61.381476394634696,1.96,0.0,0,0,0,0,0,5.04,0.0,0,0,0,0,0,5.04,0.0,0,0,0,0,0,5.04,0.0,0,0,0,0,0
Reef_22_084,2020,Heatwave_Only,6.48,0.0,2018,2022,2,46.06960748861063,12.136848920372463,33.932758568238164,33.932758568238164,0.7365541062321196,0.7365541062321196,11,51.49084566994922,0.3527958553181274,15.275645750894586,32.54460233694368,0.96,0.0,0,0,0,0,0,1.94,0.0,0,0,0,0,0,1.94,0.0,0,0,0,0,0,1.94,0.0,0,0,0,0,0
Reef_22_084,2024,Heatwave_Only,8.45,0.0,2022,2025,1,12.136848920372463,10.558523495026016,1.5783254253464474,1.5783254253464474,0.13004408604750192,0.13004408604750192,4,,,,,0.95,0.0,0,0,0,0,0,7.430000000000001,0.0,1,0,0,1,0,8.389999999999999,0.0,1,0,0,1,0,8.75,0.0,1,0,0,1,0
Rib_Reef,1987,Heatwave_Only,5.47,0.0,1986,1988,1,7.572237737612351,8.387208989386966,-0.8149712517746153,0.0,-0.10762621037722317,-0.10762621037722317,10,,,,,0.0,0.0,0,0,0,0,0,0.0,0.0,0,0,0,0,0,0.0,0.0,0,0,0,0,0,0.0,0.0,0,0,0,0,0
Rib_Reef,1998,Heatwave_Only,4.21,0.0,1997,2001,3,47.39610415870197,7.308470910137463,40.0876332485645,40.0876332485645,0.8458001761987515,0.8458001761987515,11,38.04005534187224,0.9248421209715896,,24.08195420041968,3.4600000000000004,0.0,0,0,0,0,0,5.69,0.0,0,0,0,0,0,5.99,0.0,0,0,0,0,0,7.050000000000001,0.0,0,0,0,0,0
Rib_Reef,2000,Storm_Only,0.0,25.534092598201067,1999,2003,3,45.67747675374008,3.3462309512581743,42.33124580248191,42.33124580248191,0.9267422110617312,0.9267422110617312,2,48.957980675299325,1.4902376890302114,,28.618159748219973,5.0600000000000005,0.0,1,0,0,1,0,8.36,0.0,1,0,0,1,0,10.59,0.0,1,0,0,1,0,10.740000000000002,0.0,1,0,0,1,0
Rib_Reef,2011,Storm_Only,0.96,24.990323444774635,2010,2011,0,24.195081568093173,8.877135485992458,15.317946082100715,15.317946082100715,0.6331016508041444,0.6331016508041444,11,70.41104462038469,0.9832499218141728,17.15201513662435,57.64706485443885,2.63,0.0,0,0,0,0,0,3.4299999999999997,0.0,0,0,0,0,0,6.64,0.0,0,0,0,0,0,6.64,0.0,0,0,0,0,0
Rib_Reef,2017,Heatwave_Only,7.44,0.0,2016,2019,2,39.36676804153284,2.8672680891623696,36.49949995237047,36.49949995237047,0.9271652657353701,0.9271652657353701,6,52.8328459742166,2.2944104321280285,36.77282364495459,43.080594771833184,5.550000000000001,0.0,0,0,0,0,0,8.98,0.0,0,0,0,0,0,11.58,27.42131938959204,0,1,0,0,1,12.57,27.42131938959204,0,1,0,0,1
Rib_Reef,2020,Concurrent,5.11,29.40382876492337,2019,2020,0,2.8672680891623696,5.618959897242284,-2.7516918080799146,0.0,-0.9596911493838657,-0.9596911493838657,3,88.70720596932317,3.5148727863883247,11.455396060191148,30.239910469065894,7.44,0.0,1,0,0,1,0,12.990000000000002,0.0,1,0,0,1,0,15.16,0.0,1,0,0,1,0,16.42,0.0,1,0,0,1,0
Rib_Reef,2022,Heatwave_Only,5.2,0.0,2021,2022,0,7.895828526744831,10.453273066428302,-2.5574445396834715,0.0,-0.3238981863677598,-0.3238981863677598,2,82.83625375165047,3.473243909269144,18.390815431887177,42.45726990878466,5.11,30.90949776509983,1,1,1,1,1,12.55,30.90949776509983,2,1,1,1,1,18.1,30.90949776509983,2,1,1,1,1,18.1,30.90949776509983,2,1,1,1,1
Rib_Reef,2024,Concurrent,6.7,20.33621338401001,2023,2024,0,18.448450547833588,25.193787896433133,-6.745337348599545,0.0,-0.3656316464686328,-0.3656316464686328,2,74.31920405157611,5.804947550091398,18.77861682334165,46.58617892276506,6.86,0.0,1,0,0,1,0,11.97,30.90949776509983,2,1,1,1,1,19.41,30.90949776509983,3,1,1,1,1,21.910000000000004,30.90949776509983,3,1,1,1,1
Rib_Reef,2025,Heatwave_Only,6.32,0.0,2024,2025,0,25.193787896433133,30.90179824253625,-5.708010346103116,0.0,-0.22656419787162058,-0.22656419787162058,1,67.63160553951899,4.768971382239784,20.3456739428064,52.6813463696467,13.56,18.147827697063004,2,1,1,1,1,18.67,49.05732546216284,3,2,2,1,1,18.67,49.05732546216284,3,2,2,1,1,26.11,49.05732546216284,4,2,2,1,1
Roxburgh_Reef,2011,Storm_Only,1.5,24.203893128179825,2010,2012,1,12.947289306438028,5.849375220633635,7.097914085804393,7.097914085804393,0.5482162264092578,0.5482162264092578,11,72.03493223016353,1.2990225014879464,6.582216652164119,89.07372736664907,1.8,0.0,0,0,0,0,0,2.74,0.0,0,0,0,0,0,5.83,0.0,0,0,0,0,0,5.829999999999999,0.0,0,0,0,0,0
Roxburgh_Reef,2016,Heatwave_Only,5.0,0.0,2014,2018,2,6.77973024699412,10.312285713552315,-3.532555466558195,0.0,-0.5210466106854913,-0.5210466106854913,5,85.09415955313945,2.274299629270582,15.673548567869698,77.26425150029826,4.92,0.0,0,0,0,0,0,7.5,26.718092169433834,0,1,0,0,1,9.3,26.718092169433834,0,1,0,0,1,9.3,26.718092169433834,0,1,0,0,1
Roxburgh_Reef,2017,Heatwave_Only,7.54,0.0,2016,2018,1,18.49258485527629,10.312285713552315,8.180299141723976,8.180299141723976,0.44235563636686404,0.44235563636686404,1,71.07039884782263,0.7943450029543099,18.68948169667134,60.27622454958196,7.98,0.0,1,0,0,1,0,11.0,0.0,1,0,0,1,0,13.48,26.718092169433834,1,1,0,1,1,14.3,26.718092169433834,1,1,0,1,1
Roxburgh_Reef,2020,Concurrent,6.5200000000000005,27.593341999822755,2018,2020,0,10.312285713552315,18.223513262610496,-7.9112275490581805,0.0,-0.7671652792417606,-0.7671652792417606,3,80.74579810982965,2.1266366495923235,12.593173720463083,43.32346982662351,7.69,0.0,1,0,0,1,0,15.67,0.0,2,0,0,2,0,17.61,0.0,2,0,0,2,0,18.689999999999998,0.0,2,0,0,2,0
Sand_bank_No_1,2020,Heatwave_Only,6.59,0.0,2019,2020,0,30.539685676381573,30.23796576252493,0.301719913856644,0.301719913856644,0.009879601154179024,0.009879601154179024,3,59.576546641853824,4.2717413308823176,19.020784523109707,35.437385262514425,14.200000000000001,0.0,1,0,0,1,0,23.67,27.77976,2,1,0,2,1,23.67,60.371544324384956,2,2,0,2,2,23.67,60.371544324384956,2,2,0,2,2
Sand_bank_No_1,2021,Heatwave_Only,5.68,0.0,2020,2023,2,30.23796576252493,37.73820646132727,-7.500240698802344,0.0,-0.24804051825793386,-0.24804051825793386,1,61.11587296353592,4.7782442151642925,21.31416160617705,46.82247531042646,9.07,0.0,1,0,0,1,0,30.26,0.0,3,0,0,2,0,30.26,60.371544324384956,3,2,0,2,2,30.259999999999998,60.371544324384956,3,2,0,2,2
Sand_bank_No_1,2022,Concurrent,6.390000000000001,19.857384,2021,2023,1,42.40032524616626,37.73820646132727,4.662118784838988,4.662118784838988,0.10995478826569911,0.10995478826569911,1,47.72967672391336,3.931730629881191,25.3143124539936,56.85658672862616,13.11,0.0,2,0,0,2,0,26.47,0.0,3,0,0,2,0,35.94,27.77976,4,1,0,2,1,35.94,60.371544324384956,4,2,0,2,2
Sand_bank_No_1,2024,Heatwave_Only,7.49,0.0,2023,2025,1,37.73820646132727,41.72627597778458,-3.9880695164573083,0.0,-0.10567724039943804,-0.10567724039943804,2,53.12558411385662,3.9066418139588928,24.21511968458317,57.39991590373617,14.0,19.857384,2,1,1,2,1,21.43,19.857384,3,1,1,3,1,34.79,19.857384,4,1,1,3,1,44.260000000000005,19.857384,5,1,1,3,1
Sand_bank_No_1,2025,Heatwave_Only,8.13,0.0,2024,2025,0,42.20900881579413,41.72627597778458,0.4827328380095466,0.4827328380095466,0.011436725276261722,0.011436725276261722,1,44.34225558863526,4.184379253882773,28.727546297335568,60.31206203836404,15.81,19.857384,2,1,1,1,1,28.08,19.857384,4,1,1,3,1,30.560000000000002,19.857384,4,1,1,3,1,42.28,19.857384,5,1,1,3,1
Slate_Reef,1996,Storm_Only,0.17,18.51984,1995,1996,0,38.1602823889309,39.74461649140635,-1.5843341024754451,0.0,-0.04151788203053263,-0.04151788203053263,10,29.926435661696765,0.3584873695528239,,19.70794079012774,1.61,0.0,0,0,0,0,0,1.61,0.0,0,0,0,0,0,2.55,0.0,0,0,0,0,0,2.55,0.0,0,0,0,0,0
Slate_Reef,2003,Storm_Only,0.15,27.295255775047657,2002,2004,1,41.80617630634234,41.93622203101182,-0.13004572466948616,0.0,-0.003110682108704526,-0.003110682108704526,10,28.91003546222394,2.7340311255781096,,19.57793903656489,2.9800000000000004,0.0,0,0,0,0,0,4.590000000000001,0.0,0,0,0,0,0,4.760000000000001,0.0,0,0,0,0,0,5.0600000000000005,0.0,0,0,0,0,0
Slate_Reef,2009,Storm_Only,3.06,42.338412,2007,2011,2,35.54958228481734,10.950684057441787,24.598898227375553,24.598898227375553,0.691960260750556,0.691960260750556,10,42.16680733889519,0.2463682276013019,10.490560605065602,36.2361507650565,1.33,0.0,0,0,0,0,0,4.930000000000001,0.0,0,0,0,0,0,6.94,0.0,0,0,0,0,0,8.06,0.0,0,0,0,0,0
Slate_Reef,2010,Storm_Only,0.77,29.117304,2009,2011,1,18.911000960122426,10.950684057441787,7.960316902680638,7.960316902680638,0.4209357780408629,0.4209357780408629,1,69.99406006744519,0.8386559697469144,2.173992780774062,51.02312934509366,3.38,42.338412,0,1,0,0,1,4.390000000000001,42.338412,0,1,0,0,1,8.14,42.338412,0,1,0,0,1,10.0,42.338412,0,1,0,0,1
Slate_Reef,2017,Storm_Only,2.87,35.75358,2015,2019,2,17.653969041749072,30.68167717851909,-13.02770813677002,0.0,-0.7379478295198877,-0.7379478295198877,7,76.12190784893569,0.8833751292712398,25.38429520959232,41.52080774166025,3.9299999999999997,0.0,0,0,0,0,0,4.08,0.0,0,0,0,0,0,5.289999999999999,29.117304,0,1,0,0,1,8.35,71.455716,0,2,0,0,2
Slate_Reef,2020,Concurrent,5.73,38.377224,2019,2021,1,30.68167717851909,43.09781589644353,-12.416138717924436,0.0,-0.40467601056102775,-0.40467601056102775,10,60.21563799605699,1.2455543845534924,15.813175712826206,48.01963904698949,2.87,0.0,0,0,0,0,0,6.8,0.0,0,0,0,0,0,6.8,0.0,0,0,0,0,0,6.95,0.0,0,0,0,0,0
Slate_Reef,2022,Heatwave_Only,5.63,0.0,2021,2025,3,43.09781589644353,37.66785135522074,5.4299645412227875,5.4299645412227875,0.12599164083558287,0.12599164083558287,2,47.56994973866565,0.8869749795868794,18.5653974098564,36.3715750753009,5.73,38.377224,1,1,1,1,1,8.600000000000001,38.377224,1,1,1,1,1,12.530000000000001,38.377224,1,1,1,1,1,12.530000000000001,38.377224,1,1,1,1,1
Slate_Reef,2024,Heatwave_Only,8.61,0.0,2023,2025,1,46.87585057604239,37.66785135522074,9.207999220821648,9.207999220821648,0.1964337522981979,0.1964337522981979,2,42.3107774665181,1.373591669949736,14.117609768168656,34.0410015006035,6.85,0.0,1,0,0,1,0,12.58,38.377224,2,1,1,1,1,15.450000000000001,38.377224,2,1,1,1,1,18.46,38.377224,2,1,1,1,1
Small_Lagoon_Reef,2009,Storm_Only,0.15,42.338412,2008,2012,3,12.98109731378558,12.144771629785186,0.8363256840003945,0.8363256840003945,0.06442642434490024,0.06442642434490024,15,85.15223536749826,0.8324137772979393,15.744366398296805,51.95289487764925,1.6600000000000001,0.0,0,0,0,0,0,5.11,0.0,0,0,0,0,0,5.11,0.0,0,0,0,0,0,5.11,0.0,0,0,0,0,0
Small_Lagoon_Reef,2020,Heatwave_Only,6.17,0.0,2018,2022,2,52.90537820351282,10.306595179169324,42.59878302434349,42.59878302434349,0.8051881391052037,0.8051881391052037,11,46.33881374557334,0.6761806155709554,27.741341040947304,35.81647452539452,1.24,0.0,0,0,0,0,0,2.15,0.0,0,0,0,0,0,2.15,0.0,0,0,0,0,0,2.15,0.0,0,0,0,0,0
Small_Lagoon_Reef,2024,Heatwave_Only,8.69,0.0,2022,2026,2,10.306595179169324,9.901715067216994,0.4048801119523304,0.4048801119523304,0.03928359510720226,0.03928359510720226,4,,,,,0.49,0.0,0,0,0,0,0,6.66,0.0,1,0,0,1,0,7.9,0.0,1,0,0,1,0,8.23,0.0,1,0,0,1,0
Snake_Reef,1994,Storm_Only,0.16,25.156116,1993,1997,3,30.5208139485699,16.353045745426723,14.167768203143176,14.167768203143176,0.464200208651612,0.464200208651612,2,60.89578868740095,0.1324710785071399,,,1.18,22.481028,0,1,0,0,1,1.76,22.481028,0,1,0,0,1,1.76,22.481028,0,1,0,0,1,1.76,22.481028,0,1,0,0,1
Snake_Reef,2009,Storm_Only,0.33,42.338412,2007,2011,2,53.300716366703135,27.63804053491198,25.662675831791155,25.662675831791155,0.48146962332053356,0.48146962332053356,15,38.15295553679186,1.0811691991060202,29.12953715841116,30.191671566505185,2.6,0.0,0,0,0,0,0,5.42,0.0,0,0,0,0,0,9.08,0.0,0,0,0,0,0,9.08,0.0,0,0,0,0,0
Snake_Reef,2020,Heatwave_Only,4.86,0.0,2019,2023,3,54.34534563434492,21.55571530669517,32.78963032764975,32.78963032764975,0.6033567354280936,0.6033567354280936,11,41.36373201723759,1.4439486039580662,26.167141954499243,25.849196956347985,3.39,0.0,0,0,0,0,0,4.91,0.0,0,0,0,0,0,5.35,0.0,0,0,0,0,0,5.66,0.0,0,0,0,0,0
Snake_Reef,2024,Heatwave_Only,7.58,0.0,2023,2026,2,21.55571530669517,21.887766023277504,-0.33205071658233365,0.0,-0.01540430052345325,-0.01540430052345325,4,72.22661556256654,3.509306122741739,18.7185066587467,56.10131421873552,1.31,0.0,0,0,0,0,0,6.17,0.0,1,0,0,1,0,9.56,0.0,1,0,0,1,0,9.92,0.0,1,0,0,1,0
St_Crispin_Reef,1999,Storm_Only,0.49,19.857384,1998,2000,1,22.82942357129281,20.499286146615937,2.330137424676874,2.330137424676874,0.10206729124807772,0.10206729124807772,10,30.54150309983656,1.93725741879808,,32.987360314368026,1.33,0.0,0,0,0,0,0,5.79,0.0,0,0,0,0,0,5.79,0.0,0,0,0,0,0,6.41,0.0,0,0,0,0,0
St_Crispin_Reef,2014,Storm_Only,0.0,19.993910025930884,2013,2017,3,15.423974711431107,13.94078165905704,1.4831930523740677,1.4831930523740677,0.09616153294616302,0.09616153294616302,15,69.12793790326303,1.7406366505523574,15.118628273567843,67.89899704341481,3.33,0.0,0,0,0,0,0,5.45,0.0,0,0,0,0,0,5.45,0.0,0,0,0,0,0,5.45,0.0,0,0,0,0,0
St_Crispin_Reef,2016,Heatwave_Only,5.82,0.0,2015,2018,2,16.232232884299126,12.848689308633146,3.38354357566598,3.38354357566598,0.20844597288514535,0.20844597288514535,2,58.88016526989571,0.7123239563468678,24.08222429425836,77.48862182636773,3.01,22.295993087325854,0,1,0,0,1,4.73,22.295993087325854,0,1,0,0,1,6.85,22.295993087325854,0,1,0,0,1,6.85,22.295993087325854,0,1,0,0,1
St_Crispin_Reef,2017,Heatwave_Only,8.58,0.0,2016,2018,1,20.7158987200523,12.848689308633146,7.8672094114191555,7.8672094114191555,0.37976674426410273,0.37976674426410273,1,49.33216301411262,2.271994171914465,30.82981104430392,55.27794714955885,7.220000000000001,22.295993087325854,1,1,0,1,1,8.98,22.295993087325854,1,1,0,1,1,11.5,22.295993087325854,1,1,0,1,1,12.67,22.295993087325854,1,1,0,1,1
St_Crispin_Reef,2020,Heatwave_Only,6.34,0.0,2019,2020,0,16.85247696649068,20.247070184707127,-3.394593218216446,0.0,-0.20142992777656518,-0.20142992777656518,3,72.75787130491995,3.371993482655686,16.612952742039404,61.81186965677277,9.24,0.0,1,0,0,1,0,16.46,0.0,2,0,0,2,0,18.07,22.295993087325854,2,1,0,2,1,18.22,22.295993087325854,2,1,0,2,1
St_Crispin_Reef,2022,Heatwave_Only,4.5,0.0,2021,2025,3,27.83659502855628,33.07086898582612,-5.234273957269835,0.0,-0.18803571169175806,-0.18803571169175806,2,56.73286565717196,1.3373836308703515,14.2571739079376,51.58181748797147,7.6,0.0,1,0,0,1,0,16.18,0.0,2,0,0,1,0,23.400000000000002,0.0,3,0,0,2,0,23.4,22.295993087325854,3,1,0,2,1
St_Crispin_Reef,2024,Concurrent,5.87,18.51984,2023,2026,2,36.17623758090021,23.338841326065403,12.837396254834804,12.837396254834804,0.3548571414074443,0.3548571414074443,2,44.323753230873294,1.5899082621555962,24.27917806689718,42.40620081570707,5.56,0.0,1,0,0,1,0,12.56,0.0,2,0,0,1,0,21.14,0.0,3,0,0,1,0,26.96,0.0,4,0,0,2,0
St_Crispin_Reef,2025,Heatwave_Only,5.34,0.0,2024,2026,1,38.84654332896981,23.338841326065403,15.507702002904406,15.507702002904406,0.39920416783491613,0.39920416783491613,1,43.0774225197022,1.9304962108809147,17.232740154801093,105.19828117020782,10.83,18.51984,2,1,1,1,1,17.77,18.51984,3,1,1,1,1,18.43,18.51984,3,1,1,1,1,27.009999999999998,18.51984,4,1,1,1,1
Taylor_Reef,2011,Storm_Only,1.2,41.000868,2010,2012,1,17.413693914590006,20.425034053991663,-3.011340139401657,0.0,-0.17292942865376862,-0.17292942865376862,10,73.16560834609719,2.83763889702162,25.90523360794832,64.36042970694648,2.52,0.0,0,0,0,0,0,2.66,0.0,0,0,0,0,0,5.48,0.0,0,0,0,0,0,5.48,0.0,0,0,0,0,0
Taylor_Reef,2017,Heatwave_Only,7.61,0.0,2016,2018,1,62.855817851787045,3.373383081067248,59.4824347707198,59.4824347707198,0.9463314105780689,0.9463314105780689,10,25.912403168537608,1.6350299085619882,36.72784496663034,34.489741986575766,4.57,0.0,0,0,0,0,0,6.880000000000001,0.0,0,0,0,0,0,9.48,0.0,0,0,0,0,0,10.14,0.0,0,0,0,0,0
Taylor_Reef,2020,Heatwave_Only,5.84,0.0,2018,2020,0,3.373383081067248,4.3642163448547695,-0.9908332637875215,0.0,-0.29372094422020056,-0.29372094422020056,3,91.1030042489904,1.210647397158546,5.86356618887948,43.25328159472991,7.7700000000000005,0.0,1,0,0,1,0,12.34,0.0,1,0,0,1,0,14.21,0.0,1,0,0,1,0,14.65,0.0,1,0,0,1,0
Taylor_Reef,2022,Heatwave_Only,5.38,0.0,2020,2023,1,4.3642163448547695,8.222318546795194,-3.858102201940424,0.0,-0.8840309226395174,-0.8840309226395174,2,85.55950389213857,0.7205497166116762,8.344020567925847,35.58706743583188,5.84,22.481028,1,1,1,1,1,13.61,22.481028,2,1,1,1,1,18.18,22.481028,2,1,1,1,1,18.18,22.481028,2,1,1,1,1
Taylor_Reef,2024,Heatwave_Only,4.6000000000000005,0.0,2023,2024,0,8.222318546795194,12.44018529869363,-4.217866751898436,0.0,-0.5129777845377239,-0.5129777845377239,2,80.14221311519695,1.2714493036721066,13.239176161861517,48.6601922479727,5.87,0.0,1,0,0,1,0,11.709999999999999,22.481028,2,1,1,1,1,19.479999999999997,22.481028,3,1,1,1,1,21.8,22.481028,3,1,1,1,1
Taylor_Reef,2025,Heatwave_Only,5.76,0.0,2024,2025,0,12.44018529869363,14.041346200117315,-1.601160901423686,0.0,-0.12870876622648278,-0.12870876622648278,1,73.44914368605686,3.759625543057774,19.2218944194198,67.87083560056749,10.47,0.0,2,0,0,1,0,16.31,22.481028,3,1,1,1,1,16.47,22.481028,3,1,1,1,1,24.08,22.481028,4,1,1,1,1
Tern_Island,2015,Storm_Only,2.35,38.59638811474957,2014,2018,3,15.916999625197848,14.538912014551231,1.3780876106466167,1.3780876106466167,0.08657960941740533,0.08657960941740533,8,57.51310421522907,0.5974134145726973,14.4878595167853,46.11732779343513,4.470000000000001,0.0,0,0,0,0,0,8.16,0.0,0,0,0,0,0,9.24,0.0,0,0,0,0,0,16.61,0.0,1,0,0,1,0
Tern_Island,2017,Heatwave_Only,4.01,0.0,2016,2018,1,27.734407276595192,14.538912014551231,13.195495262043961,13.195495262043961,0.475780683915301,0.475780683915301,10,43.49526722652972,3.4662853225425927,20.14124373866684,41.04231431263255,6.65,0.0,0,0,0,0,0,8.77,0.0,0,0,0,0,0,12.459999999999999,0.0,0,0,0,0,0,12.91,0.0,0,0,0,0,0
Tern_Island,2019,Heatwave_Only,4.84,0.0,2018,2020,1,14.538912014551231,20.433693276548336,-5.894781261997105,0.0,-0.405448582128933,-0.405448582128933,2,73.92722361175926,0.3702768161090958,7.881851759394379,48.01596781624143,8.23,0.0,1,0,0,1,0,12.93,0.0,1,0,0,1,0,15.049999999999999,0.0,1,0,0,1,0,17.43,0.0,1,0,0,1,0
Tern_Island,2020,Heatwave_Only,8.11,0.0,2018,2020,0,14.538912014551231,20.433693276548336,-5.894781261997105,0.0,-0.405448582128933,-0.405448582128933,1,73.92722361175926,0.3702768161090958,7.881851759394379,48.01596781624143,11.12,0.0,2,0,0,1,0,15.419999999999998,0.0,2,0,0,1,0,18.43,0.0,2,0,0,1,0,19.89,0.0,2,0,0,1,0
Tern_Island,2022,Heatwave_Only,5.0,0.0,2020,2025,3,20.433693276548336,4.475354712083805,15.958338564464531,15.958338564464531,0.7809816046705492,0.7809816046705492,2,69.60660486025006,1.400095908592942,11.65101276089178,50.927507414094094,16.13,0.0,2,0,0,2,0,22.409999999999997,0.0,3,0,0,2,0,26.709999999999997,0.0,3,0,0,2,0,29.06,0.0,3,0,0,2,0
Tern_Island,2024,Heatwave_Only,7.54,0.0,2023,2025,1,25.18642928735211,4.475354712083805,20.711074575268306,20.711074575268306,0.8223108698329383,0.8223108698329383,2,60.663885736026266,3.193988830706314,14.188120420169636,69.11641652646617,8.98,0.0,1,0,0,1,0,21.93,0.0,3,0,0,2,0,28.209999999999997,0.0,4,0,0,2,0,30.16,0.0,4,0,0,2,0
Thetford_Reef,1990,Storm_Only,0.0,21.760466282362053,1989,1992,2,32.88647713591931,17.438747105917958,15.447730030001349,15.447730030001349,0.4697289395320793,0.4697289395320793,10,,,,,1.23,0.0,0,0,0,0,0,1.23,0.0,0,0,0,0,0,1.23,0.0,0,0,0,0,0,1.23,0.0,0,0,0,0,0
Thetford_Reef,1991,Storm_Only,0.0,20.31405414732738,1989,1994,3,32.88647713591931,15.476507072507422,17.409970063411883,17.409970063411883,0.529396018657053,0.529396018657053,10,,,,,1.23,0.0,0,0,0,0,0,1.23,0.0,0,0,0,0,0,1.23,0.0,0,0,0,0,0,1.23,0.0,0,0,0,0,0
Thetford_Reef,2006,Storm_Only,0.77,24.53324895423199,2005,2006,0,8.324947106042343,11.07431017313302,-2.749363067090677,0.0,-0.3302559201961965,-0.3302559201961965,10,75.36162776258683,0.3094485909389431,,57.51139257115787,2.48,0.0,0,0,0,0,0,5.74,0.0,0,0,0,0,0,7.0600000000000005,0.0,0,0,0,0,0,7.21,0.0,0,0,0,0,0
Thetford_Reef,2010,Storm_Only,1.24,18.51984,2009,2012,2,30.584156304595368,19.036148378178712,11.548007926416656,11.548007926416656,0.3775813794373504,0.3775813794373504,10,46.91325071606467,1.132586323286154,14.857199688224869,56.409572640633954,2.8000000000000003,0.0,0,0,0,0,0,4.23,0.0,0,0,0,0,0,6.050000000000001,0.0,0,0,0,0,0,7.96,0.0,0,0,0,0,0
Thetford_Reef,2011,Storm_Only,1.4,21.73302444896565,2010,2012,1,34.87300120067934,19.036148378178712,15.836852822500628,15.836852822500628,0.45412933436288583,0.45412933436288583,10,41.45670235948511,1.9635297206828448,19.208289009352143,73.84719298630995,4.04,0.0,0,0,0,0,0,4.8100000000000005,0.0,0,0,0,0,0,7.290000000000001,0.0,0,0,0,0,0,7.29,0.0,0,0,0,0,0
Thetford_Reef,2017,Heatwave_Only,10.88,0.0,2016,2018,1,30.239679241872828,12.306932284940435,17.93274695693239,17.93274695693239,0.5930204091616471,0.5930204091616471,10,46.29515905932836,2.559209453138504,30.910540615174853,47.68401700272557,5.69,0.0,0,0,0,0,0,8.81,0.0,0,0,0,0,0,11.450000000000001,0.0,0,0,0,0,0,14.11,0.0,0,0,0,0,0
Thetford_Reef,2020,Heatwave_Only,6.23,0.0,2019,2020,0,16.63595145487427,15.86055546239318,0.7753959924810907,0.7753959924810907,0.04660965707818909,0.04660965707818909,3,68.86761454497137,4.636744092639425,15.765360545478456,73.56857541777504,11.73,0.0,1,0,0,1,0,17.419999999999998,0.0,1,0,0,1,0,20.22,0.0,1,0,0,1,0,20.54,0.0,1,0,0,1,0
Thetford_Reef,2022,Heatwave_Only,4.6000000000000005,0.0,2021,2022,0,20.84985701879186,20.704742317266387,0.1451147015254719,0.1451147015254719,0.006959985451923284,0.006959985451923284,2,61.69039360795823,3.464933249730684,11.970845944171854,44.80284666555698,7.53,0.0,1,0,0,1,0,18.560000000000002,0.0,2,0,0,1,0,24.25,0.0,2,0,0,1,0,24.25,0.0,2,0,0,1,0
Thetford_Reef,2024,Heatwave_Only,7.34,0.0,2023,2025,1,22.644295942164547,20.857183958615693,1.7871119835488543,1.7871119835488543,0.07892106639629203,0.07892106639629203,2,57.91578293330552,4.679690453052814,14.348945384362574,65.88609511249852,5.8500000000000005,0.0,1,0,0,1,0,12.780000000000001,0.0,2,0,0,1,0,23.810000000000002,0.0,3,0,0,1,0,27.200000000000003,0.0,3,0,0,1,0
Thetford_Reef,2025,Heatwave_Only,6.72,0.0,2024,2025,0,22.09710952033732,20.857183958615693,1.239925561721627,1.239925561721627,0.056112568052416434,0.056112568052416434,1,58.67124887028449,3.593804821324402,23.23650121776466,113.41921118078405,12.59,0.0,2,0,0,1,0,19.42,0.0,3,0,0,1,0,20.270000000000003,0.0,3,0,0,1,0,31.150000000000002,0.0,4,0,0,1,0
Turner_Cay,2009,Storm_Only,1.21,42.338412,2008,2011,2,12.22991905089521,19.65123161120048,-7.421312560305269,0.0,-0.6068161636574398,-0.6068161636574398,15,50.69429949178407,2.808988168337275,19.713216714605657,51.87455789709679,1.82,0.0,0,0,0,0,0,5.38,0.0,0,0,0,0,0,9.24,0.0,0,0,0,0,0,9.38,0.0,0,0,0,0,0
Turner_Cay,2020,Heatwave_Only,6.0,0.0,2019,2021,1,6.849555129561584,6.696683579140252,0.15287155042133183,0.15287155042133183,0.022318464123540327,0.022318464123540327,11,63.374154133613416,1.364083951858792,18.804747416145407,40.40494652430348,1.4,0.0,0,0,0,0,0,2.02,0.0,0,0,0,0,0,2.02,0.0,0,0,0,0,0,2.02,0.0,0,0,0,0,0
Turner_Cay,2024,Heatwave_Only,9.27,0.0,2023,2025,1,10.239683580251995,13.084555999175969,-2.8448724189239734,0.0,-0.27782815715228987,-0.27782815715228987,4,52.59571651535621,2.605627341140939,30.52214684627536,70.30211661824103,1.11,0.0,0,0,0,0,0,7.11,0.0,1,0,0,1,0,8.51,0.0,1,0,0,1,0,8.67,0.0,1,0,0,1,0
Wade_Reef,2009,Storm_Only,0.6,42.338412,2008,2012,3,38.83636884406105,21.87323859846856,16.963130245592488,16.963130245592488,0.43678466217334144,0.43678466217334144,4,44.65198285738163,1.0021697046194835,21.03889941503285,48.66611018582486,2.25,0.0,0,0,0,0,0,19.92,0.0,2,0,0,2,0,19.92,0.0,2,0,0,2,0,19.92,0.0,2,0,0,2,0
Wade_Reef,2020,Heatwave_Only,6.41,0.0,2018,2020,0,3.54026483585589,2.248662413223785,1.291602422632105,1.291602422632105,0.3648321474570839,0.3648321474570839,9,79.81745905508636,0.8890469482638154,7.883224670513119,46.35392088707765,2.91,0.0,0,0,0,0,0,3.57,0.0,0,0,0,0,0,5.55,0.0,0,0,0,0,0,6.210000000000001,0.0,0,0,0,0,0
Wade_Reef,2021,Heatwave_Only,12.45,0.0,2020,2022,1,2.248662413223785,6.984299339923174,-4.735636926699389,0.0,-2.105979492008391,-1.0,1,83.37741273654693,3.328509999618196,9.147719116741584,52.047824694530384,8.25,0.0,1,0,0,1,0,9.69,0.0,1,0,0,1,0,9.98,0.0,1,0,0,1,0,11.96,0.0,1,0,0,1,0
Wade_Reef,2024,Heatwave_Only,9.33,0.0,2023,2024,0,8.98056067818521,14.239840379719848,-5.259279701534638,0.0,-0.5856293264974,-0.5856293264974,3,73.45806859956046,5.042707685731447,24.76362532271549,75.39250150493977,14.729999999999999,0.0,1,0,0,1,0,21.44,0.0,2,0,0,2,0,24.05,0.0,2,0,0,2,0,24.42,0.0,2,0,0,2,0
Wade_Reef,2025,Heatwave_Only,14.33,0.0,2024,2026,1,14.239840379719848,18.8237685019782,-4.583928122258353,0.0,-0.32190867313279087,-0.32190867313279087,1,66.78718537023323,5.012311222515856,22.278302025163207,50.8417443452616,11.61,0.0,1,0,0,1,0,30.47,0.0,3,0,0,2,0,32.31,0.0,3,0,0,2,0,33.379999999999995,0.0,3,0,0,2,0
Wreck_Island,1994,Storm_Only,0.0,18.66072077154937,1993,1996,2,13.847044851766018,42.330052553719625,-28.483007701953607,0.0,-2.0569737447135483,-1.0,2,84.16836258329195,2.7172827201529466,,,3.08,18.51984,0,1,0,0,1,3.25,18.51984,0,1,0,0,1,3.25,18.51984,0,1,0,0,1,3.25,18.51984,0,1,0,0,1
Wreck_Island,2020,Heatwave_Only,6.48,0.0,2019,2023,3,67.79791363105726,58.88581794348987,8.912095687567387,8.912095687567387,0.1314508841092845,0.1314508841092845,26,29.3921648358474,0.4390807977529791,25.68571078594848,49.147392270020006,2.84,0.0,0,0,0,0,0,3.88,0.0,0,0,0,0,0,3.88,0.0,0,0,0,0,0,3.88,0.0,0,0,0,0,0
Wreck_Island,2024,Heatwave_Only,11.64,0.0,2023,2026,2,58.88581794348987,14.374392023162123,44.511425920327746,44.511425920327746,0.7558938208694563,0.7558938208694563,4,39.303100884266726,1.621456818042914,10.114518519548373,58.43431636961496,1.59,0.0,0,0,0,0,0,8.07,0.0,1,0,0,1,0,10.91,0.0,1,0,0,1,0,10.91,0.0,1,0,0,1,0
Yonge_Reef,2014,Storm_Only,0.29,41.000868,2013,2017,3,21.89114874206956,7.237340921996596,14.653807820072965,14.653807820072965,0.6693941918137829,0.6693941918137829,24,80.42952211638263,2.349473122359973,25.2264433763392,57.832049323415845,4.57,0.0,0,0,0,0,0,10.27,0.0,0,0,0,0,0,12.35,0.0,0,0,0,0,0,12.79,0.0,0,0,0,0,0
Yonge_Reef,2015,Storm_Only,1.37,29.117304,2013,2017,2,21.89114874206956,7.237340921996596,14.653807820072965,14.653807820072965,0.6693941918137829,0.6693941918137829,25,80.42952211638263,2.349473122359973,25.2264433763392,57.832049323415845,2.1799999999999997,0.0,0,0,0,0,0,7.640000000000001,0.0,0,0,0,0,0,11.49,0.0,0,0,0,0,0,12.639999999999999,0.0,0,0,0,0,0
Yonge_Reef,2016,Heatwave_Only,11.49,0.0,2015,2017,1,18.02390023621174,7.237340921996596,10.786559314215145,10.786559314215145,0.5984586672613685,0.5984586672613685,26,86.0519253169651,3.843962519893695,33.54953602886174,54.6561179047309,3.4,0.0,0,0,0,0,0,6.23,0.0,0,0,0,0,0,11.93,0.0,0,0,0,0,0,12.86,0.0,0,0,0,0,0
Yonge_Reef,2017,Heatwave_Only,8.93,0.0,2015,2017,0,18.02390023621174,7.237340921996596,10.786559314215145,10.786559314215145,0.5984586672613685,0.5984586672613685,1,86.0519253169651,3.843962519893695,33.54953602886174,54.6561179047309,13.15,0.0,1,0,0,1,0,15.04,0.0,1,0,0,1,0,20.5,0.0,1,0,0,1,0,23.419999999999998,0.0,1,0,0,1,0
Yonge_Reef,2020,Heatwave_Only,8.11,0.0,2019,2021,1,12.390629832750813,20.958403647046804,-8.567773814295991,0.0,-0.6914720179639069,-0.6914720179639069,3,94.11769738501972,4.834476009208178,16.5318866850253,65.23339183937517,9.530000000000001,0.0,1,0,0,1,0,22.39,0.0,2,0,0,2,0,24.42,0.0,2,0,0,2,0,24.570000000000004,0.0,2,0,0,2,0
Yonge_Reef,2021,Heatwave_Only,4.1,0.0,2019,2021,0,12.390629832750813,20.958403647046804,-8.567773814295991,0.0,-0.6914720179639069,-0.6914720179639069,1,94.11769738501972,4.834476009208178,16.5318866850253,65.23339183937517,8.709999999999999,0.0,1,0,0,1,0,29.130000000000003,0.0,3,0,0,2,0,30.79,0.0,3,0,0,2,0,32.53,0.0,3,0,0,2,0
Yonge_Reef,2022,Heatwave_Only,4.65,0.0,2021,2022,0,20.958403647046804,30.16218990563604,-9.203786258589236,0.0,-0.43914538595529523,-0.43914538595529523,1,84.74539980455988,5.101218301497849,15.170672757201428,56.84934667767412,12.67,0.0,2,0,0,2,0,21.740000000000002,0.0,3,0,0,2,0,34.6,0.0,4,0,0,2,0,34.89,0.0,4,0,0,2,0
Yonge_Reef,2024,Heatwave_Only,8.08,0.0,2023,2024,0,31.30164473481428,36.75107955712552,-5.449434822311243,0.0,-0.1740942007513835,-0.1740942007513835,2,73.6050755869958,4.872973277661518,19.899226536691103,62.222487821029446,11.129999999999999,0.0,2,0,0,2,0,19.7,0.0,3,0,0,3,0,28.77,0.0,4,0,0,3,0,40.260000000000005,0.0,5,0,0,3,0
Yonge_Reef,2025,Heatwave_Only,8.290000000000001,0.0,2024,2025,0,36.75107955712552,42.648379208756,-5.897299651630476,0.0,-0.16046602501740856,-0.16046602501740856,1,67.59944238269397,3.9624028127911006,22.746729815560503,101.02200870456248,15.11,0.0,2,0,0,1,0,27.32,0.0,4,0,0,3,0,27.92,0.0,4,0,0,3,0,36.85,0.0,5,0,0,3,0
